<?xml version="1.0" encoding="utf-8"?>
<TEI xmlns="http://www.tei-c.org/ns/1.0">
 <teiHeader>
  <fileDesc>
   <titleStmt>
    <title xml:lang="fr">
     DAFANCH96_023MIC07633_L-0-tei
    </title>
    <author>
     Lectaurep
    </author>
    <funder>
     Ministry of Higher Education, Research and Innovation
    </funder>
    <respStmt>
     <resp>
      Edited and encoded by
     </resp>
     <persName>
      <forename>
       Alix
      </forename>
      <surname>
       Chagué
      </surname>
     </persName>
    </respStmt>
    <respStmt>
     <resp>
      Edited and encoded by
     </resp>
     <persName>
      <forename>
       Hugo
      </forename>
      <surname>
       Scheithauer
      </surname>
     </persName>
    </respStmt>
    <respStmt>
     <resp>
      Transcription by
     </resp>
     <orgName>
      Département du Minutier central des notaires de Paris
     </orgName>
    </respStmt>
    <respStmt>
     <resp>
      Digitization by
     </resp>
     <orgName>
      Archives nationales
     </orgName>
    </respStmt>
   </titleStmt>
   <publicationStmt>
    <authority>
     Lectaurep (Archives nationales, Inria)
    </authority>
    <availability>
     <licence target="https://creativecommons.org/licenses/by/4.0/">
      <p>
       Distributed under a Creative Commons Attribution 4.0 International (CC BY 4.0)
      </p>
     </licence>
    </availability>
    <date when-iso="[1874-01-2020, 1874-12-2020, 1875-01-2020, 1875-12-2020]"/>
   </publicationStmt>
   <seriesStmt>
    <title type="main">
     Répertoires de notaires de Paris
    </title>
   </seriesStmt>
   <sourceDesc>
    <p/>
   </sourceDesc>
  </fileDesc>
  <encodingDesc>
   <projectDesc>
    <p>
     L'encodage de ce document s'est fait dans le cadre du projet LECTAUREP
    </p>
   </projectDesc>
   <editorialDecl>
    <correction>
     <p xml:lang="fr">
      Aucune correction
     </p>
    </correction>
    <hyphenation eol="all" rend="sh">
     <p>
      Toutes les coupures de mots pour fin de ligne (indiquées principalement avec un tiretsimple) ont été conservées.
     </p>
    </hyphenation>
   </editorialDecl>
  </encodingDesc>
  <revisionDesc>
   <change when="2021-06-18T13:47:22.981679+00:00">
    Creation
   </change>
   <change when="2021-06-18T13:47:22.981704+00:00">
    Last change
   </change>
  </revisionDesc>
 </teiHeader>
 <sourceDoc>
  <surfaceGrp type="structure_{type:col_1;}" xml:id="eSc_textblock_a5c6ac11">
   <surface>
    <graphic height="2944px" url="DAFANCH96_023MIC07633_L-0.jpg" width="2048px"/>
    <zone points="289,586 317,556 348,555 356,559 388,554 388,603 360,603 349,595 338,603 331,597 291,594" xml:id="eSc_line_746878ea">
     <line>
      852
     </line>
    </zone>
    <zone points="294,694 318,674 336,670 341,676 372,674 385,688 386,702 383,715 358,716 347,724 337,715 313,716 296,695" xml:id="eSc_line_38ccd069">
     <line>
      853
     </line>
    </zone>
    <zone points="284,821 321,790 331,789 339,796 346,790 366,796 385,787 385,832 365,837 330,837 323,833 301,836 286,851" xml:id="eSc_line_882ca77e">
     <line>
      854
     </line>
    </zone>
    <zone points="275,978 276,973 286,976 322,932 339,946 377,947 397,966 378,968 362,988 349,981 336,981 283,1045" xml:id="eSc_line_74ac078f">
     <line>
      855
     </line>
    </zone>
    <zone points="300,1471 303,1455 318,1456 340,1447 357,1456 360,1471 357,1491 301,1491" xml:id="eSc_line_dc2dbe0b">
     <line>
      1
     </line>
    </zone>
    <zone points="302,1555 303,1532 334,1528 367,1553 349,1555 333,1572 304,1568" xml:id="eSc_line_8d681891">
     <line>
      2
     </line>
    </zone>
    <zone points="302,1619 322,1600 333,1604 347,1618 356,1619 345,1619 318,1645 304,1644" xml:id="eSc_line_ce7919fa">
     <line>
      3
     </line>
    </zone>
    <zone points="298,1746 320,1723 326,1722 341,1725 354,1744 352,1763 333,1764 324,1773 312,1772 300,1764" xml:id="eSc_line_73588b23">
     <line>
      4
     </line>
    </zone>
    <zone points="296,1941 298,1934 318,1916 335,1916 360,1941 358,1957 326,1958 319,1965 298,1964" xml:id="eSc_line_a54361c3">
     <line>
      5
     </line>
    </zone>
    <zone points="287,2134 296,2133 332,2103 371,2132 337,2134 315,2157 289,2154" xml:id="eSc_line_9ad53e27">
     <line>
      6
     </line>
    </zone>
    <zone points="298,2254 301,2228 332,2226 342,2228 355,2242 362,2243 364,2256 361,2268 333,2269 310,2285 299,2286" xml:id="eSc_line_90eb9a58">
     <line>
      7
     </line>
    </zone>
    <zone points="300,2441 301,2403 344,2403 345,2459 321,2458 302,2467" xml:id="eSc_line_bc16d562">
     <line>
      8
     </line>
    </zone>
   </surface>
  </surfaceGrp>
  <surfaceGrp type="structure_{type:col_5;}" xml:id="eSc_textblock_38d68d65">
   <surface>
    <graphic height="2944px" url="DAFANCH96_023MIC07633_L-0.jpg" width="2048px"/>
    <zone points="940,537 943,515 955,520 985,498 1006,510 1027,508 1039,516 1054,515 1090,492 1113,506 1134,512 1153,498 1165,499 1178,509 1246,506 1272,490 1306,515 1340,492 1360,507 1369,506 1390,516 1445,475 1480,475 1524,507 1579,506 1597,513 1608,506 1625,510 1635,507 1681,476 1749,526 1752,535 1749,546 1728,548 1578,546 1542,553 1516,549 1505,554 1492,547 1463,546 1438,554 1416,550 1381,554 1366,547 1328,548 1308,534 1286,549 1270,541 1235,551 1209,551 1186,534 1171,534 1124,568 1098,550 1064,547 1049,536 1010,554 988,544 976,546 964,537" xml:id="eSc_line_c685d6b6">
     <line>
      An 1874 mois de Décembre
     </line>
    </zone>
    <zone points="918,576 955,553 986,544 1011,559 1018,557 1031,564 1066,563 1077,555 1100,553 1122,569 1128,567 1141,575 1173,554 1190,562 1221,565 1245,554 1260,564 1313,563 1320,558 1343,567 1350,562 1368,571 1392,556 1412,550 1438,558 1469,556 1478,550 1492,549 1504,557 1524,554 1542,562 1554,554 1568,561 1587,547 1603,548 1610,553 1620,547 1642,546 1666,546 1686,560 1691,556 1703,564 1714,556 1728,563 1745,560 1755,564 1758,574 1751,588 1679,587 1667,579 1642,578 1603,586 1561,586 1551,591 1539,583 1522,588 1463,586 1411,590 1375,580 1362,587 1348,588 1254,588 1243,595 1233,595 1218,584 1173,587 1159,596 1144,586 1127,596 1116,596 1098,587 1082,595 1058,596 1050,590 1029,595 1019,588 1002,592 995,587 951,595 923,577" xml:id="eSc_line_337b98ba">
     <line>
      Bonnet (par Germain Martial) dt à Paris rue
     </line>
    </zone>
    <zone points="918,620 920,601 930,594 956,608 992,589 1016,604 1046,592 1080,602 1100,588 1142,610 1174,600 1189,603 1218,586 1234,597 1251,595 1269,603 1291,595 1302,603 1326,586 1360,589 1373,581 1384,586 1393,583 1414,598 1456,594 1471,602 1481,596 1499,605 1523,587 1537,583 1556,596 1572,595 1589,601 1612,583 1665,580 1677,589 1696,587 1728,607 1723,628 1705,624 1659,626 1651,621 1639,626 1626,622 1592,628 1573,626 1563,620 1554,627 1519,623 1493,626 1481,619 1465,620 1458,625 1387,627 1365,619 1329,632 1319,625 1256,628 1187,626 1180,622 1144,629 1107,627 1099,633 1088,626 1046,630 1031,624 1003,626 986,633 961,620 921,627" xml:id="eSc_line_7a7a45ab">
     <line>
      de Chateaudun n°23 à de Honorine Marie Therèse
     </line>
    </zone>
    <zone points="896,655 898,640 906,634 925,636 946,623 971,642 1006,627 1033,625 1046,635 1070,627 1091,641 1106,636 1126,651 1147,635 1176,623 1196,634 1208,627 1249,626 1267,638 1276,636 1287,642 1299,636 1309,644 1323,644 1357,623 1378,628 1395,641 1415,633 1441,637 1474,620 1482,620 1494,629 1510,625 1536,628 1552,640 1569,627 1597,643 1607,635 1627,634 1643,639 1679,636 1684,637 1687,655 1667,665 1659,660 1589,659 1563,666 1555,662 1519,666 1503,675 1491,676 1469,659 1444,666 1187,665 1170,669 1151,666 1137,655 1128,655 1106,668 1084,667 1072,658 1058,667 1000,668 977,662 963,668 898,668" xml:id="eSc_line_f48a5d51">
     <line>
      Hardel sa fe dt avec lui à l'effet de XXX
     </line>
    </zone>
    <zone points="908,704 911,689 929,693 977,662 990,664 1013,680 1040,667 1060,681 1081,676 1098,688 1117,694 1127,693 1160,669 1181,681 1202,676 1210,682 1237,667 1254,665 1269,675 1289,677 1303,666 1315,665 1344,684 1362,670 1381,681 1399,672 1409,674 1415,670 1426,675 1439,666 1456,667 1466,660 1492,676 1510,675 1523,682 1585,660 1654,661 1684,674 1695,672 1708,681 1728,667 1753,665 1760,689 1753,699 1648,701 1631,707 1593,700 1579,706 1546,702 1535,708 1496,709 1482,700 1468,707 1413,703 1393,707 1378,702 1362,714 1346,717 1329,706 1150,709 1130,698 1117,706 1101,698 1092,705 1069,708 991,706 957,708 948,714 938,714 925,705 910,705" xml:id="eSc_line_f1ffb3e5">
     <line>
      Boudois (par Roseline) ve d'Auguste Pilboue dt
     </line>
    </zone>
    <zone points="894,738 907,724 913,726 939,714 972,707 994,707 1000,711 1018,708 1033,718 1048,716 1084,731 1098,723 1111,728 1135,722 1192,722 1213,713 1233,717 1249,727 1268,715 1282,720 1292,715 1334,715 1354,722 1375,709 1393,719 1411,707 1424,706 1474,705 1490,716 1502,708 1511,708 1525,717 1552,707 1580,706 1598,717 1615,706 1634,710 1648,705 1673,709 1703,702 1722,715 1745,720 1764,708 1785,722 1789,734 1785,747 1769,757 1737,744 1679,748 1649,741 1642,746 1609,745 1572,767 1536,746 1517,744 1479,753 1446,741 1427,746 1329,746 1317,750 1294,737 1260,748 1250,744 1239,748 1147,745 954,750 939,746 914,748 901,743 896,746" xml:id="eSc_line_befd740f">
     <line>
      à Paris rue Caumartin n°75 et Adèle) ve de Jules Laurence
     </line>
    </zone>
    <zone points="910,769 911,755 917,758 938,748 956,751 964,759 974,753 1002,768 1025,757 1033,763 1042,762 1057,748 1072,761 1096,758 1103,763 1119,764 1136,749 1155,746 1166,747 1198,770 1218,755 1224,759 1234,749 1244,756 1264,755 1270,750 1288,763 1309,761 1322,748 1348,748 1375,762 1390,747 1407,753 1414,747 1424,750 1452,744 1475,753 1507,748 1526,764 1529,775 1515,785 1507,781 1500,786 1485,779 1454,787 1427,786 1419,778 1401,786 1373,786 1366,779 1353,779 1337,781 1308,796 1290,778 1273,778 1259,784 1247,773 1234,773 1220,786 1210,785 1197,772 1180,786 1150,788 1134,784 1117,786 1112,782 1046,789 1016,788 989,781 960,787 919,787 911,793" xml:id="eSc_line_2a3d1581">
     <line>
      dt au même lieu à l'effet de toucher
     </line>
    </zone>
    <zone points="930,814 961,789 981,782 1008,786 1021,795 1032,796 1100,795 1114,786 1132,785 1143,793 1158,786 1187,788 1200,797 1219,787 1238,790 1263,783 1286,800 1303,804 1326,787 1354,779 1377,795 1392,795 1410,782 1418,788 1427,786 1445,799 1480,779 1505,794 1520,795 1545,782 1552,787 1568,787 1582,797 1615,779 1630,778 1653,794 1679,795 1692,787 1702,794 1752,795 1755,809 1752,817 1731,818 1720,812 1709,820 1690,820 1669,830 1651,817 1596,819 1587,827 1573,820 1455,818 1350,822 1332,819 1321,827 1306,816 1285,821 1224,819 1193,828 1164,828 1148,817 1127,827 1116,820 1082,828 1026,829 1001,827 994,822 971,827 961,820 953,826 932,825" xml:id="eSc_line_cd4445b1">
     <line>
      Roussel (par Luce Geneviève Ernestine Rouger
     </line>
    </zone>
    <zone points="903,856 905,840 930,826 967,837 1000,835 1015,845 1042,828 1066,842 1089,828 1115,821 1149,839 1170,827 1179,827 1194,837 1228,819 1255,832 1267,825 1274,830 1292,820 1318,835 1331,827 1355,830 1377,820 1405,836 1435,820 1453,828 1490,827 1504,836 1523,827 1537,836 1556,826 1575,825 1589,833 1602,824 1624,827 1650,819 1674,835 1692,835 1699,840 1723,832 1753,841 1769,836 1795,848 1792,860 1776,859 1767,853 1753,860 1717,859 1705,851 1691,858 1638,863 1616,858 1484,862 1465,858 1368,858 1338,876 1323,876 1308,866 1279,859 1243,859 1234,866 1211,859 1193,868 1105,868 1096,863 1075,868 1061,859 977,868 953,860 938,862 917,876 906,870" xml:id="eSc_line_52cdd9bd">
     <line>
      épouse de Charles Nicolas) domiciliée de droit avec son
     </line>
    </zone>
    <zone points="901,893 904,886 925,874 946,879 974,876 994,888 1026,867 1035,866 1042,871 1058,861 1083,875 1092,871 1099,876 1117,875 1128,866 1144,874 1169,867 1189,875 1212,860 1239,874 1258,875 1277,866 1306,867 1333,883 1345,874 1387,874 1399,878 1419,875 1425,879 1444,866 1460,874 1472,874 1492,860 1517,876 1562,865 1571,871 1581,866 1594,870 1611,868 1624,877 1648,861 1658,867 1671,867 1682,859 1704,853 1719,861 1730,859 1738,864 1752,860 1768,866 1772,885 1747,899 1716,900 1706,893 1693,894 1683,901 1667,896 1635,896 1620,901 1569,896 1550,899 1537,908 1523,900 1491,897 1411,897 1401,902 1338,897 1297,899 1284,890 1274,897 1254,899 1181,901 1158,897 1139,904 1126,896 1017,900 1005,893 981,901 949,900 939,907 927,900 910,908 904,904" xml:id="eSc_line_957e1b85">
     <line>
      mari place royale n°9 - mais résidant rue de Tivoli
     </line>
    </zone>
    <zone points="898,929 900,913 905,908 916,916 929,912 943,916 952,907 984,907 997,899 1007,909 1021,908 1035,916 1043,908 1050,908 1060,918 1094,900 1127,897 1137,906 1153,899 1172,899 1194,921 1210,907 1224,908 1236,920 1253,908 1277,914 1326,915 1328,929 1326,938 1313,934 1300,940 1267,939 1258,946 1242,930 1228,939 1184,936 1148,940 1141,946 1123,936 1104,951 1090,937 1083,939 1061,929 1045,931 1037,939 1022,929 1003,929 985,947 967,929 953,939 908,939 900,934" xml:id="eSc_line_b9c0a81d">
     <line>
      n°1er à l'effet de gérer
     </line>
    </zone>
    <zone points="928,969 931,954 964,930 986,945 1014,930 1039,943 1068,932 1102,955 1109,954 1129,966 1166,939 1184,948 1209,949 1217,945 1234,957 1269,939 1304,954 1325,955 1357,938 1375,936 1392,947 1401,940 1424,940 1440,928 1460,941 1486,937 1537,954 1578,924 1605,922 1628,937 1646,931 1672,949 1734,946 1750,957 1760,954 1763,959 1747,970 1613,971 1594,986 1571,971 1516,971 1499,976 1485,970 1448,979 1432,969 1409,971 1396,979 1381,970 1360,971 1343,981 1328,970 1304,979 1267,979 1257,972 1243,978 1228,970 1203,979 1187,975 1179,980 1161,969 1148,975 1137,967 1122,969 1105,980 1091,973 1076,979 1057,971 1023,979 980,980 947,979 930,969" xml:id="eSc_line_6eeff312">
     <line>
      Thiébaud (par Marie Joseph Ange Déglise avoué
     </line>
    </zone>
    <zone points="920,1008 923,994 937,986 948,986 961,994 980,980 1038,980 1050,973 1064,974 1102,995 1127,977 1144,978 1161,990 1182,980 1196,987 1226,971 1256,990 1273,983 1284,991 1304,986 1325,1000 1381,969 1397,979 1408,971 1434,971 1475,993 1500,976 1520,972 1564,997 1583,987 1620,987 1645,972 1657,971 1675,983 1695,971 1716,971 1766,1003 1737,1011 1681,1011 1668,1019 1648,1011 1624,1017 1610,1007 1602,1011 1485,1012 1475,1018 1445,1009 1359,1012 1349,1017 1332,1010 1277,1011 1256,1026 1247,1026 1228,1015 1193,1020 1179,1013 1160,1022 1145,1011 1134,1017 1110,1008 1081,1012 1067,1020 967,1015 922,1019" xml:id="eSc_line_ee96b6ba">
     <line>
      et de Louise Josephine) sa fe dt à Paris, rue Guillou
     </line>
    </zone>
    <zone points="903,1047 905,1029 952,1025 964,1029 982,1018 1015,1035 1028,1026 1045,1028 1056,1020 1065,1022 1082,1014 1107,1030 1134,1024 1147,1033 1157,1027 1186,1028 1199,1019 1217,1016 1238,1028 1275,1027 1299,1011 1316,1018 1330,1011 1343,1018 1362,1012 1383,1026 1394,1026 1425,1013 1453,1009 1474,1021 1483,1018 1498,1028 1529,1026 1546,1032 1575,1012 1588,1011 1615,1023 1639,1012 1660,1026 1681,1029 1705,1024 1714,1029 1728,1018 1742,1018 1761,1031 1793,1036 1777,1037 1747,1052 1726,1050 1713,1060 1694,1052 1664,1050 1540,1049 1509,1053 1488,1049 1418,1053 1376,1047 1367,1051 1320,1050 1308,1058 1296,1050 1267,1050 1246,1059 1234,1051 1205,1052 1196,1058 1178,1047 1134,1064 1110,1048 1092,1047 1084,1053 1071,1044 1053,1052 1024,1052 1016,1047 992,1054 977,1052 967,1059 942,1055 924,1058 908,1047" xml:id="eSc_line_e90de7a9">
     <line>
      n°20 et Georges Joseph) dt à Paris rue Saint Maur n°73
     </line>
    </zone>
    <zone points="918,1086 921,1066 941,1058 958,1067 983,1057 1025,1067 1042,1055 1048,1059 1062,1051 1098,1070 1111,1063 1124,1069 1139,1067 1160,1051 1176,1048 1195,1060 1222,1058 1233,1065 1257,1053 1273,1051 1298,1067 1325,1050 1344,1060 1358,1051 1386,1051 1392,1055 1412,1052 1422,1059 1432,1052 1452,1059 1464,1051 1474,1051 1488,1061 1520,1058 1535,1064 1561,1052 1571,1052 1603,1067 1620,1058 1659,1067 1681,1052 1699,1063 1714,1060 1723,1065 1738,1059 1752,1067 1762,1060 1784,1073 1781,1095 1767,1105 1736,1087 1610,1091 1599,1083 1560,1090 1512,1089 1496,1094 1479,1084 1444,1093 1369,1091 1358,1084 1345,1088 1329,1084 1286,1093 1254,1089 1193,1093 921,1091" xml:id="eSc_line_050ddd8e">
     <line>
      à Marie Henriette Souchet dt à Bagnolet grande rue
     </line>
    </zone>
    <zone points="898,1118 902,1090 935,1107 950,1099 979,1099 986,1103 992,1099 1053,1098 1059,1102 1079,1098 1088,1103 1099,1098 1105,1102 1118,1093 1128,1092 1150,1107 1169,1108 1185,1103 1203,1108 1230,1091 1256,1090 1282,1108 1291,1108 1326,1086 1345,1088 1351,1084 1390,1106 1403,1099 1416,1107 1438,1111 1458,1097 1480,1109 1506,1090 1548,1100 1567,1113 1591,1101 1598,1103 1614,1092 1627,1091 1659,1107 1683,1091 1718,1112 1763,1105 1767,1113 1764,1141 1747,1131 1674,1126 1661,1117 1639,1131 1633,1127 1598,1127 1571,1138 1555,1127 1521,1126 1457,1132 1434,1128 1424,1133 1405,1128 1293,1133 1153,1131 1143,1137 1133,1130 1102,1133 1086,1122 1067,1131 1022,1132 999,1120 978,1133 920,1130 900,1141" xml:id="eSc_line_b3d54449">
     <line>
      n°85 ve de Jacques XXX Chevreau de deux pièces de
     </line>
    </zone>
    <zone points="901,1167 905,1138 913,1143 921,1138 949,1139 988,1163 1014,1147 1027,1148 1048,1159 1065,1147 1081,1145 1092,1149 1106,1139 1129,1147 1154,1131 1172,1131 1184,1140 1210,1131 1235,1147 1248,1148 1267,1138 1290,1154 1327,1131 1347,1139 1356,1138 1366,1145 1373,1140 1381,1145 1402,1130 1421,1139 1451,1139 1462,1146 1480,1149 1493,1148 1505,1139 1519,1149 1534,1146 1546,1150 1563,1138 1573,1137 1586,1138 1597,1146 1618,1137 1640,1148 1662,1138 1687,1138 1723,1156 1726,1165 1722,1172 1693,1172 1667,1181 1638,1172 1415,1171 1399,1179 1391,1173 1375,1171 1287,1171 1275,1179 1258,1173 1229,1173 1213,1185 1194,1172 1183,1176 1161,1168 1134,1171 1124,1179 1112,1173 1097,1180 1082,1176 1067,1179 1042,1196 1026,1196 1002,1179 976,1176 912,1180 903,1176" xml:id="eSc_line_fbd940e6">
     <line>
      terre au Pré St Gervais lieud. : les Mauxiur de 4a. 27c.
     </line>
    </zone>
    <zone points="898,1207 900,1177 915,1189 958,1177 973,1188 987,1188 993,1194 1002,1188 1009,1194 1015,1188 1026,1196 1041,1196 1054,1195 1067,1185 1086,1189 1118,1187 1128,1179 1142,1176 1167,1199 1191,1178 1200,1177 1211,1187 1230,1187 1248,1204 1256,1204 1285,1178 1305,1187 1323,1180 1356,1195 1364,1187 1411,1186 1419,1179 1427,1184 1446,1171 1461,1171 1472,1182 1487,1185 1508,1179 1529,1202 1526,1212 1516,1219 1506,1210 1437,1214 1420,1211 1411,1219 1394,1210 1355,1212 1348,1219 1313,1219 1286,1234 1249,1205 1231,1213 1181,1212 1161,1205 1150,1214 1137,1208 1119,1211 1092,1235 1084,1234 1075,1240 1051,1218 916,1219 903,1207" xml:id="eSc_line_29f0f2ac">
     <line>
      chacune moyt 800+ payés comptant.
     </line>
    </zone>
    <zone points="992,1322 993,1313 1040,1266 1053,1260 1083,1259 1100,1276 1123,1276 1135,1267 1156,1277 1243,1277 1271,1273 1289,1288 1302,1275 1312,1275 1337,1254 1354,1266 1368,1253 1379,1250 1395,1250 1403,1256 1408,1251 1445,1250 1456,1258 1467,1252 1485,1260 1488,1319 1458,1319 1444,1333 1411,1329 1370,1369 1360,1367 1322,1330 1301,1339 1282,1329 1207,1333 1155,1329 1117,1334 1097,1330 1074,1333 993,1329" xml:id="eSc_line_95b781aa">
     <line>
      Année 1875
     </line>
    </zone>
    <zone points="1051,1403 1052,1395 1089,1356 1097,1363 1121,1364 1138,1379 1148,1379 1156,1371 1169,1383 1186,1367 1204,1371 1214,1380 1235,1366 1247,1372 1264,1371 1281,1379 1297,1370 1304,1371 1314,1361 1327,1371 1338,1370 1345,1363 1363,1368 1371,1368 1377,1362 1397,1363 1429,1391 1427,1403 1412,1403 1404,1412 1388,1405 1377,1413 1370,1409 1349,1413 1335,1403 1281,1405 1269,1411 1251,1405 1241,1412 1228,1403 1214,1403 1204,1412 1193,1413 1171,1401 1147,1419 1137,1419 1120,1405 1108,1412 1086,1413 1070,1402" xml:id="eSc_line_19489b67">
     <line>
      Mois de Janvier 1875.
     </line>
    </zone>
    <zone points="896,1472 901,1437 915,1425 1043,1425 1065,1447 1326,1447 1348,1425 1382,1447 1407,1447 1443,1425 1463,1437 1475,1425 1500,1425 1520,1442 1547,1445 1566,1425 1632,1425 1655,1447 1750,1447 1755,1472 1689,1476 1679,1486 1382,1486 1370,1476 901,1484" xml:id="eSc_line_d2b1b79e">
     <line>
      Le Roy (par marie Charlotte) dt à Paris avenue
     </line>
    </zone>
    <zone points="895,1514 897,1496 907,1496 912,1491 935,1490 952,1499 978,1483 1034,1483 1057,1505 1072,1494 1082,1497 1104,1478 1120,1491 1136,1475 1154,1489 1162,1489 1178,1504 1200,1490 1218,1507 1226,1507 1249,1484 1267,1481 1278,1490 1290,1490 1311,1480 1351,1492 1360,1484 1372,1483 1395,1502 1408,1491 1419,1490 1458,1492 1464,1498 1484,1492 1497,1504 1501,1500 1504,1504 1492,1505 1477,1520 1460,1522 1416,1522 1399,1506 1386,1517 1345,1513 1334,1521 1316,1518 1310,1523 1297,1523 1283,1537 1275,1532 1271,1536 1256,1522 1243,1521 1228,1508 1212,1509 1200,1522 1184,1509 1163,1509 1150,1522 1137,1524 1035,1522 1026,1517 994,1524 983,1515 966,1516 956,1522 918,1522 903,1537 897,1537" xml:id="eSc_line_3f3dcab0">
     <line>
      de Clichy n°48 à l'effet de gérer
     </line>
    </zone>
    <zone points="895,1550 898,1537 915,1544 945,1523 979,1516 995,1525 1004,1520 1028,1518 1052,1532 1069,1523 1082,1532 1114,1530 1126,1538 1153,1525 1171,1530 1179,1524 1220,1536 1240,1523 1252,1522 1280,1538 1309,1539 1332,1523 1353,1518 1369,1526 1378,1520 1399,1533 1417,1521 1432,1530 1456,1522 1493,1525 1504,1524 1528,1511 1547,1524 1567,1524 1593,1516 1609,1527 1616,1522 1641,1521 1676,1527 1719,1503 1748,1522 1761,1520 1765,1540 1762,1557 1749,1555 1736,1564 1718,1554 1705,1556 1698,1551 1681,1563 1674,1563 1662,1555 1637,1555 1625,1550 1614,1556 1524,1554 1498,1558 1490,1553 1480,1559 1450,1558 1444,1562 1418,1558 1348,1561 1338,1556 1307,1555 1256,1563 1233,1555 1217,1562 1187,1557 1159,1564 1147,1557 1129,1570 1115,1562 1095,1563 1089,1559 1059,1569 1044,1560 983,1563 961,1557 897,1565" xml:id="eSc_line_42e0eab8">
     <line>
      Delavigne ( par Marie Antoinette Emilie ve de Henri
     </line>
    </zone>
    <zone points="902,1582 904,1567 921,1580 929,1576 937,1582 1010,1582 1041,1561 1057,1572 1066,1565 1089,1560 1105,1572 1121,1567 1140,1578 1158,1568 1170,1572 1188,1558 1202,1566 1235,1558 1251,1570 1261,1563 1279,1565 1297,1556 1308,1556 1326,1570 1345,1577 1360,1569 1402,1575 1417,1564 1445,1573 1473,1557 1491,1570 1531,1555 1547,1568 1581,1563 1609,1570 1625,1562 1664,1562 1696,1580 1699,1587 1696,1593 1664,1593 1652,1602 1637,1604 1619,1593 1378,1596 1341,1592 1333,1596 1282,1597 1194,1593 1177,1605 1160,1599 1146,1602 1138,1596 1124,1603 1113,1599 1084,1602 1055,1597 1031,1601 1008,1584 962,1587 955,1583 943,1583 920,1600 904,1593" xml:id="eSc_line_31c283c5">
     <line>
      Fçois Avenel) dt à Paris rue de la Santé n°29.
     </line>
    </zone>
    <zone points="933,1629 939,1609 955,1604 978,1588 989,1587 1007,1597 1017,1594 1031,1604 1058,1599 1089,1615 1106,1604 1115,1604 1126,1612 1150,1611 1160,1604 1184,1611 1197,1602 1219,1614 1252,1595 1270,1603 1297,1596 1309,1603 1330,1601 1351,1616 1373,1601 1406,1611 1439,1611 1449,1618 1460,1611 1478,1611 1499,1601 1517,1603 1528,1611 1543,1603 1553,1610 1564,1610 1585,1596 1604,1595 1624,1609 1646,1613 1664,1603 1690,1598 1714,1615 1741,1602 1761,1614 1764,1630 1747,1630 1737,1635 1711,1630 1675,1630 1666,1635 1571,1631 1558,1634 1553,1630 1522,1630 1513,1635 1153,1635 1142,1643 1130,1634 1113,1630 1094,1644 1074,1637 1056,1644 1029,1644 1017,1639 1005,1647 986,1634 936,1638" xml:id="eSc_line_6a0c618e">
     <line>
      Bigle (après le décès arrivé à son domicile à
     </line>
    </zone>
    <zone points="898,1663 901,1652 929,1635 968,1639 986,1634 1010,1651 1047,1650 1062,1659 1073,1660 1109,1636 1121,1633 1142,1644 1158,1636 1178,1647 1193,1637 1210,1645 1226,1642 1249,1658 1263,1651 1273,1654 1293,1642 1312,1647 1325,1641 1362,1642 1375,1651 1404,1636 1416,1635 1430,1643 1442,1637 1475,1655 1498,1642 1521,1656 1535,1654 1544,1660 1582,1635 1620,1636 1634,1646 1649,1639 1662,1642 1675,1633 1706,1633 1725,1635 1748,1651 1757,1647 1760,1663 1756,1673 1750,1675 1594,1674 1578,1684 1544,1672 1502,1675 1475,1692 1463,1692 1449,1682 1432,1685 1416,1675 1387,1673 1275,1672 1209,1677 1202,1682 1193,1676 1137,1676 1127,1683 1115,1684 1103,1676 1057,1677 1048,1682 1034,1675 986,1675 979,1680 966,1675 956,1682 927,1674 910,1680 900,1678" xml:id="eSc_line_07b94687">
     <line>
      Paris rue Delaborde n°11 le 29 9bre 1874 de Pierre
     </line>
    </zone>
    <zone points="868,1716 877,1714 899,1692 908,1694 926,1677 939,1677 953,1689 966,1682 973,1682 980,1689 986,1683 996,1683 1005,1692 1040,1690 1057,1701 1078,1691 1095,1691 1106,1699 1127,1701 1139,1690 1164,1691 1178,1677 1193,1691 1217,1690 1230,1682 1253,1691 1266,1684 1291,1683 1296,1688 1302,1682 1318,1684 1326,1676 1340,1676 1350,1684 1365,1674 1378,1683 1403,1683 1429,1700 1438,1700 1441,1709 1439,1715 1406,1717 999,1715 984,1728 969,1715 930,1716 914,1731 897,1716" xml:id="eSc_line_4675e78c">
     <line>
      Jules) en son vivant architecte
     </line>
    </zone>
    <zone points="901,1746 943,1716 965,1715 982,1727 994,1729 1019,1715 1039,1715 1051,1723 1074,1727 1116,1715 1140,1723 1165,1714 1179,1721 1189,1718 1210,1732 1230,1737 1261,1716 1271,1716 1295,1731 1312,1732 1335,1715 1348,1715 1368,1726 1375,1722 1395,1726 1416,1715 1435,1720 1458,1712 1487,1726 1506,1714 1514,1714 1528,1724 1542,1715 1556,1723 1590,1723 1598,1717 1618,1715 1649,1731 1660,1731 1681,1715 1707,1714 1717,1719 1728,1715 1741,1723 1744,1739 1718,1754 1685,1747 1629,1759 1609,1748 1600,1754 1532,1754 1518,1763 1503,1753 1483,1755 1475,1750 1454,1755 1373,1754 1365,1758 1355,1751 1337,1755 1317,1745 1284,1756 1254,1755 1240,1745 1219,1755 1171,1755 1161,1748 1136,1766 1123,1763 1106,1751 1092,1757 1029,1752 953,1758 944,1754 927,1756 917,1750 903,1760" xml:id="eSc_line_974447d8">
     <line>
      Vanderest (par jean Joseph marie) et Augustine
     </line>
    </zone>
    <zone points="908,1790 910,1770 935,1757 951,1768 971,1761 995,1775 1031,1751 1060,1754 1074,1763 1144,1763 1162,1776 1198,1754 1220,1755 1236,1765 1252,1756 1276,1763 1285,1755 1312,1748 1361,1774 1377,1763 1395,1769 1401,1766 1412,1772 1426,1762 1440,1762 1448,1755 1473,1751 1504,1770 1543,1755 1562,1765 1577,1757 1604,1775 1616,1768 1629,1771 1648,1757 1673,1748 1705,1755 1722,1754 1741,1770 1723,1778 1704,1773 1683,1788 1668,1778 1644,1793 1632,1784 1615,1792 1605,1790 1590,1799 1561,1792 1536,1794 1522,1788 1496,1795 1473,1791 1446,1794 1422,1787 1391,1788 1383,1794 1364,1786 1351,1795 1336,1796 1304,1795 1298,1791 1282,1794 1273,1788 1255,1796 1218,1796 1204,1791 1175,1795 1162,1786 1149,1795 1126,1795 1116,1789 1101,1796 1049,1797 1018,1791 1007,1797 929,1792 910,1803" xml:id="eSc_line_b788bebb">
     <line>
      Julie Hauté sa fe dt à Paris rue Lecourbe 84 à Fçois
     </line>
    </zone>
    <zone points="906,1827 908,1808 930,1792 960,1795 982,1810 995,1804 1005,1811 1040,1811 1059,1819 1105,1802 1130,1806 1162,1787 1176,1797 1192,1797 1202,1792 1210,1796 1227,1794 1242,1804 1273,1791 1292,1804 1318,1811 1333,1810 1347,1801 1363,1810 1393,1790 1417,1788 1440,1803 1454,1794 1476,1793 1489,1800 1527,1789 1559,1807 1577,1797 1598,1811 1610,1812 1627,1802 1640,1802 1652,1809 1669,1803 1690,1787 1700,1787 1712,1795 1746,1796 1757,1804 1761,1816 1734,1830 1722,1823 1706,1832 1695,1826 1677,1828 1652,1844 1632,1832 1581,1836 1548,1829 1539,1834 1516,1830 1499,1834 1482,1826 1449,1828 1441,1834 1418,1827 1354,1836 1306,1834 1283,1843 1266,1831 1212,1836 1170,1835 1164,1831 1126,1835 1116,1831 1109,1836 1090,1833 1032,1838 1001,1833 972,1836 964,1842 948,1834 934,1839 908,1835" xml:id="eSc_line_0ae5f060">
     <line>
      Heguinne et Adèle Virginie Pauline Giraudon sa fe dt
     </line>
    </zone>
    <zone points="893,1859 901,1845 918,1849 932,1859 946,1859 984,1836 1004,1833 1027,1847 1048,1836 1060,1836 1092,1858 1125,1836 1147,1832 1162,1831 1184,1846 1211,1837 1233,1850 1261,1834 1277,1845 1298,1845 1308,1851 1325,1852 1343,1842 1357,1848 1386,1830 1421,1827 1445,1844 1467,1829 1488,1827 1519,1844 1557,1842 1566,1848 1585,1835 1593,1840 1602,1836 1624,1851 1679,1835 1708,1844 1736,1829 1772,1851 1777,1864 1768,1864 1751,1875 1735,1874 1726,1868 1688,1867 1675,1873 1639,1868 1627,1876 1610,1872 1601,1876 1594,1871 1570,1874 1557,1865 1539,1875 1523,1870 1508,1876 1446,1877 1421,1890 1389,1871 1363,1872 1358,1876 1344,1875 1316,1892 1291,1875 1250,1875 1232,1862 1216,1873 1206,1869 1178,1881 1167,1874 990,1873 962,1878 939,1874 924,1876 896,1889" xml:id="eSc_line_3c4e56b8">
     <line>
      à Levallois Perret passage Touezlin n°33 à (en blanc
     </line>
    </zone>
    <zone points="888,1906 901,1905 916,1890 926,1890 937,1880 954,1895 976,1877 992,1874 1012,1890 1031,1876 1062,1874 1087,1892 1107,1891 1127,1875 1158,1899 1176,1883 1204,1884 1224,1875 1237,1888 1248,1883 1267,1898 1281,1893 1293,1903 1319,1899 1323,1905 1315,1917 1300,1909 1292,1914 1273,1911 1239,1916 1231,1908 1222,1914 1201,1916 1192,1909 1172,1908 1168,1904 1154,1904 1145,1913 1129,1916 1058,1909 1031,1918 1023,1910 1011,1921 999,1914 979,1925 967,1924 957,1914 921,1916 904,1907 895,1907 890,1912" xml:id="eSc_line_0dd200cf">
     <line>
      à l'effet de vendre.
     </line>
    </zone>
    <zone points="901,1940 920,1939 951,1916 967,1925 980,1925 995,1917 1005,1924 1020,1913 1030,1919 1042,1919 1059,1910 1075,1910 1099,1927 1104,1923 1141,1923 1151,1916 1184,1908 1202,1919 1221,1915 1240,1926 1272,1913 1308,1916 1323,1925 1354,1909 1361,1913 1371,1907 1383,1915 1412,1915 1423,1923 1482,1923 1497,1931 1517,1933 1543,1915 1558,1923 1584,1926 1618,1904 1657,1912 1672,1906 1705,1907 1723,1920 1726,1940 1723,1946 1715,1948 1594,1950 1528,1950 1514,1941 1500,1948 1437,1948 1409,1955 1380,1940 1364,1948 1347,1940 1328,1954 1316,1946 1288,1949 1266,1940 1240,1959 1228,1950 1218,1955 1202,1954 1195,1949 1167,1949 1143,1956 1118,1948 1107,1955 1086,1940 1059,1956 1001,1956 984,1951 954,1955 946,1949 938,1952 921,1940 903,1940" xml:id="eSc_line_9ff1c5fa">
     <line>
      Guëll y Baro (de Son donnée par Isabel
     </line>
    </zone>
    <zone points="879,1984 883,1975 901,1963 945,1949 972,1965 1003,1964 1023,1955 1050,1966 1065,1956 1084,1955 1095,1949 1107,1956 1119,1949 1134,1951 1146,1959 1167,1950 1189,1950 1212,1954 1228,1965 1254,1956 1270,1956 1281,1949 1297,1957 1315,1946 1330,1956 1345,1948 1359,1948 1383,1962 1399,1954 1426,1956 1440,1949 1464,1963 1491,1948 1509,1948 1521,1956 1536,1948 1549,1947 1564,1956 1578,1949 1590,1956 1608,1947 1654,1962 1675,1948 1686,1948 1708,1962 1734,1964 1765,1944 1771,1948 1775,1973 1771,1986 1728,1985 1709,1995 1694,1988 1634,1987 1623,1981 1595,1988 1511,1987 1503,1993 1486,1983 1465,1988 1383,1986 1338,1990 1283,1990 1265,1984 1213,1986 1195,1995 1187,1991 1170,2003 1147,1988 1134,1994 1116,1988 1092,1995 1072,1988 1060,1995 1036,1986 1014,1994 965,1988 957,1993 917,1995 904,2004 881,1990" xml:id="eSc_line_e6ffba70">
     <line>
      Ferret y Bofill ve de Bartolome) dt à barcelonne
     </line>
    </zone>
    <zone points="906,2021 910,2004 925,2002 935,1995 952,2003 977,1993 1003,2005 1027,1990 1056,2009 1082,1995 1123,1987 1133,1994 1146,1989 1168,2004 1203,2003 1218,2011 1251,1988 1266,1985 1290,1998 1322,1988 1343,2002 1371,2004 1381,2011 1390,2011 1401,2003 1419,2004 1435,1994 1446,1993 1459,2000 1487,1983 1510,1999 1528,2002 1537,1996 1560,1996 1570,1989 1586,1999 1621,1981 1650,2000 1656,1996 1666,2003 1688,2002 1698,1996 1710,2004 1738,2003 1757,2015 1779,2016 1766,2025 1747,2028 1642,2028 1629,2022 1619,2026 1543,2026 1533,2030 1521,2026 1491,2037 1472,2025 1441,2046 1412,2028 1397,2027 1215,2026 1176,2030 1135,2026 1117,2028 1108,2034 1049,2032 1037,2036 995,2025 980,2034 966,2034 935,2021 916,2034 909,2033" xml:id="eSc_line_ed00a8db">
     <line>
      à M. M. Abaroa Uribanen et Goguel banquiers à
     </line>
    </zone>
    <zone points="891,2053 899,2053 937,2026 954,2028 974,2043 1000,2044 1011,2052 1047,2034 1073,2049 1089,2043 1099,2050 1129,2028 1140,2026 1180,2043 1210,2031 1229,2043 1242,2043 1255,2051 1263,2047 1270,2050 1303,2028 1341,2032 1412,2029 1440,2049 1472,2026 1490,2039 1530,2033 1538,2039 1548,2036 1554,2041 1585,2044 1608,2027 1632,2022 1642,2028 1664,2027 1675,2034 1691,2034 1708,2043 1711,2058 1708,2066 1687,2068 1627,2064 1616,2068 1598,2058 1582,2068 1554,2063 1544,2067 1490,2069 1380,2067 1345,2092 1319,2091 1287,2070 1277,2068 1263,2076 1242,2068 1207,2069 1180,2083 1155,2067 1031,2069 1017,2063 983,2074 974,2067 950,2064 912,2068 903,2075 893,2073" xml:id="eSc_line_486cde42">
     <line>
      Paris pour transférer 6075+ de rente sur l'état
     </line>
    </zone>
    <zone points="893,2097 895,2076 906,2074 914,2081 934,2067 950,2084 968,2083 976,2075 981,2076 1005,2093 1017,2090 1026,2100 1066,2069 1077,2069 1082,2074 1093,2070 1097,2074 1106,2072 1118,2083 1130,2074 1151,2075 1160,2069 1181,2090 1183,2104 1172,2108 1162,2105 1146,2116 1133,2114 1120,2125 1103,2115 1088,2115 1073,2122 1055,2107 1037,2107 1030,2101 1013,2113 1005,2106 995,2110 936,2108 929,2114 917,2114 894,2129" xml:id="eSc_line_94da1fae">
     <line>
      français 4 1/2 %.
     </line>
    </zone>
    <zone points="928,2139 930,2115 954,2115 982,2107 995,2111 1004,2106 1019,2117 1028,2116 1036,2122 1053,2115 1071,2122 1105,2122 1119,2129 1160,2107 1178,2115 1192,2108 1235,2131 1249,2122 1272,2135 1292,2121 1312,2131 1328,2131 1340,2124 1353,2133 1371,2132 1385,2122 1405,2121 1425,2107 1435,2110 1456,2098 1475,2110 1506,2097 1532,2113 1561,2116 1570,2122 1591,2114 1604,2120 1619,2109 1651,2098 1670,2098 1678,2104 1692,2099 1716,2115 1737,2114 1756,2127 1772,2127 1768,2141 1763,2144 1749,2138 1666,2142 1642,2139 1635,2134 1611,2146 1594,2146 1578,2140 1563,2144 1543,2140 1536,2145 1529,2140 1515,2140 1507,2146 1491,2140 1469,2149 1453,2139 1429,2141 1418,2133 1403,2144 1380,2135 1357,2135 1328,2156 1301,2145 1186,2147 1159,2163 1142,2154 1133,2156 1118,2146 1065,2142 1042,2148 947,2148 931,2139" xml:id="eSc_line_580cd9b0">
     <line>
      Sirmain (par Fçois) dt à la Varenne St Maur
     </line>
    </zone>
    <zone points="898,2176 901,2155 955,2155 966,2163 1003,2159 1013,2166 1028,2163 1063,2143 1080,2148 1120,2146 1156,2168 1187,2148 1196,2149 1215,2162 1234,2154 1257,2155 1269,2163 1282,2155 1296,2156 1305,2162 1326,2155 1343,2162 1359,2155 1394,2155 1409,2164 1438,2145 1464,2162 1489,2155 1507,2163 1532,2164 1577,2141 1607,2151 1641,2137 1673,2154 1691,2157 1742,2156 1766,2142 1773,2166 1770,2179 1758,2182 1563,2179 1523,2208 1490,2187 1474,2187 1462,2179 1420,2181 1410,2188 1379,2188 1372,2193 1350,2178 1322,2180 1313,2187 1290,2180 1269,2188 1252,2179 1225,2185 1203,2178 1189,2184 1178,2181 1170,2187 1152,2181 1132,2187 1104,2187 1092,2180 1066,2187 1032,2176 997,2188 984,2182 950,2187 937,2180 924,2180 915,2186 900,2184" xml:id="eSc_line_a5f541a0">
     <line>
      avenue Estibal 14 au mariage de son fils Edme avec
     </line>
    </zone>
    <zone points="886,2205 888,2192 895,2185 903,2185 909,2191 939,2184 962,2188 971,2183 989,2183 1003,2196 1018,2182 1030,2180 1039,2181 1053,2196 1079,2185 1095,2193 1116,2188 1126,2197 1138,2186 1158,2191 1180,2182 1193,2183 1206,2197 1212,2197 1221,2196 1232,2186 1254,2204 1290,2180 1299,2179 1315,2192 1342,2179 1363,2201 1369,2201 1372,2212 1361,2219 1209,2219 1196,2223 1153,2220 1145,2214 1130,2218 1123,2225 1094,2218 1059,2218 1050,2226 1039,2227 1024,2213 1000,2222 989,2211 973,2209 962,2220 956,2220 946,2210 935,2210 921,2223 913,2224 887,2210" xml:id="eSc_line_53dae6ec">
     <line>
      delle Victoire Léonie Cardou.
     </line>
    </zone>
    <zone points="898,2254 929,2249 975,2219 988,2215 1000,2223 1022,2215 1047,2232 1065,2219 1074,2219 1103,2236 1119,2227 1133,2227 1140,2232 1154,2221 1166,2227 1178,2222 1189,2226 1216,2220 1236,2228 1254,2220 1273,2227 1296,2226 1309,2234 1332,2226 1343,2228 1354,2221 1372,2228 1401,2225 1411,2230 1440,2211 1455,2219 1466,2219 1493,2235 1513,2236 1548,2219 1573,2228 1592,2219 1606,2225 1634,2212 1656,2227 1687,2227 1697,2220 1707,2220 1719,2228 1730,2228 1758,2240 1768,2236 1772,2247 1769,2266 1763,2269 1722,2253 1711,2259 1702,2253 1683,2251 1655,2255 1645,2252 1639,2256 1630,2252 1623,2257 1617,2255 1600,2267 1571,2252 1546,2257 1534,2265 1515,2252 1486,2260 1456,2259 1441,2253 1422,2258 1336,2261 1283,2258 1273,2251 1256,2259 1234,2253 1227,2258 1215,2250 1186,2250 1164,2260 1143,2254 1133,2260 1117,2261 1082,2262 1072,2258 1060,2265 1053,2260 986,2260 974,2268 951,2258 942,2264 913,2264 900,2272" xml:id="eSc_line_e94a5dfb">
     <line>
      Paviset et Cie (requête de Etienne jules Giraudeau
     </line>
    </zone>
    <zone points="903,2291 906,2271 913,2266 938,2265 949,2273 961,2266 972,2274 989,2262 1013,2259 1031,2270 1040,2266 1057,2277 1071,2267 1088,2275 1110,2276 1131,2261 1138,2264 1152,2258 1168,2266 1185,2255 1192,2257 1203,2251 1213,2252 1248,2277 1281,2275 1304,2260 1350,2276 1377,2259 1396,2259 1407,2265 1438,2254 1445,2254 1471,2273 1493,2257 1509,2253 1516,2253 1535,2267 1577,2254 1598,2268 1626,2266 1648,2255 1658,2262 1673,2258 1699,2263 1709,2260 1722,2269 1731,2268 1736,2288 1682,2291 1674,2297 1666,2293 1659,2298 1632,2295 1607,2299 1591,2292 1537,2302 1523,2293 1512,2299 1503,2296 1485,2300 1360,2297 1340,2306 1327,2299 1306,2298 1281,2315 1270,2315 1248,2299 1122,2300 1109,2291 1076,2299 905,2299" xml:id="eSc_line_5fe8ad55">
     <line>
      dt à Paris rue de Londres n°56 À Louis Delpeuch dt à
     </line>
    </zone>
    <zone points="898,2325 901,2311 907,2315 929,2299 952,2298 974,2314 993,2319 1009,2313 1050,2316 1073,2299 1104,2292 1130,2308 1145,2300 1170,2300 1196,2319 1223,2302 1238,2302 1269,2325 1304,2299 1317,2300 1329,2309 1349,2309 1363,2299 1379,2299 1390,2307 1408,2306 1417,2299 1425,2299 1436,2307 1446,2308 1462,2302 1473,2310 1484,2304 1502,2306 1519,2294 1549,2316 1556,2316 1567,2308 1581,2315 1593,2315 1604,2307 1619,2311 1635,2299 1669,2308 1681,2299 1697,2296 1710,2305 1713,2323 1710,2338 1699,2333 1666,2331 1643,2332 1634,2339 1620,2335 1601,2339 1587,2333 1555,2341 1532,2338 1524,2332 1487,2335 1475,2326 1449,2338 1386,2340 1367,2332 1317,2338 1293,2354 1263,2335 1256,2338 1251,2334 1232,2341 1218,2337 1172,2340 1154,2348 1136,2337 991,2337 934,2339 925,2346 912,2341 906,2346 900,2343" xml:id="eSc_line_65be1c17">
     <line>
      Paris rue Turbigo 18 liquidateurs judiciaires de la
     </line>
    </zone>
    <zone points="898,2372 900,2355 927,2347 949,2354 976,2340 997,2347 1016,2361 1026,2355 1033,2358 1052,2344 1073,2357 1099,2340 1113,2344 1120,2340 1140,2355 1161,2355 1171,2362 1192,2348 1207,2347 1224,2355 1238,2355 1259,2341 1283,2358 1297,2353 1314,2364 1358,2334 1368,2334 1386,2347 1392,2345 1410,2354 1431,2339 1441,2338 1463,2354 1495,2335 1515,2338 1544,2353 1587,2332 1628,2347 1650,2331 1671,2346 1701,2348 1712,2355 1733,2354 1736,2374 1733,2377 1719,2372 1695,2378 1685,2371 1668,2370 1572,2371 1541,2383 1524,2371 1477,2371 1466,2379 1385,2379 1371,2373 1358,2378 1343,2371 1313,2368 1298,2379 1281,2369 1254,2379 1131,2379 1119,2372 1094,2373 1078,2383 1066,2374 1046,2388 1021,2376 1000,2380 954,2379 941,2388 922,2378 901,2386" xml:id="eSc_line_f9aa4a83">
     <line>
      société) pour arriver à la vente d'un fonds d'eaux
     </line>
    </zone>
    <zone points="898,2409 901,2398 920,2385 940,2390 955,2380 977,2395 988,2395 1027,2380 1046,2390 1067,2374 1097,2391 1146,2378 1163,2379 1175,2387 1190,2385 1205,2393 1212,2388 1221,2389 1236,2378 1249,2384 1266,2372 1282,2372 1312,2393 1328,2396 1346,2385 1380,2387 1386,2391 1405,2379 1412,2379 1434,2393 1443,2386 1457,2386 1495,2371 1515,2377 1525,2373 1542,2385 1566,2380 1580,2371 1604,2372 1611,2377 1625,2371 1649,2371 1675,2386 1689,2378 1722,2377 1739,2389 1743,2399 1739,2413 1591,2411 1571,2405 1543,2416 1492,2410 1391,2410 1379,2419 1360,2411 1336,2410 1319,2419 1300,2417 1293,2412 1263,2411 1252,2418 1238,2418 1225,2412 1205,2420 1166,2418 1154,2411 1143,2419 1126,2412 1090,2418 1080,2411 1064,2412 1059,2408 1043,2419 1025,2418 1008,2428 983,2411 966,2417 933,2410 915,2418 901,2415" xml:id="eSc_line_6e1b043a">
     <line>
      minérales explioité à Paris, rue du cloitre St Merri 20.
     </line>
    </zone>
    <zone points="911,2441 922,2435 930,2439 957,2419 977,2432 995,2419 1010,2428 1025,2420 1040,2425 1047,2419 1058,2421 1071,2413 1088,2425 1112,2415 1141,2432 1150,2427 1165,2438 1183,2427 1198,2427 1213,2419 1230,2427 1243,2420 1262,2433 1293,2415 1313,2425 1325,2418 1338,2420 1347,2413 1358,2420 1373,2418 1391,2430 1408,2426 1453,2427 1467,2418 1493,2435 1513,2421 1520,2424 1544,2419 1557,2411 1573,2416 1584,2412 1602,2424 1618,2418 1632,2426 1648,2423 1664,2432 1690,2413 1726,2436 1723,2450 1716,2452 1682,2451 1668,2441 1653,2451 1599,2451 1581,2464 1565,2452 1538,2452 1524,2443 1511,2451 1492,2441 1458,2451 1431,2452 1401,2452 1391,2445 1372,2452 1209,2451 1185,2467 1162,2451 1145,2462 1124,2452 1103,2451 1080,2451 1063,2459 1053,2452 1038,2459 1016,2452 981,2452 969,2459 959,2452 946,2455 928,2442" xml:id="eSc_line_4b6c96c3">
     <line>
      Lhermitte (après le décès arrivé à l'hospice de
     </line>
    </zone>
    <zone points="887,2478 891,2466 904,2466 928,2450 945,2456 955,2454 980,2466 1021,2467 1041,2458 1066,2471 1115,2452 1130,2462 1170,2458 1183,2467 1196,2459 1214,2466 1231,2454 1256,2470 1275,2458 1337,2459 1349,2467 1369,2458 1391,2470 1417,2452 1455,2452 1490,2444 1506,2453 1521,2448 1554,2452 1577,2467 1606,2451 1634,2453 1657,2462 1679,2453 1695,2452 1717,2467 1737,2458 1755,2458 1758,2477 1755,2493 1744,2500 1727,2489 1657,2492 1620,2486 1611,2491 1566,2492 1518,2491 1512,2487 1493,2492 1435,2488 1338,2491 1325,2499 1307,2491 1286,2501 1264,2490 1201,2491 1183,2478 1154,2493 1127,2478 1116,2478 1097,2491 1064,2490 1046,2499 1029,2490 904,2492 889,2485" xml:id="eSc_line_4c31816c">
     <line>
      Charenton le 3 juin 1874 de delle Charlotte Anne)
     </line>
    </zone>
    <zone points="437,2509 461,2505 582,2508 606,2499 630,2507 667,2498 691,2504 701,2500 714,2505 757,2489 781,2498 791,2494 823,2506 860,2505 897,2491 907,2495 918,2491 958,2492 997,2500 1024,2492 1061,2503 1108,2487 1172,2502 1220,2490 1246,2500 1265,2493 1291,2503 1317,2501 1341,2492 1360,2498 1376,2492 1431,2489 1458,2499 1474,2499 1505,2487 1542,2500 1563,2501 1587,2492 1608,2493 1630,2486 1656,2492 1675,2490 1696,2498 1722,2489 1767,2501 1815,2483 1838,2485 1860,2493 1899,2491 1928,2499 1942,2496 1955,2501 2011,2501 2004,2514 1946,2530 1910,2519 1899,2523 1855,2522 1836,2529 1784,2519 1773,2523 1757,2521 1731,2530 1710,2523 1689,2529 1660,2530 1621,2518 1584,2532 1553,2528 1469,2530 1437,2519 1377,2531 1358,2527 1332,2530 1316,2524 1301,2530 1201,2532 1172,2525 1151,2531 1007,2533 988,2526 975,2531 910,2531 883,2539 860,2530 799,2535 776,2530 755,2534 734,2526 692,2535 623,2510 613,2513 597,2509 484,2509 463,2515 447,2509" xml:id="eSc_line_c0df955b">
     <line>
      Vu, vérifié &amp; comparé au registre de formalité. Le présent répertoire contenant XXX le XXX XXX
     </line>
    </zone>
    <zone points="394,2556 398,2544 424,2554 445,2547 463,2550 478,2544 489,2547 507,2540 531,2538 562,2542 577,2536 622,2545 656,2532 671,2532 724,2550 747,2541 757,2544 773,2539 794,2546 817,2537 836,2538 854,2545 872,2539 922,2547 958,2534 1002,2549 1026,2542 1042,2548 1083,2547 1120,2533 1135,2538 1156,2530 1190,2541 1224,2539 1253,2530 1271,2536 1318,2527 1367,2538 1406,2525 1451,2541 1563,2539 1599,2527 1618,2532 1633,2530 1680,2542 1719,2540 1761,2523 1777,2527 1803,2524 1834,2536 1873,2525 1941,2548 1957,2548 1950,2571 1888,2569 1857,2571 1838,2578 1763,2565 1744,2572 1658,2572 1640,2579 1625,2573 1604,2579 1544,2562 1468,2571 1374,2569 1348,2573 1330,2568 1304,2572 1280,2567 1215,2571 1200,2577 1176,2570 1163,2576 1140,2571 1116,2577 1098,2570 1043,2571 1017,2580 996,2574 934,2580 895,2566 861,2579 785,2577 731,2580 712,2587 650,2570 611,2578 564,2577 548,2582 535,2577 517,2579 496,2571 485,2575 467,2569 436,2580 420,2577 399,2585" xml:id="eSc_line_282f4695">
     <line>
      l'inscription de deux ce,t deux actes y compris quatre donations renvoyées au contrôle, XXX
     </line>
    </zone>
    <zone points="371,2598 375,2587 389,2594 420,2579 439,2584 468,2570 487,2579 495,2575 514,2584 522,2581 532,2586 543,2586 563,2577 582,2579 611,2591 640,2585 667,2587 686,2577 709,2587 754,2588 788,2579 819,2590 854,2586 895,2566 939,2586 958,2587 985,2587 1003,2577 1012,2581 1028,2578 1051,2588 1099,2570 1124,2582 1146,2571 1161,2578 1178,2570 1196,2579 1223,2579 1234,2584 1256,2572 1277,2568 1310,2577 1337,2568 1358,2577 1369,2572 1408,2570 1441,2574 1485,2570 1495,2574 1516,2564 1528,2568 1537,2564 1583,2583 1489,2630 1432,2602 1411,2610 1399,2604 1383,2607 1353,2601 1330,2607 1308,2596 1296,2596 1274,2607 1265,2605 1233,2622 1195,2605 1172,2611 1158,2606 1138,2616 1124,2609 1059,2611 1033,2624 1000,2611 964,2611 936,2626 907,2616 895,2622 867,2610 800,2614 775,2611 747,2616 727,2612 699,2626 674,2616 664,2620 656,2616 628,2626 610,2620 591,2629 571,2626 553,2617 512,2620 496,2616 482,2623 439,2614 427,2620 375,2618" xml:id="eSc_line_f6b8e8c9">
     <line>
      contravention renommée autre que celle relevée au XXX XXX n°5.
     </line>
    </zone>
    <zone points="648,2633 662,2631 681,2617 698,2628 717,2627 728,2618 743,2627 753,2620 815,2611 835,2621 845,2616 856,2624 870,2619 886,2625 910,2614 927,2626 943,2629 968,2618 985,2619 996,2627 1007,2628 1018,2620 1031,2626 1054,2618 1096,2620 1122,2609 1144,2624 1162,2611 1172,2617 1194,2605 1234,2625 1265,2605 1273,2610 1291,2597 1309,2595 1331,2610 1351,2601 1371,2603 1383,2611 1392,2605 1403,2605 1413,2611 1435,2603 1462,2622 1479,2622 1459,2624 1421,2652 1369,2652 1353,2644 1343,2650 1315,2650 1270,2683 1253,2676 1225,2692 1218,2687 1186,2690 1125,2651 1108,2651 1097,2660 1086,2654 1076,2659 1066,2652 1045,2650 1010,2629 998,2629 961,2652 922,2652 901,2638 868,2659 858,2652 808,2651 784,2669 770,2668 742,2651 716,2659 688,2648 673,2659 651,2659" xml:id="eSc_line_b22863f7">
     <line>
      Paris 4e bureau le onze Janvier 1875. f25 .V.C.T.
     </line>
    </zone>
    <zone points="984,2693 994,2661 1028,2659 1068,2669 1183,2661 1220,2671 1289,2666 1306,2649 1338,2644 1348,2654 1389,2647 1421,2671 1416,2693 1345,2681 1323,2698 1235,2701 1193,2688 1178,2706 1166,2693 1132,2691 1068,2706 1055,2696 1021,2706 1011,2698 989,2710" xml:id="eSc_line_cf51e1ab">
     <line>
      ¥
     </line>
    </zone>
   </surface>
  </surfaceGrp>
  <surfaceGrp type="structure_{type:col_7;}" xml:id="eSc_textblock_3f255e6a">
   <surface>
    <graphic height="2944px" url="DAFANCH96_023MIC07633_L-0.jpg" width="2048px"/>
    <zone points="1913,652 1914,638 1925,626 1939,626 1950,634 1999,582 2003,650 1994,649 1961,685 1945,684 1915,660" xml:id="eSc_line_1feb9822">
     <line>
      3.75
     </line>
    </zone>
    <zone points="1868,772 1869,762 1886,744 1908,754 1927,754 1945,740 1962,749 1987,744 1991,767 1989,779 1896,780 1871,797" xml:id="eSc_line_9bf6b106">
     <line>
      gratis
     </line>
    </zone>
    <zone points="1885,918 1887,907 1920,896 1933,899 1940,906 1953,893 1968,899 1975,892 1990,892 1994,896 1994,955 1980,948 1973,955 1937,957 1904,933 1887,931" xml:id="eSc_line_25957be6">
     <line>
      3 75
     </line>
    </zone>
    <zone points="1894,1209 1896,1196 1921,1171 1943,1168 1967,1194 1979,1195 1989,1204 1994,1201 1996,1212 1992,1232 1976,1218 1970,1222 1954,1220 1943,1212 1918,1236 1905,1229 1895,1233" xml:id="eSc_line_bc11e73d">
     <line>
      55
     </line>
    </zone>
    <zone points="1892,1495 1912,1475 1922,1474 1940,1493 1959,1481 2008,1483 2011,1501 2008,1509 2000,1504 1976,1517 1966,1516 1948,1532 1928,1514 1903,1515 1893,1505" xml:id="eSc_line_755e8da6">
     <line>
      3 75
     </line>
    </zone>
    <zone points="1900,1587 1902,1572 1912,1563 1925,1572 1951,1555 1981,1556 1992,1567 2001,1563 2003,1587 1986,1587 1963,1596 1937,1595 1929,1587 1902,1594" xml:id="eSc_line_0ea782aa">
     <line>
      1 88
     </line>
    </zone>
    <zone points="1868,1665 1870,1653 1878,1652 1914,1619 1934,1637 1949,1627 1959,1635 1983,1634 1996,1639 1996,1669 1984,1675 1962,1677 1946,1693 1936,1692 1920,1676 1870,1674" xml:id="eSc_line_7af64894">
     <line>
      18 75
     </line>
    </zone>
    <zone points="1894,1892 1896,1877 1905,1868 1926,1868 1937,1879 1947,1874 1981,1871 1990,1880 1992,1892 1990,1911 1985,1907 1970,1910 1936,1944 1896,1908" xml:id="eSc_line_5b31be81">
     <line>
      3 75
     </line>
    </zone>
    <zone points="1883,2085 1884,2072 1904,2060 1925,2075 1949,2060 1958,2062 1988,2030 1995,2029 1999,2082 1984,2083 1961,2107 1953,2101 1948,2105 1930,2087 1918,2100 1904,2101 1885,2087" xml:id="eSc_line_5e3e0d4f">
     <line>
      3.75
     </line>
    </zone>
    <zone points="1872,2200 1904,2170 1923,2188 1934,2178 1974,2179 1985,2185 1988,2198 1983,2220 1951,2220 1928,2243 1910,2226 1900,2228 1886,2218 1873,2219" xml:id="eSc_line_0a86da0a">
     <line>
      3 75
     </line>
    </zone>
    <zone points="1868,2401 1870,2379 1883,2380 1894,2371 1909,2370 1920,2379 1927,2372 1972,2371 1974,2401 1972,2414 1966,2420 1952,2414 1929,2435 1907,2413 1882,2411 1870,2419" xml:id="eSc_line_b3d0ad59">
     <line>
      3 75
     </line>
    </zone>
    <zone points="1864,2470 1884,2451 1905,2449 1919,2460 1932,2450 1980,2450 1985,2452 1988,2466 1980,2466 1953,2489 1941,2491 1933,2499 1918,2489 1884,2492 1865,2474" xml:id="eSc_line_aafe19e6">
     <line>
      3.75
     </line>
    </zone>
   </surface>
  </surfaceGrp>
  <surfaceGrp type="structure_{type:col_3;}" xml:id="eSc_textblock_bf739b41">
   <surface>
    <graphic height="2944px" url="DAFANCH96_023MIC07633_L-0.jpg" width="2048px"/>
    <zone points="515,586 515,540 554,538 564,538 593,565 604,561 639,564 667,553 687,556 703,540 708,540 733,562 736,581 734,596 724,596 710,608 682,600 671,604 663,596 654,595 635,597 628,604 616,596 598,604 594,600 582,603 575,596 567,599 563,595 517,595" xml:id="eSc_line_b62c40c8">
     <line>
      Procuration
     </line>
    </zone>
    <zone points="502,691 504,672 533,649 545,652 575,682 586,682 601,674 617,682 625,674 639,676 653,667 661,674 668,668 679,668 706,687 708,699 705,704 686,709 664,701 657,707 622,706 611,716 605,716 591,707 555,708 548,703 533,707 504,691" xml:id="eSc_line_504819d3">
     <line>
      Procuration
     </line>
    </zone>
    <zone points="502,723 545,703 557,708 587,708 604,718 620,707 658,707 666,703 686,718 674,733 664,729 656,736 644,725 640,730 617,731 612,736 595,722 584,731 503,730" xml:id="eSc_line_9d87019d">
     <line>
      Dispense d'enregt.
     </line>
    </zone>
    <zone points="512,748 514,733 540,734 547,728 568,732 572,728 584,731 596,726 612,736 622,730 639,733 644,728 656,740 663,740 660,747 642,756 600,756 587,749 581,755 538,757 531,764 514,758" xml:id="eSc_line_270084f3">
     <line>
      et de timbre
     </line>
    </zone>
    <zone points="491,819 493,775 510,787 524,774 534,772 556,773 579,796 598,804 640,802 658,787 681,786 696,800 704,796 719,811 723,810 726,824 700,851 694,851 672,829 662,827 520,827 513,828 492,848" xml:id="eSc_line_7d8e6a3c">
     <line>
      Procuration
     </line>
    </zone>
    <zone points="466,1469 468,1435 492,1419 498,1419 514,1435 532,1426 554,1427 583,1458 617,1458 638,1451 664,1427 676,1435 692,1430 706,1435 707,1474 700,1482 570,1487 547,1484 532,1492 516,1492 497,1491 467,1470" xml:id="eSc_line_c1034535">
     <line>
      Procuration
     </line>
    </zone>
    <zone points="480,1550 482,1529 496,1530 520,1507 525,1507 542,1525 584,1521 601,1531 617,1523 627,1529 659,1532 675,1524 691,1525 701,1520 718,1538 716,1563 704,1562 692,1573 678,1563 566,1564 526,1601 494,1567 481,1568" xml:id="eSc_line_07b7082e">
     <line>
      Certificat de vie
     </line>
    </zone>
    <zone points="486,1749 488,1736 517,1707 539,1707 563,1731 609,1731 616,1725 630,1723 660,1724 666,1718 683,1730 697,1724 702,1729 704,1749 702,1764 695,1766 685,1759 655,1764 577,1761 526,1765 514,1761 500,1764 488,1759" xml:id="eSc_line_18e6189d">
     <line>
      Procuration
     </line>
    </zone>
    <zone points="456,2149 457,2129 480,2107 494,2113 524,2091 549,2114 560,2113 569,2119 598,2113 608,2105 622,2106 629,2113 662,2112 674,2118 685,2109 694,2109 714,2127 717,2149 548,2148 541,2155 522,2151 493,2154 486,2147 460,2149" xml:id="eSc_line_ebd9937d">
     <line>
      Consentement
     </line>
    </zone>
   </surface>
  </surfaceGrp>
  <surfaceGrp type="structure_{type:header;}" xml:id="eSc_textblock_653e37f9">
   <surface>
    <graphic height="2944px" url="DAFANCH96_023MIC07633_L-0.jpg" width="2048px"/>
    <zone points="1795,284 1797,255 1876,257 1885,247 1908,257 1922,247 1932,257 1969,255 1976,279 1962,306 1905,306 1890,294 1846,309 1799,296" xml:id="eSc_line_076e577f">
     <line>
      RELATION
     </line>
    </zone>
    <zone points="311,304 316,279 360,267 356,321 314,321" xml:id="eSc_line_a68efda8">
     <line>
      Nos
     </line>
    </zone>
    <zone points="405,309 407,277 464,277 488,284 496,311 476,326 407,326" xml:id="eSc_line_4fcd701c">
     <line>
      DATES
     </line>
    </zone>
    <zone points="540,299 542,269 552,264 655,272 849,260 866,267 874,291 869,314 545,311" xml:id="eSc_line_54adc4ea">
     <line>
      NATURE ET ESPECE
     </line>
    </zone>
    <zone points="967,311 969,283 999,283 1011,274 1026,281 1032,276 1056,274 1077,291 1090,282 1128,282 1137,275 1145,282 1198,281 1206,275 1221,282 1233,282 1245,274 1271,275 1299,284 1315,283 1324,276 1332,282 1345,283 1382,283 1393,275 1405,283 1444,283 1452,277 1460,283 1473,282 1481,287 1494,280 1547,282 1558,290 1568,282 1588,282 1598,274 1619,276 1626,282 1642,274 1663,280 1676,274 1688,281 1702,281 1718,294 1721,309 1706,315 1481,314 1475,318 1456,316 1447,323 1417,321 1412,317 1377,322 1371,317 1359,322 1337,323 1329,318 1323,323 1310,323 1294,311 1269,323 1251,323 1241,315 1229,322 1209,317 1201,323 1177,316 1162,323 1103,323 1087,316 1077,323 1015,323 1003,318 994,323 977,323 969,316" xml:id="eSc_line_fdb68fe9">
     <line>
      NOMS, PRENOMS ET DOMICILES DES PARTIES.
     </line>
    </zone>
    <zone points="1863,314 1888,296 1912,318 1866,331" xml:id="eSc_line_81a838ce">
     <line>
      de
     </line>
    </zone>
    <zone points="626,343 627,324 635,316 642,320 647,316 675,316 687,326 698,316 764,315 794,338 800,338 791,339 775,352 766,347 747,355 739,352 725,356 698,349 694,353 685,350 678,355 654,356 634,354 628,348" xml:id="eSc_line_ae051582">
     <line>
      DES ACTES :
     </line>
    </zone>
    <zone points="419,368 424,338 466,343 466,377 424,375" xml:id="eSc_line_57e1f699">
     <line>
      des
     </line>
    </zone>
    <zone points="1787,358 1799,328 1917,328 1969,336 1976,360 1957,375 1790,370" xml:id="eSc_line_c8379d32">
     <line>
      l'Enregistrement.
     </line>
    </zone>
    <zone points="316,372 321,345 356,345 356,377 321,377" xml:id="eSc_line_65ce0db2">
     <line>
      du
     </line>
    </zone>
    <zone points="282,424 304,397 316,407 353,404 368,390 387,390 385,431 284,431" xml:id="eSc_line_d8be22f0">
     <line>
      REPERTOIRE
     </line>
    </zone>
    <zone points="412,421 417,387 444,377 473,385 471,451 415,446" xml:id="eSc_line_6be71087">
     <line>
      ACTES.
     </line>
    </zone>
    <zone points="535,429 542,409 606,414 643,404 697,417 702,429 658,451 540,444" xml:id="eSc_line_d7f2af48">
     <line>
      EN BREVETS.
     </line>
    </zone>
    <zone points="731,426 736,409 773,397 810,397 822,409 857,404 871,409 876,426 871,448 849,439 807,448 736,441" xml:id="eSc_line_4771c84c">
     <line>
      EN MINUTES.
     </line>
    </zone>
    <zone points="1031,417 1033,390 1264,390 1276,380 1301,390 1365,380 1493,390 1615,380 1642,390 1650,417 1632,431 1033,431" xml:id="eSc_line_35858837">
     <line>
      INDICATIONS, SITUATIONS ET PRIX DES BIENS.
     </line>
    </zone>
    <zone points="1772,439 1775,414 1824,412 1824,446 1777,441" xml:id="eSc_line_fe3c5ed5">
     <line>
      DATES.
     </line>
    </zone>
    <zone points="1881,436 1885,414 1954,417 1962,434 1957,475 1885,471" xml:id="eSc_line_3e4318c2">
     <line>
      DROITS.
     </line>
    </zone>
   </surface>
  </surfaceGrp>
  <surfaceGrp type="structure_{type:col_2;}" xml:id="eSc_textblock_65c23f81">
   <surface>
    <graphic height="2944px" url="DAFANCH96_023MIC07633_L-0.jpg" width="2048px"/>
    <zone points="393,588 424,554 436,555 445,562 457,555 480,576 483,585 478,598 453,595 429,618 396,620" xml:id="eSc_line_b0ea30ca">
     <line>
      29
     </line>
    </zone>
    <zone points="397,706 398,698 425,666 443,676 456,676 480,696 487,692 491,696 484,697 470,715 448,715 435,731 413,716 399,714" xml:id="eSc_line_d5a337e2">
     <line>
      30
     </line>
    </zone>
    <zone points="397,824 429,789 442,795 458,795 476,809 486,796 491,814 472,829 445,827 436,833 430,829 424,837 410,826 398,825" xml:id="eSc_line_6529d5d6">
     <line>
      30
     </line>
    </zone>
    <zone points="395,978 395,964 413,947 421,945 440,950 450,946 474,966 487,955 491,969 480,979 428,980 422,988 411,990 397,978" xml:id="eSc_line_ca4f6a34">
     <line>
      30
     </line>
    </zone>
    <zone points="399,1465 403,1432 417,1433 427,1425 435,1435 452,1433 448,1491 432,1490 422,1498 409,1488 399,1487" xml:id="eSc_line_4d090582">
     <line>
      2
     </line>
    </zone>
    <zone points="403,1550 405,1530 434,1529 455,1550 453,1565 440,1564 426,1578 405,1570" xml:id="eSc_line_51ac8c55">
     <line>
      2
     </line>
    </zone>
    <zone points="403,1619 416,1604 435,1599 456,1605 459,1617 448,1621 427,1644 406,1643" xml:id="eSc_line_b268b3ba">
     <line>
      5
     </line>
    </zone>
    <zone points="389,1744 401,1742 417,1722 453,1722 464,1730 477,1720 481,1736 477,1740 453,1740 407,1787 394,1787" xml:id="eSc_line_ab3bb7a5">
     <line>
      7
     </line>
    </zone>
    <zone points="397,1936 406,1921 415,1914 426,1913 441,1920 444,1932 444,1956 401,1956" xml:id="eSc_line_631948a7">
     <line>
      8
     </line>
    </zone>
    <zone points="392,2136 415,2107 430,2114 440,2113 446,2130 445,2146 438,2147 416,2171 408,2171 399,2180" xml:id="eSc_line_774526f6">
     <line>
      9
     </line>
    </zone>
    <zone points="393,2250 416,2228 430,2226 445,2228 459,2247 458,2269 438,2265 406,2285 396,2284" xml:id="eSc_line_744ec715">
     <line>
      9
     </line>
    </zone>
    <zone points="373,2433 377,2392 390,2402 404,2405 420,2424 432,2419 452,2434 460,2430 462,2440 448,2439 426,2459 408,2452 394,2461 374,2440" xml:id="eSc_line_89ac8153">
     <line>
      10
     </line>
    </zone>
    <zone points="386,2473 401,2458 410,2455 426,2461 438,2452 459,2473 440,2494 432,2493 423,2484 412,2484 395,2499 388,2500" xml:id="eSc_line_9596f120">
     <line>
      (8&amp;)
     </line>
    </zone>
   </surface>
  </surfaceGrp>
  <surfaceGrp type="structure_{type:col_6;}" xml:id="eSc_textblock_2a3815f7">
   <surface>
    <graphic height="2944px" url="DAFANCH96_023MIC07633_L-0.jpg" width="2048px"/>
    <zone points="1782,652 1784,635 1792,627 1801,626 1813,626 1819,631 1826,627 1842,639 1844,652 1842,671 1827,661 1811,661 1800,668 1784,667" xml:id="eSc_line_0433c14f">
     <line>
      30
     </line>
    </zone>
    <zone points="1753,782 1755,760 1776,760 1789,747 1804,745 1816,755 1828,754 1838,762 1851,764 1856,803 1837,796 1819,782 1812,787 1803,783 1792,789 1757,782" xml:id="eSc_line_549455e6">
     <line>
      30
     </line>
    </zone>
    <zone points="1788,916 1789,902 1805,897 1815,899 1827,914 1822,932 1806,936 1790,932" xml:id="eSc_line_864c37a6">
     <line>
      2
     </line>
    </zone>
    <zone points="1791,1195 1793,1172 1821,1172 1829,1179 1829,1212 1821,1211 1803,1229 1793,1222" xml:id="eSc_line_8c679385">
     <line>
      8
     </line>
    </zone>
    <zone points="1780,1506 1781,1481 1792,1489 1823,1458 1830,1459 1835,1454 1836,1513 1823,1514 1804,1531 1782,1516" xml:id="eSc_line_62dd4ecf">
     <line>
      5
     </line>
    </zone>
    <zone points="1774,1581 1776,1563 1803,1562 1809,1557 1829,1581 1827,1595 1817,1604 1810,1601 1787,1619 1776,1611" xml:id="eSc_line_3907c5ae">
     <line>
      5
     </line>
    </zone>
    <zone points="1780,1655 1784,1634 1795,1641 1801,1635 1815,1634 1834,1656 1848,1653 1851,1660 1839,1666 1827,1664 1809,1678 1803,1674 1780,1675" xml:id="eSc_line_c7e7c841">
     <line>
      11
     </line>
    </zone>
    <zone points="1778,1896 1780,1881 1794,1867 1810,1871 1810,1909 1798,1916 1780,1912" xml:id="eSc_line_f9bd8f26">
     <line>
      8
     </line>
    </zone>
    <zone points="1778,2087 1780,2077 1802,2058 1821,2076 1827,2076 1829,2087 1827,2101 1815,2101 1798,2116 1792,2116 1780,2104" xml:id="eSc_line_f96613d7">
     <line>
      8
     </line>
    </zone>
    <zone points="1776,2202 1776,2187 1786,2177 1797,2186 1812,2178 1824,2181 1832,2174 1836,2198 1824,2199 1802,2224 1796,2219 1786,2222 1779,2218" xml:id="eSc_line_6fad3929">
     <line>
      11
     </line>
    </zone>
    <zone points="1774,2398 1779,2371 1792,2364 1823,2384 1830,2393 1831,2404 1804,2428 1793,2429 1774,2411" xml:id="eSc_line_c6ddf69d">
     <line>
      19
     </line>
    </zone>
   </surface>
  </surfaceGrp>
  <surfaceGrp type="structure_{type:col_4;}" xml:id="eSc_textblock_d0d6ccea">
   <surface>
    <graphic height="2944px" url="DAFANCH96_023MIC07633_L-0.jpg" width="2048px"/>
    <zone points="714,966 715,950 754,923 776,925 796,944 823,938 843,943 858,939 861,962 859,978 853,982 751,981 736,989 726,981 716,980" xml:id="eSc_line_d9005e58">
     <line>
      Vente
     </line>
    </zone>
    <zone points="697,1629 698,1610 723,1585 748,1577 769,1587 815,1586 833,1602 851,1602 857,1596 870,1603 887,1602 891,1606 895,1602 900,1624 898,1645 890,1639 882,1645 874,1641 863,1644 855,1638 794,1640 760,1653 746,1641 724,1641 699,1664" xml:id="eSc_line_13d96442">
     <line>
      Inventaire
     </line>
    </zone>
    <zone points="717,1955 717,1936 726,1936 759,1897 780,1894 789,1900 816,1899 837,1916 859,1914 874,1927 877,1941 876,1957 854,1954 844,1956 837,1964 824,1957 800,1957 763,1996 742,1996 720,1982" xml:id="eSc_line_e64bb18c">
     <line>
      Dépôt
     </line>
    </zone>
    <zone points="672,2252 675,2200 690,2210 702,2198 744,2193 780,2193 802,2208 839,2200 849,2210 925,2212 933,2249 798,2271 734,2335 677,2335" xml:id="eSc_line_ad4f8491">
     <line>
      Cahier de charges
     </line>
    </zone>
   </surface>
  </surfaceGrp>
  <surfaceGrp type="no_value" xml:id="eSc_dummyblock_">
   <surface>
    <graphic height="2944px" url="DAFANCH96_023MIC07633_L-0.jpg" width="2048px"/>
    <zone points="690,2443 698,2441 737,2401 812,2402 830,2420 841,2424 856,2417 884,2419 899,2412 902,2438 901,2465 896,2466 872,2454 859,2454 850,2460 838,2454 828,2459 794,2461 778,2457 758,2461 750,2457 716,2461 707,2458 693,2473" xml:id="eSc_line_46581cfc">
     <line>
      Notoriété
     </line>
    </zone>
    <zone points="1773,2475 1775,2467 1785,2460 1801,2458 1808,2452 1814,2452 1834,2475 1813,2485 1803,2482 1785,2499 1775,2500" xml:id="eSc_line_307e2dd3">
     <line>
      14
     </line>
    </zone>
   </surface>
  </surfaceGrp>
 </sourceDoc>
 <text>
  <body>
   <div type="main">
    <table cols="8" rows="13">
     <row n="0" role="label">
      <cell n="1" role="label1">
       Numéros du répertoire
      </cell>
      <cell n="2" role="label2">
       Dates des actes
      </cell>
      <cell n="3" role="label3">
       Actes en brevets
      </cell>
      <cell n="4" role="label4">
       Actes en minutes
      </cell>
      <cell n="5" role="label5">
       Noms, prénms et domiciles des parties ; indication, situations et prix des biens
      </cell>
      <cell n="6" role="label6">
       Date de l'enregistrement
      </cell>
      <cell n="7" role="label7">
       Droits de l'enregistrement
      </cell>
      <cell n="8" role="label8">
       Autres
      </cell>
     </row>
     <row>
      <cell n="1" role="col1">
       <lb facs="#eSc_line_746878ea"/>
       852
      </cell>
      <cell n="2" role="col2">
       <lb facs="#eSc_line_b0ea30ca"/>
       <date cert="high" when-iso="[1874-01-29, 1874-12-29, 1875-01-29, 1875-12-29]">
        29
       </date>
      </cell>
      <cell n="3" role="col3">
       <lb facs="#eSc_line_b62c40c8"/>
       Procuration
      </cell>
      <cell n="4" role="col4"/>
      <cell n="5" role="col5">
       <lb facs="#eSc_line_337b98ba" n="1"/>
       Bonnet (par Germain Martial) dt à Paris rue
       <lb facs="#eSc_line_7a7a45ab" n="2"/>
       de Chateaudun n°23 à de Honorine Marie Therèse
       <lb facs="#eSc_line_f48a5d51" n="3"/>
       Hardel sa fe dt avec lui à l'effet de XXX
      </cell>
      <cell n="6" role="col6">
       <lb facs="#eSc_line_0433c14f"/>
       <date cert="high" when-iso="[1874-01-30, 1874-12-30, 1875-01-30, 1875-12-30]">
        30
       </date>
      </cell>
      <cell n="7" role="col7">
       <lb facs="#eSc_line_1feb9822"/>
       3.75
      </cell>
      <cell n="8" role="misc"/>
     </row>
     <row>
      <cell n="1" role="col1">
       <lb facs="#eSc_line_38ccd069"/>
       853
      </cell>
      <cell n="2" role="col2">
       <lb facs="#eSc_line_d5a337e2"/>
       <date cert="high" when-iso="[1874-01-30, 1874-12-30, 1875-01-30, 1875-12-30]">
        30
       </date>
      </cell>
      <cell n="3" role="col3">
       <lb facs="#eSc_line_504819d3"/>
       Procuration
       <lb facs="#eSc_line_9d87019d"/>
       Dispense d'enregt.
       <lb facs="#eSc_line_270084f3"/>
       et de timbre
      </cell>
      <cell n="4" role="col4"/>
      <cell n="5" role="col5">
       <lb facs="#eSc_line_f1ffb3e5" n="1"/>
       Boudois (par Roseline) ve d'Auguste Pilboue dt
       <lb facs="#eSc_line_befd740f" n="2"/>
       à Paris rue Caumartin n°75 et Adèle) ve de Jules Laurence
       <lb facs="#eSc_line_2a3d1581" n="3"/>
       dt au même lieu à l'effet de toucher
      </cell>
      <cell n="6" role="col6">
       <lb facs="#eSc_line_549455e6"/>
       <date cert="high" when-iso="[1874-01-30, 1874-12-30, 1875-01-30, 1875-12-30]">
        30
       </date>
      </cell>
      <cell n="7" role="col7">
       <lb facs="#eSc_line_9bf6b106"/>
       gratis
      </cell>
      <cell n="8" role="misc"/>
     </row>
     <row>
      <cell n="1" role="col1">
       <lb facs="#eSc_line_882ca77e"/>
       854
      </cell>
      <cell n="2" role="col2">
       <lb facs="#eSc_line_6529d5d6"/>
       <date cert="high" when-iso="[1874-01-30, 1874-12-30, 1875-01-30, 1875-12-30]">
        30
       </date>
      </cell>
      <cell n="3" role="col3">
       <lb facs="#eSc_line_7d8e6a3c"/>
       Procuration
      </cell>
      <cell n="4" role="col4"/>
      <cell n="5" role="col5">
       <lb facs="#eSc_line_cd4445b1" n="1"/>
       Roussel (par Luce Geneviève Ernestine Rouger
       <lb facs="#eSc_line_52cdd9bd" n="2"/>
       épouse de Charles Nicolas) domiciliée de droit avec son
       <lb facs="#eSc_line_957e1b85" n="3"/>
       mari place royale n°9 - mais résidant rue de Tivoli
      </cell>
      <cell n="6" role="col6">
       <lb facs="#eSc_line_864c37a6"/>
       <date cert="high" when-iso="[1874-01-2, 1874-12-2, 1875-01-2, 1875-12-2]">
        2
       </date>
      </cell>
      <cell n="7" role="col7">
       <lb facs="#eSc_line_25957be6"/>
       3 75
      </cell>
      <cell n="8" role="misc"/>
     </row>
     <row>
      <cell n="1" role="col1">
       <lb facs="#eSc_line_74ac078f"/>
       855
      </cell>
      <cell n="2" role="col2">
       <lb facs="#eSc_line_ca4f6a34"/>
       <date cert="high" when-iso="[1874-01-30, 1874-12-30, 1875-01-30, 1875-12-30]">
        30
       </date>
      </cell>
      <cell n="3" role="col3"/>
      <cell n="4" role="col4">
       <lb facs="#eSc_line_d9005e58"/>
       Vente
      </cell>
      <cell n="5" role="col5">
       <lb facs="#eSc_line_b9c0a81d" n="1"/>
       n°1er à l'effet de gérer
       <lb facs="#eSc_line_6eeff312" n="2"/>
       Thiébaud (par Marie Joseph Ange Déglise avoué
       <lb facs="#eSc_line_ee96b6ba" n="3"/>
       et de Louise Josephine) sa fe dt à Paris, rue Guillou
       <lb facs="#eSc_line_e90de7a9" n="4"/>
       n°20 et Georges Joseph) dt à Paris rue Saint Maur n°73
       <lb facs="#eSc_line_050ddd8e" n="5"/>
       à Marie Henriette Souchet dt à Bagnolet grande rue
       <lb facs="#eSc_line_b3d54449" n="6"/>
       n°85 ve de Jacques XXX Chevreau de deux pièces de
       <lb facs="#eSc_line_fbd940e6" n="7"/>
       terre au Pré St Gervais lieud. : les Mauxiur de 4a. 27c.
       <lb facs="#eSc_line_29f0f2ac" n="8"/>
       chacune moyt 800+ payés comptant.
       <lb facs="#eSc_line_95b781aa" n="9"/>
       Année 1875
       <lb facs="#eSc_line_19489b67" n="10"/>
       Mois de Janvier 1875.
      </cell>
      <cell n="6" role="col6">
       <lb facs="#eSc_line_8c679385"/>
       <date cert="high" when-iso="[1874-01-8, 1874-12-8, 1875-01-8, 1875-12-8]">
        8
       </date>
      </cell>
      <cell n="7" role="col7">
       <lb facs="#eSc_line_bc11e73d"/>
       55
      </cell>
      <cell n="8" role="misc"/>
     </row>
     <row>
      <cell n="1" role="col1">
       <lb facs="#eSc_line_dc2dbe0b"/>
       1
      </cell>
      <cell n="2" role="col2">
       <lb facs="#eSc_line_4d090582"/>
       <date cert="high" when-iso="[1874-01-2, 1874-12-2, 1875-01-2, 1875-12-2]">
        2
       </date>
      </cell>
      <cell n="3" role="col3">
       <lb facs="#eSc_line_c1034535"/>
       Procuration
      </cell>
      <cell n="4" role="col4"/>
      <cell n="5" role="col5">
       <lb facs="#eSc_line_d2b1b79e" n="1"/>
       Le Roy (par marie Charlotte) dt à Paris avenue
      </cell>
      <cell n="6" role="col6"/>
      <cell n="7" role="col7">
       <lb facs="#eSc_line_755e8da6"/>
       3 75
      </cell>
      <cell n="8" role="misc"/>
     </row>
     <row>
      <cell n="1" role="col1">
       <lb facs="#eSc_line_8d681891"/>
       2
      </cell>
      <cell n="2" role="col2">
       <lb facs="#eSc_line_51ac8c55"/>
       <date cert="high" when-iso="[1874-01-2, 1874-12-2, 1875-01-2, 1875-12-2]">
        2
       </date>
      </cell>
      <cell n="3" role="col3">
       <lb facs="#eSc_line_07b7082e"/>
       Certificat de vie
      </cell>
      <cell n="4" role="col4"/>
      <cell n="5" role="col5">
       <lb facs="#eSc_line_3f3dcab0" n="1"/>
       de Clichy n°48 à l'effet de gérer
       <lb facs="#eSc_line_42e0eab8" n="2"/>
       Delavigne ( par Marie Antoinette Emilie ve de Henri
       <lb facs="#eSc_line_31c283c5" n="3"/>
       Fçois Avenel) dt à Paris rue de la Santé n°29.
      </cell>
      <cell n="6" role="col6">
       <lb facs="#eSc_line_62dd4ecf"/>
       <date cert="high" when-iso="[1874-01-5, 1874-12-5, 1875-01-5, 1875-12-5]">
        5
       </date>
       <lb facs="#eSc_line_3907c5ae"/>
       <date cert="high" when-iso="[1874-01-5, 1874-12-5, 1875-01-5, 1875-12-5]">
        5
       </date>
      </cell>
      <cell n="7" role="col7">
       <lb facs="#eSc_line_0ea782aa"/>
       1 88
      </cell>
      <cell n="8" role="misc"/>
     </row>
     <row>
      <cell n="1" role="col1">
       <lb facs="#eSc_line_ce7919fa"/>
       3
      </cell>
      <cell n="2" role="col2">
       <lb facs="#eSc_line_b268b3ba"/>
       <date cert="high" when-iso="[1874-01-5, 1874-12-5, 1875-01-5, 1875-12-5]">
        5
       </date>
      </cell>
      <cell n="3" role="col3"/>
      <cell n="4" role="col4">
       <lb facs="#eSc_line_13d96442"/>
       Inventaire
      </cell>
      <cell n="5" role="col5">
       <lb facs="#eSc_line_6a0c618e" n="1"/>
       Bigle (après le décès arrivé à son domicile à
       <lb facs="#eSc_line_07b94687" n="2"/>
       Paris rue Delaborde n°11 le 29 9bre 1874 de Pierre
       <lb facs="#eSc_line_4675e78c" n="3"/>
       Jules) en son vivant architecte
      </cell>
      <cell n="6" role="col6">
       <lb facs="#eSc_line_c7e7c841"/>
       <date cert="high" when-iso="[1874-01-11, 1874-12-11, 1875-01-11, 1875-12-11]">
        11
       </date>
      </cell>
      <cell n="7" role="col7">
       <lb facs="#eSc_line_7af64894"/>
       18 75
      </cell>
      <cell n="8" role="misc"/>
     </row>
     <row>
      <cell n="1" role="col1">
       <lb facs="#eSc_line_73588b23"/>
       4
      </cell>
      <cell n="2" role="col2">
       <lb facs="#eSc_line_ab3bb7a5"/>
       <date cert="high" when-iso="[1874-01-7, 1874-12-7, 1875-01-7, 1875-12-7]">
        7
       </date>
      </cell>
      <cell n="3" role="col3">
       <lb facs="#eSc_line_18e6189d"/>
       Procuration
      </cell>
      <cell n="4" role="col4"/>
      <cell n="5" role="col5">
       <lb facs="#eSc_line_974447d8" n="1"/>
       Vanderest (par jean Joseph marie) et Augustine
       <lb facs="#eSc_line_b788bebb" n="2"/>
       Julie Hauté sa fe dt à Paris rue Lecourbe 84 à Fçois
       <lb facs="#eSc_line_0ae5f060" n="3"/>
       Heguinne et Adèle Virginie Pauline Giraudon sa fe dt
       <lb facs="#eSc_line_3c4e56b8" n="4"/>
       à Levallois Perret passage Touezlin n°33 à (en blanc
       <lb facs="#eSc_line_0dd200cf" n="5"/>
       à l'effet de vendre.
      </cell>
      <cell n="6" role="col6">
       <lb facs="#eSc_line_f9bd8f26"/>
       <date cert="high" when-iso="[1874-01-8, 1874-12-8, 1875-01-8, 1875-12-8]">
        8
       </date>
      </cell>
      <cell n="7" role="col7">
       <lb facs="#eSc_line_5b31be81"/>
       3 75
      </cell>
      <cell n="8" role="misc"/>
     </row>
     <row>
      <cell n="1" role="col1">
       <lb facs="#eSc_line_a54361c3"/>
       5
      </cell>
      <cell n="2" role="col2">
       <lb facs="#eSc_line_631948a7"/>
       <date cert="high" when-iso="[1874-01-8, 1874-12-8, 1875-01-8, 1875-12-8]">
        8
       </date>
      </cell>
      <cell n="3" role="col3"/>
      <cell n="4" role="col4">
       <lb facs="#eSc_line_e64bb18c"/>
       Dépôt
      </cell>
      <cell n="5" role="col5">
       <lb facs="#eSc_line_9ff1c5fa" n="1"/>
       Guëll y Baro (de Son donnée par Isabel
       <lb facs="#eSc_line_e6ffba70" n="2"/>
       Ferret y Bofill ve de Bartolome) dt à barcelonne
       <lb facs="#eSc_line_ed00a8db" n="3"/>
       à M. M. Abaroa Uribanen et Goguel banquiers à
       <lb facs="#eSc_line_486cde42" n="4"/>
       Paris pour transférer 6075+ de rente sur l'état
       <lb facs="#eSc_line_94da1fae" n="5"/>
       français 4 1/2 %.
      </cell>
      <cell n="6" role="col6">
       <lb facs="#eSc_line_f96613d7"/>
       <date cert="high" when-iso="[1874-01-8, 1874-12-8, 1875-01-8, 1875-12-8]">
        8
       </date>
      </cell>
      <cell n="7" role="col7">
       <lb facs="#eSc_line_5e3e0d4f"/>
       3.75
      </cell>
      <cell n="8" role="misc"/>
     </row>
     <row>
      <cell n="1" role="col1">
       <lb facs="#eSc_line_9ad53e27"/>
       6
      </cell>
      <cell n="2" role="col2">
       <lb facs="#eSc_line_774526f6"/>
       <date cert="high" when-iso="[1874-01-9, 1874-12-9, 1875-01-9, 1875-12-9]">
        9
       </date>
      </cell>
      <cell n="3" role="col3">
       <lb facs="#eSc_line_ebd9937d"/>
       Consentement
      </cell>
      <cell n="4" role="col4"/>
      <cell n="5" role="col5">
       <lb facs="#eSc_line_580cd9b0" n="1"/>
       Sirmain (par Fçois) dt à la Varenne St Maur
       <lb facs="#eSc_line_a5f541a0" n="2"/>
       avenue Estibal 14 au mariage de son fils Edme avec
       <lb facs="#eSc_line_53dae6ec" n="3"/>
       delle Victoire Léonie Cardou.
      </cell>
      <cell n="6" role="col6">
       <lb facs="#eSc_line_6fad3929"/>
       <date cert="high" when-iso="[1874-01-11, 1874-12-11, 1875-01-11, 1875-12-11]">
        11
       </date>
      </cell>
      <cell n="7" role="col7">
       <lb facs="#eSc_line_0a86da0a"/>
       3 75
      </cell>
      <cell n="8" role="misc"/>
     </row>
     <row>
      <cell n="1" role="col1">
       <lb facs="#eSc_line_90eb9a58"/>
       7
      </cell>
      <cell n="2" role="col2">
       <lb facs="#eSc_line_744ec715"/>
       <date cert="high" when-iso="[1874-01-9, 1874-12-9, 1875-01-9, 1875-12-9]">
        9
       </date>
      </cell>
      <cell n="3" role="col3"/>
      <cell n="4" role="col4">
       <lb facs="#eSc_line_ad4f8491"/>
       Cahier de charges
      </cell>
      <cell n="5" role="col5">
       <lb facs="#eSc_line_e94a5dfb" n="1"/>
       Paviset et Cie (requête de Etienne jules Giraudeau
       <lb facs="#eSc_line_5fe8ad55" n="2"/>
       dt à Paris rue de Londres n°56 À Louis Delpeuch dt à
       <lb facs="#eSc_line_65be1c17" n="3"/>
       Paris rue Turbigo 18 liquidateurs judiciaires de la
       <lb facs="#eSc_line_f9aa4a83" n="4"/>
       société) pour arriver à la vente d'un fonds d'eaux
       <lb facs="#eSc_line_6e1b043a" n="5"/>
       minérales explioité à Paris, rue du cloitre St Merri 20.
      </cell>
      <cell n="6" role="col6">
       <lb facs="#eSc_line_c6ddf69d"/>
       <date cert="high" when-iso="[1874-01-19, 1874-12-19, 1875-01-19, 1875-12-19]">
        19
       </date>
      </cell>
      <cell n="7" role="col7">
       <lb facs="#eSc_line_b3d0ad59"/>
       3 75
      </cell>
      <cell n="8" role="misc"/>
     </row>
     <row>
      <cell n="1" role="col1">
       <lb facs="#eSc_line_bc16d562"/>
       8
      </cell>
      <cell n="2" role="col2">
       <lb facs="#eSc_line_89ac8153"/>
       <date cert="high" when-iso="[1874-01-10, 1874-12-10, 1875-01-10, 1875-12-10]">
        10
       </date>
       <lb facs="#eSc_line_9596f120"/>
       <date cert="high">
        (8&amp;)
       </date>
      </cell>
      <cell n="3" role="col3"/>
      <cell n="4" role="col4"/>
      <cell n="5" role="col5">
       <lb facs="#eSc_line_4b6c96c3" n="1"/>
       Lhermitte (après le décès arrivé à l'hospice de
       <lb facs="#eSc_line_4c31816c" n="2"/>
       Charenton le 3 juin 1874 de delle Charlotte Anne)
      </cell>
      <cell n="6" role="col6"/>
      <cell n="7" role="col7">
       <lb facs="#eSc_line_aafe19e6"/>
       3.75
      </cell>
      <cell n="8" role="misc">
       <lb facs="#eSc_line_46581cfc" n="1"/>
       Notoriété
       <lb facs="#eSc_line_307e2dd3" n="2"/>
       14
      </cell>
     </row>
     <row>
      <cell n="1" role="col1"/>
      <cell n="2" role="col2"/>
      <cell n="3" role="col3"/>
      <cell n="4" role="col4"/>
      <cell n="5" role="col5">
       <lb facs="#eSc_line_c0df955b" n="1"/>
       Vu, vérifié &amp; comparé au registre de formalité. Le présent répertoire contenant XXX le XXX XXX
       <lb facs="#eSc_line_282f4695" n="2"/>
       l'inscription de deux ce,t deux actes y compris quatre donations renvoyées au contrôle, XXX
       <lb facs="#eSc_line_f6b8e8c9" n="3"/>
       contravention renommée autre que celle relevée au XXX XXX n°5.
       <lb facs="#eSc_line_b22863f7" n="4"/>
       Paris 4e bureau le onze Janvier 1875. f25 .V.C.T.
       <lb facs="#eSc_line_cf51e1ab" n="5"/>
       ¥
      </cell>
      <cell n="6" role="col6"/>
      <cell n="7" role="col7"/>
      <cell n="8" role="misc"/>
     </row>
    </table>
   </div>
  </body>
 </text>
</TEI>