<?xml version="1.0" encoding="utf-8"?>
<TEI xmlns="http://www.tei-c.org/ns/1.0">
 <teiHeader>
  <fileDesc>
   <titleStmt>
    <title xml:lang="fr">
     DAFANCH96_023MIC07645_L-0-tei
    </title>
    <author>
     Lectaurep
    </author>
    <funder>
     Ministry of Higher Education, Research and Innovation
    </funder>
    <respStmt>
     <resp>
      Edited and encoded by
     </resp>
     <persName>
      <forename>
       Alix
      </forename>
      <surname>
       Chagué
      </surname>
     </persName>
    </respStmt>
    <respStmt>
     <resp>
      Edited and encoded by
     </resp>
     <persName>
      <forename>
       Hugo
      </forename>
      <surname>
       Scheithauer
      </surname>
     </persName>
    </respStmt>
    <respStmt>
     <resp>
      Transcription by
     </resp>
     <orgName>
      Département du Minutier central des notaires de Paris
     </orgName>
    </respStmt>
    <respStmt>
     <resp>
      Digitization by
     </resp>
     <orgName>
      Archives nationales
     </orgName>
    </respStmt>
   </titleStmt>
   <publicationStmt>
    <authority>
     Lectaurep (Archives nationales, Inria)
    </authority>
    <availability>
     <licence target="https://creativecommons.org/licenses/by/4.0/">
      <p>
       Distributed under a Creative Commons Attribution 4.0 International (CC BY 4.0)
      </p>
     </licence>
    </availability>
    <date when-iso="[1875-06-2020, 1875-05-2020]"/>
   </publicationStmt>
   <seriesStmt>
    <title type="main">
     Répertoires de notaires de Paris
    </title>
   </seriesStmt>
   <sourceDesc>
    <p/>
   </sourceDesc>
  </fileDesc>
  <encodingDesc>
   <projectDesc>
    <p>
     L'encodage de ce document s'est fait dans le cadre du projet LECTAUREP
    </p>
   </projectDesc>
   <editorialDecl>
    <correction>
     <p xml:lang="fr">
      Aucune correction
     </p>
    </correction>
    <hyphenation eol="all" rend="sh">
     <p>
      Toutes les coupures de mots pour fin de ligne (indiquées principalement avec un tiretsimple) ont été conservées.
     </p>
    </hyphenation>
   </editorialDecl>
  </encodingDesc>
  <revisionDesc>
   <change when="2021-06-18T13:47:23.137629+00:00">
    Creation
   </change>
   <change when="2021-06-18T13:47:23.137654+00:00">
    Last change
   </change>
  </revisionDesc>
 </teiHeader>
 <sourceDoc>
  <surfaceGrp type="structure_{type:col_1;}" xml:id="eSc_textblock_21e4546d">
   <surface>
    <graphic height="2912px" url="DAFANCH96_023MIC07645_L-0.jpg" width="2032px"/>
    <zone points="213,577 214,571 240,544 245,548 259,547 272,556 276,572 275,585 256,588 219,631" xml:id="eSc_line_e24d89c4">
     <line>
      440
     </line>
    </zone>
    <zone points="233,650 238,611 243,610 258,625 293,626 293,655 272,675 257,659 245,667 233,663" xml:id="eSc_line_351e2f29">
     <line>
      441
     </line>
    </zone>
    <zone points="213,737 215,704 230,719 246,707 327,708 314,761 269,748 259,743 254,748 233,749 224,742 215,749" xml:id="eSc_line_30edb88a">
     <line>
      442
     </line>
    </zone>
    <zone points="233,849 231,803 269,824 280,811 287,810 292,860 276,863 235,859" xml:id="eSc_line_209596d5">
     <line>
      443
     </line>
    </zone>
    <zone points="208,952 209,942 218,944 231,931 247,939 261,931 272,940 281,931 289,931 312,948 293,972 258,973 245,964 211,995" xml:id="eSc_line_865d3fe3">
     <line>
      444
     </line>
    </zone>
    <zone points="208,1077 210,1049 219,1052 228,1043 236,1042 246,1052 256,1043 269,1050 284,1035 284,1082 269,1082 259,1092 243,1084 236,1091 223,1092 210,1101" xml:id="eSc_line_9ea452b9">
     <line>
      445
     </line>
    </zone>
    <zone points="208,1162 223,1126 288,1131 293,1131 298,1152 297,1173 281,1185 256,1170 248,1176 233,1183 213,1196" xml:id="eSc_line_d17ce654">
     <line>
      446
     </line>
    </zone>
    <zone points="213,1240 215,1222 235,1202 261,1218 286,1204 295,1204 303,1212 305,1240 300,1240 265,1275 235,1246 229,1246 215,1259" xml:id="eSc_line_c1052f60">
     <line>
      447
     </line>
    </zone>
    <zone points="225,1550 225,1518 235,1507 246,1515 256,1507 272,1515 305,1481 312,1481 316,1558 302,1546 293,1547 275,1561 266,1552 259,1558 227,1555" xml:id="eSc_line_a8915532">
     <line>
      448
     </line>
    </zone>
    <zone points="208,1651 237,1627 257,1628 268,1639 285,1635 305,1651 267,1669 222,1669 210,1681" xml:id="eSc_line_624ba146">
     <line>
      449
     </line>
    </zone>
    <zone points="221,1731 222,1715 230,1706 248,1718 259,1706 273,1707 301,1727 250,1787 231,1787 225,1782" xml:id="eSc_line_c1aa9ac4">
     <line>
      450
     </line>
    </zone>
    <zone points="214,1848 215,1827 229,1826 238,1835 250,1826 273,1829 303,1798 307,1846 304,1851 297,1849 280,1867 264,1872 259,1867 224,1868 216,1860" xml:id="eSc_line_ed1a8ad2">
     <line>
      451
     </line>
    </zone>
    <zone points="216,2051 217,2035 231,2020 248,2028 257,2020 263,2025 274,2020 298,2036 301,2047 299,2053 291,2050 273,2069 268,2067 253,2084 232,2085 218,2072" xml:id="eSc_line_de465d85">
     <line>
      452
     </line>
    </zone>
    <zone points="210,2199 211,2189 230,2170 240,2180 253,2171 265,2172 283,2187 289,2187 292,2197 289,2213 269,2213 235,2243 212,2251" xml:id="eSc_line_26770cc0">
     <line>
      453
     </line>
    </zone>
    <zone points="212,2311 214,2301 223,2292 264,2290 269,2290 285,2306 301,2304 303,2311 301,2323 286,2325 268,2341 259,2338 248,2349 238,2349 218,2329 214,2332" xml:id="eSc_line_9b250aa5">
     <line>
      454
     </line>
    </zone>
    <zone points="214,2469 214,2455 231,2436 259,2444 300,2398 306,2479 294,2473 266,2501 251,2497 239,2508 218,2492" xml:id="eSc_line_c96d80a8">
     <line>
      455
     </line>
    </zone>
    <zone points="201,2551 201,2540 217,2522 248,2533 256,2526 276,2543 296,2533 299,2543 276,2545 235,2588 224,2589 213,2581 205,2588" xml:id="eSc_line_93155edb">
     <line>
      456
     </line>
    </zone>
    <zone points="213,2674 213,2663 232,2636 244,2636 251,2627 292,2648 296,2661 262,2706 241,2708 217,2690" xml:id="eSc_line_0c821ed1">
     <line>
      457
     </line>
    </zone>
   </surface>
  </surfaceGrp>
  <surfaceGrp type="structure_{type:col_3;}" xml:id="eSc_textblock_81012634">
   <surface>
    <graphic height="2912px" url="DAFANCH96_023MIC07645_L-0.jpg" width="2032px"/>
    <zone points="451,577 451,548 467,556 499,556 509,548 524,547 532,555 541,556 551,547 564,547 576,556 587,546 597,547 615,538 624,546 629,542 639,550 643,570 642,599 638,602 621,590 611,597 600,596 590,587 579,585 568,596 558,587 541,587 514,611 496,593 482,595 472,587 465,590 453,585" xml:id="eSc_line_a42fbb0d">
     <line>
      Suite du 8 juillet 1869
     </line>
    </zone>
    <zone points="436,657 437,635 457,632 466,639 482,633 490,635 504,620 527,635 542,626 549,633 554,629 560,635 568,635 576,626 586,632 599,624 610,626 640,650 637,668 626,673 619,667 605,676 583,659 513,662 496,658 476,666 448,660 438,667" xml:id="eSc_line_94c53d31">
     <line>
      suite des 3 &amp; 4 mai 1875
     </line>
    </zone>
    <zone points="422,844 428,771 443,786 452,787 457,782 498,827 530,827 534,823 541,826 559,814 564,814 574,826 604,825 606,851 603,860 503,859 492,868 481,861 443,859 422,874" xml:id="eSc_line_ee8ed30f">
     <line>
      Procuration
     </line>
    </zone>
    <zone points="427,1162 429,1097 445,1106 460,1098 500,1138 557,1140 577,1123 587,1122 612,1144 617,1140 619,1162 615,1181 607,1174 590,1174 585,1170 579,1174 502,1174 497,1179 429,1170" xml:id="eSc_line_432ec0da">
     <line>
      Procuration
     </line>
    </zone>
    <zone points="426,1541 428,1518 439,1513 463,1531 482,1514 489,1519 507,1513 517,1514 525,1522 534,1513 546,1513 570,1530 582,1519 592,1524 625,1497 624,1594 573,1555 548,1555 529,1574 519,1572 498,1551 493,1555 444,1557 437,1563 427,1558" xml:id="eSc_line_ba9e5107">
     <line>
      Suite du 29 Janvier 69
     </line>
    </zone>
    <zone points="449,1664 450,1632 458,1636 474,1634 489,1642 508,1626 517,1634 538,1637 543,1642 554,1633 570,1641 584,1626 594,1629 617,1605 624,1609 628,1659 602,1683 591,1681 577,1667 557,1666 538,1676 521,1667 451,1666" xml:id="eSc_line_4fa378fc">
     <line>
      Suite du 19 avril 75
     </line>
    </zone>
    <zone points="410,1737 413,1687 421,1690 436,1676 443,1681 458,1675 495,1715 564,1715 585,1700 594,1705 600,1700 615,1712 613,1755 604,1755 598,1749 576,1748 454,1748 410,1786" xml:id="eSc_line_2cc49d09">
     <line>
      Procuration
     </line>
    </zone>
    <zone points="398,2560 398,2526 407,2519 422,2530 430,2531 437,2524 452,2522 462,2531 481,2517 488,2524 509,2524 526,2537 543,2522 555,2522 567,2531 575,2522 600,2521 614,2515 617,2568 602,2580 584,2580 562,2563 502,2563 494,2570 480,2563 447,2563 433,2564 425,2570 412,2560 399,2561" xml:id="eSc_line_93cba6bb">
     <line>
      Suite du 20 avril 1874
     </line>
    </zone>
    <zone points="424,2664 425,2648 442,2633 455,2643 467,2634 475,2634 484,2643 498,2643 511,2637 523,2643 540,2626 564,2625 582,2643 599,2641 606,2634 609,2667 604,2699 590,2699 571,2680 559,2692 543,2693 526,2676 476,2676 469,2683 451,2677 425,2690" xml:id="eSc_line_bc801d66">
     <line>
      Suite du 30 mars 75
     </line>
    </zone>
   </surface>
  </surfaceGrp>
  <surfaceGrp type="structure_{type:col_5;}" xml:id="eSc_textblock_c55f94ba">
   <surface>
    <graphic height="2912px" url="DAFANCH96_023MIC07645_L-0.jpg" width="2032px"/>
    <zone points="903,538 904,505 912,497 924,496 935,507 954,507 974,526 999,500 1019,491 1047,508 1053,504 1063,509 1073,498 1080,499 1108,527 1128,507 1180,506 1197,491 1203,491 1237,519 1266,490 1275,491 1291,507 1300,507 1306,513 1329,490 1379,491 1398,510 1426,513 1435,519 1448,511 1468,531 1485,531 1449,532 1434,547 1374,549 1319,545 1291,550 1253,546 1241,534 1230,535 1218,547 1120,548 1108,536 1084,536 1064,554 1048,553 1038,559 1023,547 1004,543 991,547 978,538 953,549 944,545 904,546" xml:id="eSc_line_f60606c2">
     <line>
      An 1875 mois de Mai
     </line>
    </zone>
    <zone points="839,570 841,523 860,536 866,534 871,538 881,531 916,554 926,555 946,546 958,554 979,556 1005,544 1021,555 1031,553 1039,558 1075,552 1092,540 1111,553 1130,554 1147,549 1154,554 1170,554 1192,548 1208,552 1228,541 1248,555 1261,548 1283,547 1291,553 1298,548 1314,547 1320,551 1327,548 1345,560 1356,554 1411,554 1424,560 1431,555 1441,562 1473,566 1506,547 1515,547 1531,558 1570,539 1581,547 1593,547 1610,536 1648,560 1677,561 1691,571 1705,573 1694,573 1673,588 1642,582 1622,586 1563,583 1543,589 1522,585 1480,587 1475,583 1463,588 1387,586 1362,603 1353,603 1330,587 1316,587 1278,608 1238,587 1077,588 1064,584 1048,594 1034,591 1018,602 994,586 962,591 927,583 915,587 848,587 842,591" xml:id="eSc_line_3fc0d6ed">
     <line>
      Chemins de fer Normands (de pièces de publications de délibérations
     </line>
    </zone>
    <zone points="844,609 846,598 856,588 868,589 874,595 881,588 890,587 906,602 921,587 932,583 957,588 970,599 983,588 997,587 1016,606 1030,595 1043,608 1055,609 1046,609 1027,628 1015,618 1003,627 995,619 954,619 947,612 931,627 908,624 899,627 883,618 846,619" xml:id="eSc_line_0caf502a">
     <line>
      de la Cie des)
     </line>
    </zone>
    <zone points="852,649 855,634 879,617 899,626 914,627 928,627 940,621 948,626 974,626 986,619 1012,634 1040,633 1049,627 1060,634 1072,634 1096,618 1119,634 1130,634 1154,633 1176,618 1193,627 1219,610 1242,626 1256,617 1282,630 1296,620 1338,619 1363,636 1377,626 1390,626 1406,635 1434,638 1456,626 1468,626 1479,633 1521,604 1549,623 1571,619 1593,634 1617,620 1665,626 1682,637 1693,629 1702,630 1711,634 1714,648 1711,668 1699,676 1679,665 1663,667 1654,661 1639,669 1620,659 1465,659 1442,666 1433,660 1369,660 1357,652 1346,660 1307,660 1288,669 1265,659 1242,659 1235,664 1222,656 1208,660 1101,660 1087,669 1070,659 1025,658 1012,666 996,659 978,667 968,660 893,658 854,667" xml:id="eSc_line_bc832bab">
     <line>
      Poutrel (entre francoise Eugénie Deton veuve de Louis Denis) demt
     </line>
    </zone>
    <zone points="841,690 842,681 857,668 873,671 888,661 894,661 911,676 932,667 947,681 964,673 981,675 990,683 1006,668 1019,667 1027,660 1034,660 1050,675 1071,666 1085,674 1111,676 1121,667 1130,672 1147,660 1157,660 1174,675 1184,666 1207,666 1224,657 1249,680 1265,666 1274,666 1283,674 1299,667 1310,676 1320,675 1338,659 1353,673 1363,666 1372,675 1391,674 1406,665 1422,674 1439,674 1451,666 1470,683 1473,691 1469,698 1459,702 1447,698 1409,699 1394,713 1379,699 1367,698 1350,701 1169,697 1153,699 1136,715 1115,707 1104,712 1092,700 999,700 994,695 982,700 952,700 946,706 886,698 864,698 843,704" xml:id="eSc_line_91e870f4">
     <line>
      à Paris, rue Oberkampf n°42 etses trois enfants
     </line>
    </zone>
    <zone points="847,728 849,710 864,699 884,698 924,708 996,706 1009,712 1021,706 1037,706 1046,712 1068,699 1082,707 1097,707 1113,714 1126,709 1134,715 1237,714 1257,718 1290,698 1311,714 1328,713 1336,717 1349,715 1361,706 1371,706 1382,714 1410,714 1430,699 1448,699 1459,707 1468,705 1482,715 1497,714 1509,722 1532,706 1543,706 1552,699 1571,699 1591,714 1601,707 1614,715 1644,714 1655,722 1658,730 1655,739 1629,740 1620,747 1606,738 1557,739 1548,746 1537,739 1526,745 1513,735 1490,739 1480,746 1468,738 1394,738 1365,755 1345,754 1325,739 1318,741 1312,737 1281,742 1258,736 1251,740 1223,739 1218,743 1197,739 1127,739 1116,746 1104,739 1067,738 1057,746 1047,747 1031,739 1019,747 1002,747 988,740 858,741 850,735" xml:id="eSc_line_757155df">
     <line>
      Carmona (deprocuration donnée par Dolorès Arriago
     </line>
    </zone>
    <zone points="828,768 831,754 852,746 867,745 882,754 914,755 937,745 961,750 982,739 1005,753 1032,757 1047,747 1068,748 1085,738 1144,755 1198,754 1209,747 1225,755 1236,754 1248,746 1275,749 1295,738 1311,737 1337,754 1372,754 1382,760 1399,749 1411,755 1429,754 1464,739 1497,754 1517,753 1536,741 1553,749 1572,738 1592,750 1607,740 1634,755 1681,732 1720,756 1729,755 1733,768 1714,779 1690,780 1669,794 1648,780 1637,778 1612,778 1602,784 1593,778 1563,777 1447,779 1424,770 1412,778 1390,778 1384,774 1373,779 1313,778 1302,784 1292,778 1281,779 1269,771 1248,785 1225,777 1067,778 1050,786 1035,787 1016,778 1001,788 983,781 961,795 931,779 880,778 856,782 835,769" xml:id="eSc_line_ba80ec70">
     <line>
      epouse de Jorge) demeurant ) Mexico à Abaroa Uribarren &amp; Goguel
     </line>
    </zone>
    <zone points="849,812 852,790 860,784 880,794 953,796 967,794 979,785 993,795 1014,779 1035,790 1053,787 1061,793 1079,786 1105,796 1123,785 1176,785 1187,791 1194,786 1211,790 1227,785 1246,795 1257,787 1279,786 1300,802 1322,786 1335,793 1357,795 1369,786 1387,782 1400,792 1419,786 1435,795 1462,779 1478,788 1493,786 1503,792 1511,786 1538,787 1559,778 1570,782 1593,779 1622,795 1651,795 1666,804 1669,812 1666,819 1660,815 1643,821 1606,820 1593,815 1567,820 1558,813 1515,820 1506,813 1492,813 1470,824 1455,818 1446,825 1433,818 1325,818 1304,830 1286,819 1276,818 1183,818 1166,831 1145,816 1108,819 1097,826 1066,812 1049,820 1000,819 989,812 980,819 955,819 947,825 936,819 917,819 907,812 851,820" xml:id="eSc_line_b20874ba">
     <line>
      demeurant à Paris rue de Richelieu 102, pour Vendre de rentes &amp; valeurs
     </line>
    </zone>
    <zone points="830,840 832,834 839,835 854,826 864,829 887,813 907,813 932,826 1022,827 1033,821 1047,831 1080,822 1089,828 1116,828 1126,821 1144,819 1164,833 1184,819 1203,819 1223,833 1242,820 1251,820 1259,826 1284,826 1294,831 1321,826 1334,835 1372,835 1385,828 1398,834 1409,826 1424,835 1440,825 1461,835 1492,814 1505,814 1523,827 1539,818 1558,831 1590,816 1608,829 1619,826 1630,834 1652,834 1673,819 1692,818 1696,844 1692,853 1688,851 1678,858 1656,854 1627,860 1577,860 1563,854 1557,858 1538,855 1519,860 1504,854 1497,859 1478,859 1466,851 1449,858 1431,856 1421,850 1385,861 1334,857 1267,860 1251,850 1236,860 1221,860 1211,852 1182,859 1165,853 1141,859 1106,855 1099,860 1076,858 1067,864 1042,857 1016,875 982,860 927,858 915,865 899,855 873,860 855,858 841,847 832,849" xml:id="eSc_line_78b02aa1">
     <line>
      Manoury (par Ferdinand) demeurant à Paris, boulevart
     </line>
    </zone>
    <zone points="842,888 844,852 877,867 897,856 916,867 929,860 956,868 992,867 1034,858 1075,860 1096,859 1121,862 1209,862 1249,869 1281,858 1300,858 1311,865 1320,859 1356,858 1368,866 1384,866 1418,851 1428,858 1437,855 1452,863 1468,852 1481,860 1504,854 1519,864 1531,859 1542,865 1563,858 1588,873 1610,859 1619,859 1632,868 1680,867 1707,879 1717,876 1722,889 1719,896 1701,905 1660,891 1582,901 1563,892 1545,900 1525,892 1412,892 1404,893 1371,916 1353,907 1332,921 1326,921 1284,892 1262,900 1250,892 1238,894 1201,896 1162,894 1108,892 1084,906 1059,892 1039,893 1028,900 996,891 932,892 926,896 915,890 895,891 876,899 860,892 845,902" xml:id="eSc_line_b5d1a755">
     <line>
      des Capucines. n°6, &amp; demelles Eugénie &amp; Joséphine Delasalle, demeurant
     </line>
    </zone>
    <zone points="836,920 838,897 866,917 894,891 913,909 927,899 953,907 961,899 983,900 992,892 1006,893 1019,906 1107,909 1138,891 1150,892 1165,907 1176,907 1186,899 1201,914 1217,913 1245,892 1252,892 1261,901 1293,900 1326,923 1375,924 1361,930 1356,925 1325,925 1312,938 1298,943 1283,929 1270,932 1264,927 1250,933 1235,928 1216,945 1203,932 1142,931 1117,939 1102,931 1064,938 1054,929 1039,934 999,933 988,932 977,922 971,922 962,930 950,925 941,931 901,934 895,928 871,923 860,932 847,931 837,922" xml:id="eSc_line_ab99dc90">
     <line>
      à Levallois Perret, rueValentin, n°10,
     </line>
    </zone>
    <zone points="859,960 861,931 873,923 894,927 908,937 932,938 951,925 962,930 975,922 998,938 1020,937 1026,941 1053,930 1066,939 1091,938 1111,947 1144,930 1161,932 1185,946 1199,938 1216,946 1238,931 1253,938 1263,931 1280,929 1299,942 1307,938 1320,945 1344,946 1370,929 1402,947 1417,937 1438,938 1453,929 1482,946 1541,945 1551,938 1568,941 1584,930 1597,936 1625,916 1649,932 1669,930 1686,942 1708,936 1711,958 1708,983 1698,990 1679,977 1659,988 1634,970 1568,971 1561,966 1547,973 1438,972 1419,968 1399,972 1291,972 1266,971 1256,964 1240,965 1214,980 1194,971 1183,971 1166,980 1145,970 1072,972 1041,971 1034,967 1020,975 1010,968 886,972 862,962" xml:id="eSc_line_98b58911">
     <line>
      Prudhon (entre hippolyte Eudamidas) demeurant à Neuilly
     </line>
    </zone>
    <zone points="845,1001 848,979 855,977 901,985 936,972 969,982 986,971 1009,971 1018,978 1027,972 1048,987 1067,986 1079,994 1109,972 1136,976 1146,971 1174,985 1184,978 1200,977 1213,985 1241,965 1251,966 1280,987 1296,979 1308,986 1332,971 1354,982 1375,972 1405,978 1420,970 1441,979 1475,977 1494,987 1522,971 1543,985 1563,987 1615,986 1625,979 1643,977 1660,989 1681,988 1684,999 1680,1009 1664,1012 1651,1021 1629,1012 1508,1009 1483,1018 1472,1010 1450,1010 1432,1011 1419,1021 1369,1021 1362,1017 1352,1020 1339,1011 1313,1011 1306,1016 1289,1010 1276,1013 1255,1028 1222,1006 1211,1011 1188,1011 1171,999 1152,1011 1132,1002 1113,1012 1095,1012 1081,1002 1060,1015 1044,1011 1015,1014 997,1004 988,1010 952,1011 945,1007 925,1018 909,1010 892,1012 868,1005 847,1006" xml:id="eSc_line_2522e18b">
     <line>
      avenue de Villiers n°21 et Eugène Louis Duhamel, demeurant à
     </line>
    </zone>
    <zone points="836,1036 837,995 850,1008 867,1005 898,1018 908,1028 919,1020 932,1018 949,1018 955,1024 970,1011 986,1012 996,1006 1016,1026 1051,1026 1057,1020 1063,1026 1083,1027 1090,1032 1117,1011 1153,1011 1165,1000 1201,1032 1229,1032 1194,1033 1189,1039 1180,1033 1164,1043 1154,1043 1143,1034 1135,1035 1128,1044 1111,1043 1100,1054 1080,1048 1000,1053 980,1042 969,1050 960,1041 948,1050 934,1051 918,1036 900,1036 893,1044 873,1036 864,1043 852,1040 843,1049 838,1047" xml:id="eSc_line_b4f686d8">
     <line>
      Paris, rue Vanneau, n°39
     </line>
    </zone>
    <zone points="844,1077 847,1055 872,1038 905,1054 915,1050 967,1052 980,1045 1000,1058 1079,1050 1094,1060 1106,1051 1118,1049 1139,1051 1149,1058 1173,1041 1197,1058 1214,1061 1241,1042 1268,1042 1295,1028 1304,1029 1348,1059 1388,1057 1395,1061 1409,1051 1420,1051 1430,1057 1454,1043 1464,1043 1497,1062 1517,1049 1542,1051 1559,1043 1579,1047 1598,1034 1608,1034 1630,1050 1664,1029 1674,1036 1691,1033 1695,1067 1664,1085 1626,1081 1603,1084 1595,1091 1585,1087 1555,1108 1532,1108 1500,1085 1490,1084 1473,1084 1459,1093 1446,1092 1436,1085 1383,1086 1353,1080 1345,1085 1183,1085 1172,1093 1149,1082 1117,1091 1054,1083 1024,1083 1003,1091 989,1084 969,1091 956,1084 846,1085" xml:id="eSc_line_61748033">
     <line>
      Péan (après le décès arrivé à Paris rue de Rome, n°105, le 30
     </line>
    </zone>
    <zone points="839,1114 840,1106 857,1089 894,1099 943,1098 950,1091 961,1095 976,1090 1014,1091 1032,1108 1048,1106 1074,1089 1089,1101 1110,1090 1130,1089 1143,1100 1149,1100 1158,1091 1173,1100 1183,1090 1195,1090 1217,1112 1226,1107 1231,1112 1211,1116 1199,1113 1172,1140 1154,1124 1034,1124 1026,1116 989,1148 950,1115 937,1123 874,1121 857,1123 851,1129 840,1123" xml:id="eSc_line_1a39f18e">
     <line>
      janvier 1875. de Alexis)
     </line>
    </zone>
    <zone points="839,1162 842,1130 847,1132 860,1123 875,1121 886,1121 911,1138 938,1132 958,1136 968,1132 990,1147 1011,1133 1021,1139 1064,1141 1087,1125 1114,1140 1132,1139 1149,1127 1172,1142 1200,1122 1226,1139 1242,1130 1261,1131 1274,1123 1298,1139 1314,1131 1327,1139 1388,1139 1401,1130 1436,1139 1450,1129 1469,1137 1487,1124 1500,1123 1528,1140 1558,1124 1599,1152 1622,1137 1645,1138 1658,1147 1677,1146 1696,1137 1699,1155 1696,1163 1680,1170 1672,1167 1652,1171 1630,1186 1596,1165 1574,1172 1510,1170 1503,1174 1451,1166 1432,1171 1421,1163 1405,1164 1391,1172 1335,1171 1321,1162 1301,1172 1280,1167 1273,1171 1249,1168 1225,1172 1204,1162 1192,1171 1170,1167 1151,1171 1140,1179 1121,1175 1116,1178 1103,1169 1087,1171 1074,1179 1051,1163 1042,1163 1030,1164 1004,1178 992,1180 985,1175 967,1187 957,1187 936,1173 916,1169 905,1172 898,1168 888,1172 866,1164 853,1170 842,1164" xml:id="eSc_line_114bf5d4">
     <line>
      Laruaz (par Joseph) et Marie Anasthasie Basthien, safemme,
     </line>
    </zone>
    <zone points="839,1196 842,1169 850,1174 865,1165 883,1178 913,1182 919,1178 942,1178 954,1186 966,1187 978,1179 989,1186 1025,1170 1032,1173 1046,1163 1075,1180 1083,1177 1094,1185 1104,1178 1152,1178 1162,1171 1177,1180 1205,1162 1230,1178 1242,1171 1253,1179 1281,1178 1293,1186 1322,1170 1363,1172 1383,1187 1415,1167 1434,1181 1448,1171 1458,1171 1470,1180 1491,1178 1501,1185 1519,1173 1542,1186 1550,1180 1561,1183 1577,1172 1588,1171 1600,1180 1613,1178 1626,1188 1646,1187 1664,1174 1667,1195 1626,1212 1578,1212 1562,1200 1542,1212 1516,1207 1495,1221 1466,1204 1453,1212 1426,1211 1410,1204 1400,1211 1382,1209 1371,1214 1359,1207 1355,1210 1330,1201 1315,1211 1287,1214 1281,1210 1262,1213 1250,1204 1236,1211 1200,1211 1178,1202 1148,1211 1047,1210 1032,1202 1007,1209 989,1196 970,1210 960,1205 952,1210 945,1205 936,1208 930,1203 920,1203 910,1210 885,1202 865,1203 855,1210 841,1205" xml:id="eSc_line_eebac5ac">
     <line>
      demeurant à Paris, rue de Boulogne, n°34, a (en blanc) pour vendre
     </line>
    </zone>
    <zone points="832,1237 836,1227 877,1202 890,1203 901,1211 915,1211 929,1204 942,1211 987,1210 1002,1215 1022,1211 1032,1204 1054,1220 1110,1221 1124,1212 1144,1226 1160,1215 1186,1220 1209,1211 1223,1211 1243,1225 1271,1217 1282,1222 1301,1211 1349,1212 1363,1222 1380,1211 1391,1211 1408,1220 1432,1222 1448,1220 1456,1214 1483,1228 1515,1208 1543,1222 1561,1218 1622,1218 1637,1208 1653,1214 1670,1212 1673,1233 1670,1243 1499,1243 1489,1250 1475,1252 1457,1251 1446,1243 1310,1244 1289,1251 1278,1243 1258,1243 1252,1247 1243,1240 1212,1249 1199,1241 1153,1245 1142,1239 1126,1247 1066,1243 1053,1251 1039,1251 1022,1244 1011,1250 973,1243 835,1245" xml:id="eSc_line_e366e301">
     <line>
      Boissard (rendu par Joseph Hector Harouel, demeurant à
     </line>
    </zone>
    <zone points="839,1276 842,1249 859,1243 874,1243 896,1258 928,1269 940,1261 950,1266 960,1259 972,1266 997,1251 1045,1251 1063,1259 1075,1251 1105,1243 1136,1265 1166,1269 1201,1245 1211,1251 1220,1246 1228,1249 1240,1241 1277,1265 1295,1257 1311,1266 1332,1251 1371,1260 1405,1248 1413,1252 1433,1250 1444,1258 1457,1250 1466,1250 1479,1259 1500,1246 1517,1258 1530,1260 1570,1258 1582,1250 1601,1259 1624,1243 1649,1248 1662,1242 1688,1259 1691,1269 1675,1283 1650,1292 1636,1282 1611,1285 1601,1280 1555,1284 1537,1293 1518,1285 1500,1285 1490,1292 1454,1290 1436,1282 1409,1283 1399,1290 1391,1284 1352,1285 1339,1292 1317,1283 1298,1291 1283,1282 1270,1290 1258,1282 1247,1290 1239,1290 1219,1279 1206,1284 1189,1283 1176,1292 1160,1284 1131,1286 1124,1291 1098,1282 1068,1282 1055,1288 1041,1283 977,1281 956,1292 945,1292 935,1285 913,1292 901,1283 867,1279 841,1291" xml:id="eSc_line_9baee753">
     <line>
      Paris, rue delaVictoire, n°64, en qualité de tuteur de delle
     </line>
    </zone>
    <zone points="835,1313 838,1291 844,1292 864,1280 888,1283 909,1298 935,1300 953,1300 978,1283 1003,1284 1017,1294 1023,1290 1049,1294 1057,1289 1073,1299 1099,1284 1114,1285 1133,1297 1151,1287 1177,1292 1188,1284 1201,1284 1224,1296 1232,1290 1250,1290 1258,1285 1269,1292 1284,1284 1320,1310 1346,1299 1370,1299 1377,1304 1392,1298 1432,1299 1445,1291 1472,1291 1483,1298 1507,1297 1518,1306 1540,1307 1570,1290 1584,1300 1608,1285 1637,1301 1659,1298 1669,1305 1686,1307 1689,1324 1674,1332 1654,1330 1641,1339 1634,1339 1615,1326 1581,1346 1548,1324 1520,1326 1505,1320 1482,1324 1468,1332 1457,1325 1342,1324 1322,1338 1299,1323 1218,1320 1201,1332 1189,1334 1169,1322 1139,1322 1131,1318 1119,1325 1092,1324 1081,1315 1068,1323 1038,1324 1002,1323 992,1316 972,1324 889,1324 882,1319 865,1323 849,1322 838,1315" xml:id="eSc_line_7fc1c4dd">
     <line>
      Eléonore Christine Elisabeth) décédée, au mandataire de Georges
     </line>
    </zone>
    <zone points="844,1351 850,1321 867,1326 881,1320 895,1330 925,1331 932,1326 958,1339 981,1325 992,1332 1005,1323 1014,1323 1024,1330 1048,1330 1067,1323 1078,1331 1091,1331 1102,1338 1130,1319 1147,1322 1160,1331 1175,1326 1187,1334 1220,1331 1235,1323 1270,1339 1295,1329 1320,1339 1362,1339 1377,1331 1400,1332 1411,1338 1421,1331 1434,1331 1461,1341 1472,1333 1481,1335 1508,1322 1524,1333 1567,1339 1580,1348 1590,1346 1611,1331 1631,1340 1664,1331 1681,1341 1694,1341 1700,1350 1696,1369 1688,1371 1678,1364 1624,1364 1607,1372 1594,1363 1574,1363 1548,1364 1538,1371 1531,1368 1525,1372 1505,1364 1490,1373 1465,1360 1457,1365 1441,1365 1425,1355 1411,1363 1398,1357 1387,1364 1318,1363 1286,1368 1274,1361 1257,1364 1246,1356 1234,1363 1191,1362 1186,1358 1179,1362 1169,1356 1153,1364 1133,1363 1122,1371 1109,1371 1094,1361 1064,1364 1052,1359 1044,1363 1032,1359 1000,1364 980,1359 945,1364 868,1360 846,1363" xml:id="eSc_line_819324ec">
     <line>
      Chretien Theodore Boissard, demeurant à Meaux, rue du
     </line>
    </zone>
    <zone points="843,1392 844,1366 859,1360 868,1360 882,1369 887,1364 901,1363 910,1371 927,1370 935,1378 952,1364 970,1368 988,1362 998,1370 1005,1363 1026,1362 1045,1380 1067,1382 1087,1363 1096,1362 1114,1373 1124,1372 1133,1363 1151,1370 1171,1358 1179,1366 1186,1360 1191,1364 1204,1361 1224,1376 1241,1378 1250,1386 1267,1370 1276,1368 1298,1373 1311,1364 1325,1364 1337,1374 1352,1362 1364,1362 1376,1372 1384,1372 1399,1358 1408,1363 1427,1355 1458,1383 1481,1383 1469,1388 1452,1384 1437,1395 1408,1394 1396,1404 1360,1404 1354,1400 1315,1405 1305,1404 1295,1395 1285,1403 1264,1404 1251,1392 1236,1395 1229,1402 1174,1403 1165,1396 1152,1396 1143,1388 1118,1403 1095,1400 1090,1404 1074,1398 1055,1412 1040,1411 1025,1397 1018,1402 1010,1397 1001,1402 988,1390 980,1395 973,1391 963,1398 952,1396 942,1404 927,1394 914,1395 906,1404 889,1404 883,1399 878,1403 863,1403 859,1399 845,1402" xml:id="eSc_line_c798bdb6">
     <line>
      Sabot, n°13, seul héritier de la d. delle
     </line>
    </zone>
    <zone points="1000,1499 1002,1473 1025,1450 1038,1443 1048,1449 1054,1443 1080,1442 1098,1460 1107,1460 1117,1468 1128,1458 1141,1457 1175,1491 1183,1493 1220,1458 1227,1459 1262,1494 1283,1474 1279,1413 1352,1416 1335,1475 1354,1476 1363,1481 1368,1476 1380,1484 1405,1473 1419,1487 1424,1482 1434,1482 1451,1499 1461,1491 1473,1500 1442,1501 1419,1516 1386,1517 1337,1517 1321,1510 1311,1515 1304,1508 1290,1514 1274,1503 1258,1515 1222,1516 1218,1520 1210,1513 1199,1518 1189,1515 1172,1501 1161,1501 1155,1507 1132,1507 1123,1515 1103,1516 1086,1510 1075,1515 1067,1507 1049,1509 1042,1504 1025,1510 1010,1499" xml:id="eSc_line_b65b2e8d">
     <line>
      Mois de Juin
     </line>
    </zone>
    <zone points="842,1543 844,1512 900,1475 906,1475 963,1515 979,1507 991,1515 1059,1515 1073,1525 1089,1521 1098,1526 1151,1514 1180,1530 1209,1532 1226,1522 1251,1531 1275,1513 1300,1514 1308,1520 1321,1513 1334,1521 1365,1515 1381,1523 1391,1516 1402,1516 1425,1532 1515,1531 1601,1476 1614,1475 1706,1539 1689,1545 1672,1540 1647,1557 1537,1551 1478,1557 1361,1554 1348,1562 1322,1554 1299,1559 1289,1552 1178,1557 1141,1550 1119,1555 1103,1545 1083,1555 1060,1554 1034,1564 1018,1555 985,1553 962,1565 958,1562 938,1576 906,1554 844,1554" xml:id="eSc_line_4e8b3dd1">
     <line>
      Turquet (par Alexandre Auguste) demeurant à Paris,
     </line>
    </zone>
    <zone points="832,1584 834,1562 843,1556 851,1562 876,1562 883,1567 905,1556 937,1577 956,1562 962,1565 985,1556 993,1562 1025,1563 1035,1568 1064,1555 1094,1553 1104,1553 1126,1568 1135,1563 1174,1564 1185,1555 1202,1555 1224,1570 1238,1562 1265,1564 1276,1556 1289,1554 1300,1561 1307,1555 1316,1555 1326,1562 1366,1572 1387,1557 1407,1570 1426,1555 1449,1559 1466,1555 1478,1563 1492,1555 1515,1570 1543,1552 1559,1562 1570,1561 1577,1566 1594,1561 1614,1562 1635,1577 1659,1563 1667,1567 1670,1577 1665,1587 1641,1604 1626,1593 1615,1597 1531,1597 1511,1588 1499,1595 1489,1595 1471,1586 1447,1586 1430,1594 1406,1591 1401,1595 1370,1597 1292,1596 1274,1587 1261,1596 1204,1593 1183,1604 1166,1592 1147,1596 1120,1592 1106,1602 1092,1594 1074,1592 1061,1602 1039,1592 1015,1597 1001,1594 983,1602 969,1594 870,1596 838,1584" xml:id="eSc_line_173454b0">
     <line>
      rue deBraque, n°2, aux veuve &amp; héritier de Antoine Boissel,
     </line>
    </zone>
    <zone points="827,1616 829,1582 860,1603 933,1601 944,1610 954,1602 988,1603 1001,1595 1013,1603 1032,1596 1044,1604 1079,1602 1089,1595 1108,1604 1121,1595 1131,1595 1141,1603 1152,1604 1168,1593 1185,1604 1210,1593 1221,1602 1239,1594 1256,1603 1274,1588 1299,1602 1363,1602 1373,1610 1390,1596 1403,1595 1420,1608 1447,1587 1469,1587 1484,1596 1504,1595 1525,1612 1564,1614 1514,1615 1493,1629 1461,1629 1450,1624 1444,1628 1267,1629 1257,1621 1244,1628 1061,1628 1049,1637 1034,1629 1011,1628 1002,1622 988,1628 952,1626 942,1619 932,1627 905,1628 872,1621 829,1640" xml:id="eSc_line_ecaef583">
     <line>
      payant XXX XXX des héritiers Josseaume de 6300,
     </line>
    </zone>
    <zone points="859,1657 861,1631 873,1623 901,1628 909,1634 922,1628 942,1635 963,1627 975,1635 996,1635 1011,1628 1042,1646 1058,1635 1069,1642 1082,1634 1099,1644 1112,1635 1144,1635 1163,1644 1181,1642 1197,1634 1214,1646 1231,1634 1241,1636 1249,1630 1260,1637 1287,1635 1297,1639 1303,1635 1321,1638 1328,1633 1364,1651 1393,1634 1419,1644 1443,1645 1456,1636 1468,1636 1477,1642 1505,1646 1529,1640 1545,1629 1570,1643 1600,1626 1625,1644 1651,1642 1658,1646 1665,1642 1673,1648 1688,1642 1703,1644 1707,1660 1704,1675 1698,1671 1680,1675 1671,1669 1569,1666 1556,1667 1547,1674 1531,1674 1521,1667 1500,1665 1484,1675 1470,1666 1397,1669 1387,1675 1377,1668 1361,1666 1302,1669 1292,1675 1279,1669 1258,1668 1248,1675 1232,1670 1215,1682 1193,1669 1140,1669 1132,1664 1057,1666 1048,1672 1036,1664 1019,1674 995,1675 978,1670 966,1676 945,1669 862,1667" xml:id="eSc_line_9121e552">
     <line>
      Bertaux (depièces de publications de mariage de XXX
     </line>
    </zone>
    <zone points="826,1698 827,1680 834,1681 848,1667 867,1667 881,1681 887,1675 899,1675 910,1686 923,1674 933,1683 985,1682 995,1689 1000,1684 1014,1684 1025,1695 1034,1692 1040,1698 1079,1697 1084,1692 1089,1696 1102,1694 1118,1678 1128,1684 1140,1674 1147,1674 1155,1682 1235,1681 1260,1689 1269,1697 1300,1699 1271,1699 1256,1714 1243,1707 1228,1706 1125,1706 1121,1710 1100,1707 1090,1713 1076,1699 1042,1699 1026,1709 928,1706 907,1719 895,1708 845,1707 827,1719" xml:id="eSc_line_762fc5f8">
     <line>
      Paul) avec Melle Chavannet.
     </line>
    </zone>
    <zone points="830,1735 833,1711 855,1706 878,1706 900,1721 925,1712 1027,1715 1045,1703 1068,1713 1078,1709 1087,1715 1096,1714 1111,1723 1130,1723 1153,1708 1175,1720 1187,1714 1205,1718 1218,1709 1230,1707 1239,1708 1256,1720 1270,1713 1284,1720 1298,1713 1311,1721 1320,1715 1345,1718 1374,1699 1399,1714 1408,1708 1421,1714 1443,1706 1470,1715 1483,1706 1490,1711 1521,1696 1561,1723 1585,1723 1590,1727 1610,1714 1623,1722 1635,1715 1649,1725 1664,1724 1694,1707 1705,1715 1709,1740 1705,1753 1694,1761 1673,1748 1653,1747 1641,1755 1618,1743 1588,1755 1576,1747 1562,1750 1554,1745 1516,1747 1506,1754 1490,1743 1475,1748 1437,1747 1428,1753 1414,1744 1397,1749 1305,1745 1287,1757 1273,1748 1263,1748 1248,1756 1235,1747 1210,1755 1198,1748 1145,1749 1123,1745 1069,1750 1057,1755 1047,1749 1035,1755 1016,1752 998,1763 969,1756 959,1749 943,1752 928,1746 906,1755 878,1746 845,1746 833,1753" xml:id="eSc_line_d003c7b7">
     <line>
      Armand (par Louis Régis) et Maris Julie George, safemme
     </line>
    </zone>
    <zone points="832,1776 834,1754 883,1763 914,1762 922,1757 928,1761 1006,1764 1034,1755 1052,1768 1058,1764 1073,1771 1091,1762 1128,1761 1146,1762 1167,1771 1178,1763 1213,1764 1235,1749 1255,1763 1291,1762 1298,1767 1320,1754 1333,1761 1344,1754 1359,1753 1370,1758 1386,1754 1398,1762 1417,1749 1441,1765 1456,1755 1472,1755 1483,1748 1502,1761 1518,1751 1531,1761 1544,1754 1558,1764 1571,1766 1615,1745 1636,1760 1655,1767 1685,1758 1695,1761 1699,1781 1695,1810 1649,1787 1584,1788 1573,1796 1545,1792 1539,1795 1526,1786 1476,1787 1454,1795 1441,1790 1421,1796 1405,1789 1360,1790 1351,1786 1312,1787 1301,1795 1289,1796 1266,1787 1214,1789 1199,1796 1179,1785 1162,1795 1136,1786 1112,1794 1101,1786 1071,1791 1056,1781 1043,1788 919,1786 851,1787 835,1791" xml:id="eSc_line_06aa4472">
     <line>
      demeurant à la Garenne, commune de Colombes (Seine) rue d'asnières
     </line>
    </zone>
    <zone points="822,1811 824,1790 836,1793 842,1789 861,1796 880,1787 896,1786 922,1805 933,1803 953,1787 964,1795 986,1787 1001,1799 1019,1791 1037,1803 1052,1806 1088,1794 1102,1801 1135,1787 1146,1788 1158,1799 1183,1791 1198,1803 1216,1794 1234,1794 1250,1805 1273,1794 1287,1803 1323,1802 1347,1794 1369,1807 1384,1795 1404,1795 1415,1802 1424,1795 1441,1794 1454,1803 1464,1795 1482,1798 1495,1789 1509,1788 1527,1798 1545,1795 1566,1812 1583,1811 1587,1818 1571,1825 1531,1829 1448,1826 1426,1828 1419,1833 1409,1826 1319,1825 1279,1829 1246,1825 1171,1826 1153,1835 1143,1826 1118,1824 1077,1837 1064,1827 975,1827 963,1818 951,1827 933,1827 915,1812 907,1813 891,1826 869,1812 830,1839 824,1838" xml:id="eSc_line_e77c9eae">
     <line>
      n°33, à (en blanc) à l'effet de demander Compte de tutelle
     </line>
    </zone>
    <zone points="842,1851 844,1830 870,1812 903,1830 987,1828 999,1834 1012,1828 1020,1834 1043,1836 1066,1850 1086,1836 1105,1846 1129,1835 1137,1838 1143,1834 1159,1834 1172,1843 1206,1840 1230,1845 1263,1827 1289,1839 1315,1826 1330,1830 1349,1828 1369,1838 1385,1827 1408,1826 1426,1839 1449,1827 1484,1826 1504,1840 1519,1834 1535,1842 1568,1845 1596,1826 1604,1826 1618,1835 1632,1832 1647,1842 1697,1810 1700,1852 1697,1862 1687,1863 1668,1875 1651,1866 1595,1863 1585,1867 1574,1861 1565,1867 1518,1867 1508,1874 1493,1865 1435,1867 1426,1873 1413,1865 1400,1867 1376,1884 1349,1866 1329,1870 1319,1863 1289,1867 1267,1860 1243,1867 1233,1863 1214,1867 1200,1877 1180,1866 1134,1867 1125,1871 1117,1866 1067,1867 1055,1875 1041,1868 1018,1872 1011,1867 985,1868 979,1872 958,1867 918,1868 903,1875 876,1861 866,1867 845,1866" xml:id="eSc_line_194ad36d">
     <line>
      Bernaux (de décharge donnée par Joseph Benjamin Constant)
     </line>
    </zone>
    <zone points="836,1891 839,1874 850,1867 863,1874 888,1873 911,1882 949,1882 969,1874 983,1875 995,1882 1007,1875 1027,1875 1038,1882 1048,1874 1067,1875 1076,1881 1108,1874 1118,1881 1128,1874 1144,1873 1166,1882 1183,1874 1200,1879 1209,1876 1216,1881 1244,1874 1261,1882 1274,1873 1294,1874 1318,1865 1338,1879 1351,1874 1375,1886 1412,1867 1428,1877 1475,1874 1494,1866 1517,1881 1543,1867 1562,1868 1578,1876 1598,1864 1629,1883 1642,1886 1647,1882 1658,1887 1665,1882 1678,1883 1688,1890 1700,1885 1703,1891 1700,1904 1690,1899 1677,1908 1666,1907 1651,1916 1634,1908 1601,1908 1591,1903 1569,1908 1536,1907 1511,1923 1489,1913 1472,1923 1449,1908 1436,1908 1426,1915 1393,1899 1381,1907 1362,1908 1351,1903 1325,1916 1313,1908 1303,1913 1289,1904 1241,1909 1231,1902 1215,1908 1104,1907 1096,1903 1088,1907 1041,1909 875,1909 858,1901 839,1902" xml:id="eSc_line_c8531eda">
     <line>
      demeurant Amiens rue des Mayots, n°36, et delle Julie Josephine Elisa
     </line>
    </zone>
    <zone points="827,1931 830,1917 852,1901 874,1914 906,1918 916,1913 942,1915 956,1923 964,1923 985,1907 1003,1907 1017,1917 1032,1907 1048,1917 1107,1907 1120,1916 1170,1914 1182,1923 1203,1908 1210,1911 1225,1907 1236,1915 1250,1917 1271,1907 1289,1906 1303,1916 1313,1910 1327,1920 1343,1908 1356,1905 1390,1921 1402,1923 1409,1919 1417,1925 1443,1907 1470,1924 1489,1915 1509,1925 1528,1915 1536,1917 1550,1907 1570,1909 1592,1903 1601,1910 1622,1908 1646,1925 1659,1925 1655,1930 1640,1926 1613,1946 1600,1938 1570,1938 1557,1947 1545,1940 1520,1948 1504,1948 1497,1943 1489,1948 1407,1946 1396,1940 1387,1946 1377,1941 1352,1947 1342,1941 1331,1948 1276,1947 1256,1937 1242,1947 1223,1948 1208,1959 1180,1943 1155,1947 1119,1946 1113,1942 1059,1948 1050,1941 1034,1948 990,1947 966,1930 943,1948 857,1945 829,1963" xml:id="eSc_line_e2ea8b56">
     <line>
      Bernaux, demt même rue &amp; n°, à Lucien Ludovic XXX, et à Emile
     </line>
    </zone>
    <zone points="832,1970 835,1959 855,1946 882,1950 909,1947 914,1951 930,1947 950,1960 976,1942 1000,1959 1018,1948 1040,1963 1060,1962 1067,1966 1081,1956 1092,1959 1109,1947 1162,1966 1182,1954 1208,1961 1219,1953 1229,1956 1247,1946 1277,1962 1299,1955 1310,1963 1337,1965 1360,1950 1376,1961 1387,1953 1397,1960 1407,1958 1421,1965 1444,1961 1478,1963 1498,1954 1514,1957 1528,1947 1545,1958 1572,1939 1580,1939 1610,1960 1642,1941 1650,1945 1679,1941 1685,1971 1680,1981 1658,1996 1630,1996 1610,1982 1590,1988 1444,1988 1427,1984 1420,1989 1400,1982 1364,1995 1343,1995 1333,1988 1292,1988 1282,1982 1263,1987 1250,1980 1232,1987 1216,1978 1198,1987 1181,1981 1162,1994 1135,1980 1100,1990 1077,1987 1067,1994 1056,1986 1020,1990 1012,1985 895,1988 858,1983 834,1990" xml:id="eSc_line_e2c67d19">
     <line>
      Alexandre Baudrier, notaire, demt XXX XXX à Paris, rue de la Chaussée
     </line>
    </zone>
    <zone points="844,2011 846,1987 886,1988 893,1995 903,1988 920,1987 929,1989 939,1999 951,1987 995,1985 1012,1985 1042,2011 1010,2011 1000,2020 985,2021 978,2021 968,2011 957,2020 935,2021 877,2021 858,2013 846,2023" xml:id="eSc_line_62cb07d9">
     <line>
      d'Antin, n°68
     </line>
    </zone>
    <zone points="839,2055 842,2031 849,2026 871,2025 879,2030 898,2018 907,2018 924,2030 942,2019 977,2026 1010,2012 1030,2024 1058,2006 1093,2027 1149,2026 1177,2041 1193,2031 1200,2036 1229,2035 1239,2027 1250,2027 1260,2034 1276,2034 1289,2026 1318,2026 1328,2019 1340,2021 1361,2036 1379,2035 1393,2027 1412,2036 1431,2036 1440,2031 1451,2037 1476,2026 1495,2039 1521,2025 1543,2026 1559,2034 1572,2025 1591,2032 1608,2020 1621,2026 1640,2018 1655,2027 1692,2006 1705,2015 1709,2048 1706,2061 1696,2068 1674,2059 1644,2059 1616,2076 1588,2060 1498,2057 1442,2057 1424,2062 1398,2056 1333,2061 1239,2060 1227,2055 1220,2060 1196,2059 1183,2068 1173,2068 1159,2058 1085,2058 1057,2076 1025,2059 971,2060 953,2072 925,2059 892,2060 880,2054 868,2060 852,2055 841,2058" xml:id="eSc_line_593a3acd">
     <line>
      de la Roche Aymon ( par Marie Clémentine Paule de la Rochefontenille
     </line>
    </zone>
    <zone points="835,2088 838,2060 848,2055 867,2066 879,2067 893,2060 901,2066 930,2066 940,2073 945,2069 954,2073 972,2061 991,2074 1030,2076 1043,2069 1056,2078 1082,2060 1094,2060 1125,2081 1157,2059 1200,2082 1234,2059 1254,2073 1264,2067 1274,2071 1289,2060 1298,2059 1320,2075 1341,2074 1353,2080 1381,2060 1399,2055 1425,2070 1438,2061 1453,2072 1472,2059 1486,2066 1498,2058 1527,2074 1548,2076 1586,2075 1599,2067 1619,2077 1641,2061 1667,2060 1680,2065 1683,2085 1680,2098 1674,2099 1623,2100 1613,2093 1591,2099 1576,2089 1545,2101 1483,2098 1476,2093 1445,2113 1422,2098 1309,2099 1295,2108 1273,2096 1265,2100 1224,2099 1209,2088 1193,2098 1080,2098 1062,2100 1051,2108 1028,2098 981,2100 964,2112 947,2101 931,2108 916,2098 837,2099" xml:id="eSc_line_a5b5ba7a">
     <line>
      Comtesse) épouse de Réné Marie Louis Gauvin Comte) demeurant à
     </line>
    </zone>
    <zone points="831,2127 834,2100 845,2098 856,2099 873,2111 885,2106 898,2115 918,2115 929,2108 945,2106 965,2115 978,2107 990,2106 1010,2114 1032,2099 1054,2112 1071,2100 1085,2099 1111,2116 1131,2114 1153,2099 1174,2105 1193,2098 1228,2122 1252,2106 1265,2107 1277,2115 1289,2108 1309,2116 1337,2100 1354,2100 1366,2107 1376,2100 1420,2099 1448,2114 1475,2095 1490,2098 1519,2118 1529,2115 1546,2126 1569,2088 1602,2098 1613,2118 1642,2099 1665,2112 1687,2102 1697,2108 1701,2106 1705,2126 1702,2136 1686,2131 1673,2140 1632,2140 1619,2148 1600,2137 1572,2139 1559,2147 1545,2137 1467,2139 1453,2129 1409,2147 1396,2139 1361,2137 1319,2140 1304,2148 1291,2139 1272,2135 1266,2138 1256,2131 1242,2140 1228,2138 1212,2148 1199,2146 1179,2132 1131,2141 1100,2141 1090,2146 1076,2136 1041,2141 1003,2133 985,2141 960,2135 955,2139 931,2140 905,2139 888,2130 869,2140 842,2138 834,2144" xml:id="eSc_line_8062ca40">
     <line>
      Paris, rue de Las Cases, n°24, à Edouard Didas Marie Gelée, demt
     </line>
    </zone>
    <zone points="823,2160 825,2154 832,2154 850,2140 860,2147 872,2141 890,2153 899,2147 909,2155 933,2157 947,2146 962,2150 968,2146 976,2151 1002,2133 1012,2134 1028,2147 1047,2146 1056,2139 1074,2135 1087,2146 1109,2145 1135,2154 1153,2139 1168,2138 1175,2132 1212,2153 1225,2144 1238,2147 1256,2132 1265,2138 1290,2138 1310,2153 1334,2139 1346,2142 1372,2138 1378,2142 1392,2138 1405,2147 1425,2139 1436,2148 1449,2146 1456,2152 1472,2139 1492,2138 1517,2159 1553,2130 1556,2160 1540,2170 1527,2162 1507,2179 1492,2173 1460,2180 1410,2179 1400,2174 1394,2179 1362,2178 1348,2187 1329,2174 1322,2179 1311,2170 1300,2179 1284,2178 1272,2187 1257,2187 1237,2171 1222,2171 1211,2179 1202,2173 1187,2185 1162,2175 1157,2179 1149,2177 1130,2188 1114,2178 1086,2196 1045,2167 1032,2171 1022,2166 1014,2171 1004,2166 987,2179 977,2173 971,2178 961,2174 952,2177 935,2164 924,2163 903,2175 875,2169 861,2173 855,2169 839,2179 830,2181 825,2177" xml:id="eSc_line_f2734cda">
     <line>
      à Paris, rue Saint Lazare, 82, à l'effet defaire donation
     </line>
    </zone>
    <zone points="843,2203 846,2186 872,2169 905,2176 925,2164 932,2164 953,2179 959,2176 984,2181 1004,2168 1014,2172 1024,2167 1055,2189 1080,2196 1093,2195 1119,2180 1130,2188 1142,2187 1152,2180 1173,2180 1193,2191 1208,2187 1231,2171 1254,2187 1275,2187 1293,2195 1315,2180 1324,2186 1366,2185 1377,2190 1396,2186 1412,2194 1433,2180 1445,2187 1474,2187 1481,2192 1520,2187 1531,2179 1544,2186 1584,2190 1600,2180 1610,2179 1620,2186 1652,2172 1704,2199 1701,2233 1690,2239 1646,2213 1633,2219 1619,2209 1608,2214 1591,2210 1574,2222 1558,2211 1501,2211 1488,2219 1478,2212 1439,2211 1413,2229 1373,2208 1363,2212 1308,2210 1294,2220 1268,2212 1165,2213 1140,2212 1133,2207 1116,2211 1097,2208 1065,2211 1044,2227 1002,2211 978,2217 966,2212 866,2213 846,2209" xml:id="eSc_line_d900f0a1">
     <line>
      Delasalle (par Pauline Muller, veuve en premières noces de Jules
     </line>
    </zone>
    <zone points="827,2237 829,2212 840,2209 857,2210 879,2226 898,2225 929,2232 965,2213 987,2218 996,2225 1023,2226 1034,2234 1065,2212 1101,2211 1114,2215 1133,2207 1157,2225 1172,2227 1190,2225 1211,2212 1225,2222 1234,2218 1248,2228 1271,2217 1287,2227 1364,2228 1371,2223 1386,2232 1399,2226 1413,2232 1441,2211 1451,2211 1469,2225 1484,2218 1502,2227 1517,2227 1529,2218 1544,2228 1559,2219 1571,2226 1588,2227 1598,2226 1611,2217 1632,2228 1638,2239 1635,2251 1621,2255 1587,2251 1548,2254 1536,2249 1468,2252 1460,2257 1453,2252 1428,2252 1415,2247 1405,2253 1360,2251 1340,2259 1327,2259 1318,2252 1256,2252 1229,2261 1188,2251 1157,2255 1148,2248 1103,2252 1093,2245 1083,2252 1054,2252 1033,2242 993,2267 986,2267 966,2252 893,2250 875,2260 861,2252 851,2252 829,2268" xml:id="eSc_line_bde1339d">
     <line>
      Joaquim Magu delle Eugénie) demeurant à Levallois Perret
     </line>
    </zone>
    <zone points="822,2277 823,2243 831,2243 858,2265 872,2266 891,2251 908,2251 916,2259 933,2258 944,2266 959,2258 971,2269 991,2269 1005,2267 1023,2251 1033,2256 1048,2251 1079,2259 1096,2276 1119,2276 1082,2277 1073,2286 1058,2291 1050,2291 1037,2278 1023,2291 1010,2280 998,2292 987,2288 951,2289 943,2283 929,2283 918,2289 898,2285 890,2290 877,2280 841,2291 831,2281 824,2281" xml:id="eSc_line_1c2bb5f9">
     <line>
      rue Valentin, n°10
     </line>
    </zone>
    <zone points="835,2319 838,2299 868,2281 875,2281 889,2291 898,2287 920,2290 938,2283 963,2299 978,2291 988,2298 1021,2297 1040,2303 1063,2287 1069,2286 1082,2294 1099,2291 1112,2282 1135,2296 1142,2291 1153,2292 1179,2274 1197,2275 1221,2290 1234,2284 1263,2304 1281,2291 1290,2295 1300,2290 1321,2300 1354,2301 1376,2292 1400,2299 1410,2292 1438,2305 1498,2308 1511,2299 1552,2303 1565,2300 1571,2304 1598,2286 1607,2292 1628,2291 1637,2297 1653,2291 1667,2301 1692,2288 1695,2318 1692,2330 1681,2326 1664,2338 1643,2328 1626,2339 1601,2323 1590,2331 1504,2332 1497,2328 1454,2331 1442,2339 1426,2330 1406,2330 1395,2338 1382,2329 1369,2331 1353,2322 1340,2331 1310,2329 1296,2320 1284,2321 1267,2332 1234,2328 1198,2330 1187,2338 1176,2330 1161,2331 1138,2321 1115,2330 1057,2324 1048,2330 1034,2327 991,2331 966,2347 940,2330 926,2330 912,2340 886,2327 863,2331 839,2319" xml:id="eSc_line_738f39fc">
     <line>
      Bigle (par Pauline Muller, veuve en premières noces de Jules
     </line>
    </zone>
    <zone points="832,2358 834,2338 847,2330 860,2331 873,2340 890,2331 915,2346 938,2348 952,2343 967,2349 979,2340 1002,2338 1012,2332 1028,2332 1048,2344 1060,2338 1082,2342 1116,2340 1144,2324 1160,2335 1168,2332 1183,2340 1203,2338 1220,2347 1242,2332 1262,2338 1282,2324 1295,2321 1336,2342 1359,2326 1393,2341 1409,2332 1427,2332 1441,2341 1456,2339 1464,2333 1478,2339 1488,2332 1500,2339 1520,2340 1537,2332 1552,2337 1571,2332 1581,2339 1601,2325 1622,2340 1649,2330 1677,2350 1682,2348 1685,2358 1676,2368 1660,2371 1623,2372 1606,2364 1594,2372 1581,2363 1554,2366 1547,2361 1531,2372 1521,2368 1501,2372 1417,2371 1397,2380 1386,2372 1355,2371 1336,2383 1311,2365 1274,2372 1259,2362 1245,2372 1227,2372 1215,2364 1168,2364 1161,2369 1122,2358 1109,2364 1076,2364 1063,2371 1043,2360 1033,2365 1011,2367 1002,2363 986,2368 971,2361 954,2371 942,2364 928,2371 853,2370 837,2359 834,2361" xml:id="eSc_line_20bc9886">
     <line>
      Joachim Magu et en 2e noces de Pierre Jules) demeurant à Paris
     </line>
    </zone>
    <zone points="824,2395 827,2374 861,2381 890,2369 939,2369 952,2378 964,2371 982,2379 1003,2364 1024,2372 1040,2363 1049,2363 1059,2370 1096,2363 1117,2379 1133,2370 1150,2379 1170,2365 1185,2374 1202,2364 1228,2377 1236,2374 1242,2378 1260,2366 1283,2382 1299,2372 1315,2380 1328,2376 1336,2382 1361,2370 1373,2378 1386,2371 1398,2380 1408,2380 1426,2371 1448,2383 1471,2377 1493,2383 1511,2371 1524,2370 1542,2382 1552,2381 1566,2371 1594,2384 1608,2379 1636,2379 1649,2371 1678,2388 1682,2400 1660,2404 1638,2417 1627,2410 1581,2412 1570,2405 1550,2409 1540,2402 1520,2410 1505,2402 1440,2403 1419,2412 1407,2406 1396,2412 1386,2411 1377,2404 1349,2408 1341,2402 1309,2406 1301,2412 1281,2404 1268,2412 1253,2412 1239,2403 1226,2402 1190,2427 1179,2420 1169,2423 1137,2403 1096,2405 1087,2410 1077,2403 1057,2400 1034,2411 1016,2404 984,2403 966,2405 956,2412 944,2411 933,2403 890,2403 878,2410 865,2404 827,2425" xml:id="eSc_line_3536874b">
     <line>
      rue Delaborde, n°11, à l'effet de lareprésenter au règlement
     </line>
    </zone>
    <zone points="824,2427 842,2412 860,2416 888,2404 903,2417 928,2404 947,2417 960,2418 967,2411 989,2403 1010,2405 1031,2426 1040,2417 1049,2418 1058,2411 1071,2421 1116,2418 1122,2423 1128,2418 1154,2418 1173,2423 1180,2420 1192,2428 1212,2426 1233,2405 1254,2426 1265,2430 1277,2426 1280,2433 1254,2433 1241,2444 1215,2442 1208,2447 1200,2440 1129,2443 1121,2436 1115,2442 1088,2444 1036,2443 1028,2436 1021,2443 997,2445 981,2439 937,2444 886,2443 878,2439 872,2444 864,2436 825,2472" xml:id="eSc_line_e43ea384">
     <line>
      à la succession de son mari, à
     </line>
    </zone>
    <zone points="827,2475 829,2469 878,2440 890,2446 981,2440 1006,2457 1018,2450 1031,2458 1054,2461 1079,2444 1109,2443 1116,2448 1129,2443 1141,2451 1161,2453 1170,2448 1189,2459 1214,2460 1229,2451 1253,2450 1292,2459 1311,2459 1320,2454 1329,2458 1355,2457 1379,2442 1430,2415 1474,2400 1513,2451 1543,2458 1555,2450 1564,2451 1590,2433 1623,2451 1645,2441 1685,2467 1700,2466 1719,2473 1716,2491 1690,2508 1665,2495 1640,2507 1602,2483 1590,2487 1582,2483 1562,2492 1543,2484 1516,2483 1492,2490 1483,2484 1448,2483 1431,2475 1418,2475 1384,2498 1361,2484 1334,2482 1245,2484 1226,2493 1215,2492 1204,2484 1040,2484 1023,2485 1012,2493 1000,2494 992,2489 979,2492 970,2486 933,2483 848,2483 833,2475" xml:id="eSc_line_3dbb5d82">
     <line>
      Boissel (par Réné Antoine) demeurant  à Paris, rue Saint Lazare
     </line>
    </zone>
    <zone points="817,2511 822,2473 850,2487 856,2483 908,2483 926,2498 970,2498 978,2506 996,2505 1001,2509 1010,2505 1027,2505 1032,2509 1134,2505 1244,2510 1264,2491 1285,2483 1295,2485 1310,2499 1321,2497 1338,2484 1353,2498 1386,2500 1410,2479 1423,2478 1463,2510 1453,2515 1435,2511 1421,2524 1368,2521 1341,2525 1272,2525 1257,2511 946,2511 929,2523 918,2516 912,2522 899,2517 877,2537 860,2521 819,2521" xml:id="eSc_line_57eaca31">
     <line>
      n°74 a - pour recueillir
     </line>
    </zone>
    <zone points="825,2552 828,2537 841,2530 856,2530 874,2537 900,2520 921,2531 947,2514 974,2525 987,2523 1004,2512 1032,2525 1048,2520 1066,2525 1089,2524 1104,2530 1115,2525 1156,2541 1191,2539 1202,2532 1209,2535 1239,2515 1251,2523 1261,2518 1274,2526 1292,2523 1323,2538 1336,2529 1345,2533 1361,2522 1373,2522 1397,2538 1409,2530 1421,2532 1449,2515 1472,2531 1495,2538 1509,2540 1543,2520 1577,2540 1610,2528 1641,2507 1647,2507 1685,2533 1693,2536 1707,2532 1711,2546 1708,2563 1693,2568 1680,2560 1656,2564 1615,2561 1575,2569 1567,2564 1545,2563 1533,2556 1520,2563 1513,2559 1505,2563 1442,2565 1374,2563 1353,2571 1340,2563 1264,2562 1255,2567 1224,2564 1217,2559 1210,2563 1177,2563 1158,2571 1121,2561 1085,2564 1059,2582 1022,2559 1011,2563 844,2563 828,2552" xml:id="eSc_line_2bebdff8">
     <line>
      de la Roche Aymon (par Réné Marie Louis Gauvin Renaud Comte)
     </line>
    </zone>
    <zone points="827,2589 832,2580 856,2563 870,2570 878,2564 909,2562 922,2566 947,2564 956,2571 969,2563 995,2562 1016,2577 1032,2569 1054,2582 1087,2579 1118,2562 1171,2578 1193,2564 1213,2578 1231,2566 1253,2571 1266,2562 1284,2567 1292,2564 1299,2569 1319,2563 1344,2575 1365,2570 1404,2570 1413,2563 1425,2562 1451,2580 1479,2563 1490,2564 1504,2574 1524,2564 1536,2573 1546,2572 1558,2578 1590,2578 1600,2571 1611,2571 1622,2579 1639,2579 1659,2571 1662,2587 1639,2601 1622,2604 1572,2604 1562,2611 1550,2604 1540,2611 1530,2610 1510,2625 1479,2604 1464,2604 1453,2612 1420,2601 1377,2604 1369,2599 1356,2603 1347,2596 1326,2610 1305,2598 1281,2608 1269,2602 1252,2603 1240,2611 1221,2604 1187,2602 1137,2605 1128,2601 1106,2605 1096,2601 1070,2608 1049,2599 1041,2605 979,2600 940,2604 899,2602 885,2603 875,2610 860,2602 847,2602 829,2615" xml:id="eSc_line_c8a8efe9">
     <line>
      et Marie Clementine Paule de la Rochefontenilles, safemme
     </line>
    </zone>
    <zone points="835,2628 836,2610 852,2602 868,2611 979,2610 987,2617 1012,2603 1028,2613 1043,2608 1053,2618 1091,2603 1107,2619 1124,2609 1141,2611 1157,2620 1174,2603 1185,2601 1210,2615 1219,2610 1256,2611 1264,2618 1274,2619 1284,2618 1304,2600 1315,2609 1328,2611 1344,2595 1354,2605 1367,2602 1385,2620 1388,2630 1380,2631 1362,2649 1348,2635 1335,2636 1330,2631 1318,2635 1312,2632 1301,2642 1283,2644 1271,2635 1260,2643 1226,2644 1210,2640 1173,2642 1165,2634 1153,2634 1145,2642 1098,2642 1089,2646 986,2640 927,2644 889,2642 879,2635 862,2635 850,2643 836,2642" xml:id="eSc_line_2f97a146">
     <line>
      demeurant à Paris, rue Las cases, n°24
     </line>
    </zone>
    <zone points="852,2669 855,2642 874,2634 893,2643 987,2642 1006,2652 1030,2651 1049,2642 1075,2652 1131,2651 1138,2646 1147,2651 1186,2651 1204,2644 1221,2653 1235,2644 1245,2651 1255,2644 1272,2643 1292,2650 1311,2636 1324,2644 1344,2636 1365,2651 1384,2644 1398,2648 1412,2640 1435,2643 1455,2652 1480,2635 1497,2644 1515,2644 1529,2654 1549,2642 1568,2652 1609,2654 1643,2640 1667,2651 1691,2638 1694,2667 1691,2681 1675,2676 1639,2681 1632,2677 1585,2679 1562,2675 1545,2680 1539,2676 1449,2674 1425,2689 1407,2676 1379,2676 1371,2682 1352,2677 1330,2689 1312,2676 1274,2675 1260,2679 1246,2675 1232,2681 1219,2675 1143,2676 1136,2681 1122,2677 1114,2683 1100,2677 1090,2683 1079,2675 1065,2674 1013,2675 993,2685 955,2675 920,2690 901,2676 892,2675 882,2682 865,2674 854,2675" xml:id="eSc_line_0096fb08">
     <line>
      Bacot (par le mandataire de David Germain) &amp; Pauline Dumoustier
     </line>
    </zone>
    <zone points="819,2707 822,2696 851,2690 870,2677 894,2691 953,2692 969,2683 995,2691 1017,2676 1033,2687 1055,2684 1068,2674 1092,2685 1099,2682 1133,2698 1174,2682 1220,2693 1245,2676 1255,2677 1276,2691 1298,2691 1308,2686 1345,2694 1361,2683 1374,2689 1391,2677 1409,2689 1439,2695 1459,2683 1472,2688 1488,2679 1499,2686 1553,2685 1574,2675 1599,2690 1628,2691 1648,2682 1663,2692 1685,2680 1695,2684 1699,2704 1696,2731 1688,2737 1657,2716 1613,2715 1594,2721 1580,2712 1561,2716 1550,2709 1529,2722 1514,2716 1504,2722 1498,2718 1489,2723 1466,2713 1447,2716 1432,2726 1416,2715 1396,2714 1378,2720 1368,2713 1309,2717 1262,2714 1240,2724 1231,2724 1220,2716 1209,2722 1198,2716 1179,2715 1149,2732 1124,2715 1073,2717 1052,2708 1039,2717 1011,2710 1003,2716 967,2715 957,2722 947,2715 938,2719 929,2714 878,2714 865,2723 850,2716 827,2732 822,2730" xml:id="eSc_line_6ae42d36">
     <line>
      sa femme, demt à Sedan, place XXX à françois André Lagarde
     </line>
    </zone>
    <zone points="821,2742 823,2732 831,2736 843,2728 858,2731 878,2717 895,2727 903,2723 921,2726 932,2718 956,2725 971,2717 990,2730 1016,2714 1030,2715 1051,2731 1073,2733 1090,2722 1120,2724 1132,2733 1195,2733 1216,2721 1240,2726 1257,2715 1269,2715 1276,2720 1281,2716 1300,2716 1310,2723 1324,2723 1344,2731 1358,2722 1373,2724 1381,2719 1400,2731 1416,2732 1441,2729 1471,2733 1497,2722 1511,2731 1524,2729 1535,2738 1581,2713 1614,2733 1634,2738 1657,2723 1668,2723 1672,2754 1668,2771 1653,2762 1611,2764 1591,2771 1572,2758 1563,2764 1543,2764 1532,2772 1522,2769 1507,2779 1476,2758 1462,2764 1458,2760 1439,2763 1424,2756 1414,2763 1405,2763 1381,2756 1371,2763 1362,2763 1353,2756 1324,2757 1314,2750 1291,2754 1265,2772 1241,2755 1202,2757 1189,2748 1173,2748 1160,2756 1143,2751 1115,2771 1078,2749 1049,2768 1020,2750 985,2765 947,2754 925,2764 913,2759 904,2763 891,2755 822,2803" xml:id="eSc_line_0045aab5">
     <line>
      et Louise Jeanine Royer sa femme, de Paris rue Chevaleret 167 de 20000+
     </line>
    </zone>
   </surface>
  </surfaceGrp>
  <surfaceGrp type="structure_{type:col_7;}" xml:id="eSc_textblock_0776769d">
   <surface>
    <graphic height="2912px" url="DAFANCH96_023MIC07645_L-0.jpg" width="2032px"/>
    <zone points="1815,616 1816,602 1839,579 1850,579 1864,593 1876,586 1917,585 1931,593 1932,643 1904,621 1892,620 1883,620 1860,643 1855,643 1829,619 1817,618" xml:id="eSc_line_2b837780">
     <line>
      3.75
     </line>
    </zone>
    <zone points="1803,686 1827,659 1859,658 1873,671 1895,654 1920,677 1922,689 1919,706 1910,698 1903,700 1874,724 1864,724 1857,730 1828,699 1804,700" xml:id="eSc_line_add77148">
     <line>
      16 50
     </line>
    </zone>
    <zone points="1837,792 1861,763 1881,780 1892,773 1904,778 1916,766 1927,770 1940,767 1941,807 1919,807 1893,834 1878,836 1839,802" xml:id="eSc_line_db513cd0">
     <line>
      375
     </line>
    </zone>
    <zone points="1837,917 1840,898 1862,878 1877,891 1912,890 1922,901 1930,895 1936,897 1933,948 1918,949 1905,936 1884,955 1860,956 1838,935" xml:id="eSc_line_b159b341">
     <line>
      375
     </line>
    </zone>
    <zone points="1825,1036 1827,999 1831,996 1850,996 1864,1010 1880,994 1896,994 1904,996 1918,1010 1917,1044 1913,1042 1885,1066 1865,1069 1844,1048 1831,1052 1826,1047" xml:id="eSc_line_3ec9fb70">
     <line>
      375
     </line>
    </zone>
    <zone points="1828,1101 1830,1091 1837,1091 1844,1084 1867,1095 1882,1082 1891,1090 1906,1090 1927,1108 1920,1166 1876,1123 1861,1123 1826,1153" xml:id="eSc_line_c3500228">
     <line>
      750
     </line>
    </zone>
    <zone points="1825,1201 1827,1184 1856,1156 1877,1171 1890,1170 1896,1164 1907,1171 1920,1167 1920,1226 1906,1212 1887,1211 1869,1229 1856,1228 1827,1201" xml:id="eSc_line_8711b46e">
     <line>
      375
     </line>
    </zone>
    <zone points="1815,1388 1852,1347 1859,1351 1872,1338 1884,1340 1883,1405 1856,1404 1851,1399 1837,1405 1826,1399 1817,1401" xml:id="eSc_line_8c498000">
     <line>
      15
     </line>
    </zone>
    <zone points="1791,1625 1790,1594 1811,1577 1829,1576 1850,1573 1875,1572 1887,1580 1894,1580 1916,1577 1925,1581 1923,1616 1932,1622 1934,1630 1914,1646 1899,1637 1884,1652 1878,1652 1862,1647 1850,1647 1820,1650 1811,1648 1793,1646" xml:id="eSc_line_8a56e2c3">
     <line>
      78 75
     </line>
    </zone>
    <zone points="1811,1703 1809,1681 1813,1675 1824,1672 1850,1691 1864,1673 1883,1678 1911,1641 1921,1636 1930,1684 1927,1693 1918,1688 1908,1719 1892,1718 1864,1724 1841,1712 1831,1717 1814,1713" xml:id="eSc_line_e174bdab">
     <line>
      3 75
     </line>
    </zone>
    <zone points="1820,1815 1817,1787 1822,1789 1831,1778 1867,1787 1880,1771 1902,1772 1910,1809 1877,1851 1864,1842 1850,1844 1824,1827" xml:id="eSc_line_cd7cb5e9">
     <line>
      375
     </line>
    </zone>
    <zone points="1811,2159 1804,2124 1814,2126 1821,2113 1833,2113 1848,2122 1853,2114 1860,2114 1874,2123 1893,2114 1901,2147 1898,2193 1865,2201 1866,2176 1857,2181 1827,2164 1813,2162" xml:id="eSc_line_52b1f002">
     <line>
      3.75
     </line>
    </zone>
    <zone points="1820,2278 1818,2240 1830,2226 1847,2235 1899,2235 1905,2271 1875,2303 1860,2290 1823,2291" xml:id="eSc_line_2945ef00">
     <line>
      625
     </line>
    </zone>
    <zone points="1796,2415 1838,2386 1850,2397 1873,2385 1897,2388 1894,2444 1883,2446 1858,2468 1850,2466 1832,2445 1818,2443 1808,2451 1800,2443 1795,2444" xml:id="eSc_line_a23f15fe">
     <line>
      375
     </line>
    </zone>
    <zone points="1811,2518 1809,2483 1824,2466 1862,2468 1876,2452 1889,2453 1896,2524 1878,2523 1851,2548 1844,2547 1819,2526 1813,2530" xml:id="eSc_line_69024ac4">
     <line>
      375
     </line>
    </zone>
    <zone points="1803,2623 1806,2578 1820,2578 1829,2589 1864,2587 1876,2578 1884,2578 1894,2587 1895,2628 1838,2679 1831,2683 1803,2652" xml:id="eSc_line_6c093682">
     <line>
      375
     </line>
    </zone>
    <zone points="1762,2766 1764,2755 1768,2758 1795,2731 1804,2739 1811,2732 1829,2732 1842,2723 1855,2735 1855,2810 1840,2811 1831,2820 1823,2820 1798,2795 1791,2795 1779,2784 1764,2799" xml:id="eSc_line_b2ccd0d0">
     <line>
      125
     </line>
    </zone>
   </surface>
  </surfaceGrp>
  <surfaceGrp type="structure_{type:header;}" xml:id="eSc_textblock_1ed1fd0b">
   <surface>
    <graphic height="2912px" url="DAFANCH96_023MIC07645_L-0.jpg" width="2032px"/>
    <zone points="1721,283 1735,254 1866,252 1891,259 1896,286 1888,305 1849,305 1825,293 1745,303 1723,296" xml:id="eSc_line_ebc8c1fc">
     <line>
      RELATION
     </line>
    </zone>
    <zone points="237,303 242,281 281,266 281,315 242,322" xml:id="eSc_line_f09462be">
     <line>
      nOS
     </line>
    </zone>
    <zone points="473,296 483,262 597,259 784,262 796,264 803,291 764,313 694,310 684,300 626,313 614,300 497,313 475,300" xml:id="eSc_line_4d2517aa">
     <line>
      NATURE ET ESPECE
     </line>
    </zone>
    <zone points="337,308 339,283 378,283 393,277 399,283 430,284 432,308 420,316 339,316" xml:id="eSc_line_b4ce5a27">
     <line>
      DATES
     </line>
    </zone>
    <zone points="895,305 900,274 907,281 929,266 978,281 1060,271 1124,281 1177,281 1192,271 1204,281 1255,271 1269,281 1425,274 1439,281 1454,266 1519,266 1529,276 1539,266 1604,266 1643,281 1648,305 1597,320 900,313" xml:id="eSc_line_63a3526e">
     <line>
      NOMS, PRENOMS ET DOMICILES DES PARTIES.
     </line>
    </zone>
    <zone points="1791,315 1808,293 1825,300 1818,332 1794,327" xml:id="eSc_line_7956ced4">
     <line>
      de
     </line>
    </zone>
    <zone points="553,337 568,313 667,310 711,313 718,337 689,349 558,349" xml:id="eSc_line_e5f3caea">
     <line>
      DES ACTES :
     </line>
    </zone>
    <zone points="233,366 257,340 295,357 298,366 286,366 273,378 264,380 248,368 241,371 235,366" xml:id="eSc_line_f9cc38f6">
     <line>
      du
     </line>
    </zone>
    <zone points="352,364 356,339 388,337 388,378 356,378" xml:id="eSc_line_975247a0">
     <line>
      des
     </line>
    </zone>
    <zone points="1721,359 1723,332 1794,327 1888,334 1896,364 1849,376 1723,376" xml:id="eSc_line_8383406e">
     <line>
      l'Enregistrement.
     </line>
    </zone>
    <zone points="213,422 216,402 230,393 276,402 298,380 313,380 320,419 305,434 257,429 218,441" xml:id="eSc_line_c44013b6">
     <line>
      REPERTOIRE
     </line>
    </zone>
    <zone points="339,419 342,388 412,400 419,414 373,436 344,431" xml:id="eSc_line_7aa21f43">
     <line>
      ACTES.
     </line>
    </zone>
    <zone points="954,417 956,408 971,393 987,388 1003,387 1015,395 1037,390 1044,395 1055,388 1077,387 1090,393 1110,386 1133,389 1144,397 1154,387 1189,388 1216,382 1228,387 1291,387 1306,392 1329,385 1353,389 1421,387 1426,392 1446,386 1476,386 1482,390 1488,386 1558,387 1567,389 1570,412 1567,426 1558,428 1413,426 1394,428 1386,435 1373,427 1357,426 1349,419 1341,427 1311,428 1305,422 1298,428 1273,429 1147,427 1137,434 1130,427 1105,426 977,428 968,427 957,417" xml:id="eSc_line_0fec4120">
     <line>
      INDICATIONS, SITUATIONS ET PRIX DES BIENS.
     </line>
    </zone>
    <zone points="466,429 470,408 499,413 510,407 564,409 569,404 588,407 608,427 616,429 604,429 591,439 575,436 568,441 563,436 554,436 548,442 526,442 498,432 485,442 467,442" xml:id="eSc_line_85e45a8e">
     <line>
      EN BREVETS.
     </line>
    </zone>
    <zone points="665,424 672,402 733,402 745,393 803,405 808,424 796,436 670,434" xml:id="eSc_line_9cebf875">
     <line>
      EN MINUTES.
     </line>
    </zone>
    <zone points="1701,436 1709,378 1767,378 1762,473 1716,478 1704,468" xml:id="eSc_line_20d96c68">
     <line>
      DATES.
     </line>
    </zone>
    <zone points="1806,439 1815,417 1871,419 1883,439 1879,451 1811,446" xml:id="eSc_line_0eca2de1">
     <line>
      DROITS.
     </line>
    </zone>
   </surface>
  </surfaceGrp>
  <surfaceGrp type="structure_{type:col_2;}" xml:id="eSc_textblock_2fe9f465">
   <surface>
    <graphic height="2912px" url="DAFANCH96_023MIC07645_L-0.jpg" width="2032px"/>
    <zone points="327,567 329,558 342,556 365,533 375,531 381,531 407,557 409,567 407,588 392,588 383,597 361,596 350,585 335,588 329,584" xml:id="eSc_line_eb98aedd">
     <line>
      28
     </line>
    </zone>
    <zone points="335,647 337,634 353,618 381,619 415,647 409,647 372,684 337,707" xml:id="eSc_line_be93e380">
     <line>
      29
     </line>
    </zone>
    <zone points="330,730 338,714 363,690 389,707 391,740 368,764 357,763 350,772 335,771" xml:id="eSc_line_fd11ba70">
     <line>
      29
     </line>
    </zone>
    <zone points="333,833 334,819 354,801 376,803 405,831 409,827 422,831 409,833 362,882 350,889 336,889" xml:id="eSc_line_40daa403">
     <line>
      29
     </line>
    </zone>
    <zone points="323,956 351,931 366,932 387,956 385,977 350,1012 334,1011 325,1004" xml:id="eSc_line_2369d813">
     <line>
      29
     </line>
    </zone>
    <zone points="330,1077 332,1043 351,1024 362,1027 393,1058 395,1077 374,1077 359,1092 351,1092 342,1085 332,1093" xml:id="eSc_line_dabed1ef">
     <line>
      31
     </line>
    </zone>
    <zone points="329,1147 331,1134 358,1107 374,1122 387,1122 393,1127 401,1122 401,1156 394,1152 366,1178 357,1172 337,1172 331,1166" xml:id="eSc_line_371727df">
     <line>
      31
     </line>
    </zone>
    <zone points="342,1232 346,1200 352,1194 365,1194 374,1203 381,1202 402,1227 403,1237 385,1242 367,1258 358,1259 343,1245" xml:id="eSc_line_06697ce7">
     <line>
      31
     </line>
    </zone>
    <zone points="335,1532 337,1507 356,1515 377,1505 394,1508 396,1534 383,1546 354,1557 336,1539" xml:id="eSc_line_09dd2857">
     <line>
      1
     </line>
    </zone>
    <zone points="342,1656 343,1641 368,1626 388,1643 391,1641 392,1668 376,1668 365,1677 354,1676 344,1666" xml:id="eSc_line_bb2fe2c9">
     <line>
      1
     </line>
    </zone>
    <zone points="335,1727 367,1693 389,1713 392,1723 379,1724 358,1748 342,1747 338,1751" xml:id="eSc_line_721326ea">
     <line>
      1
     </line>
    </zone>
    <zone points="340,1846 340,1837 345,1832 354,1834 375,1819 392,1826 396,1835 398,1860 388,1859 382,1868 362,1869 344,1858" xml:id="eSc_line_98819a80">
     <line>
      1
     </line>
    </zone>
    <zone points="350,2034 359,2020 374,2019 385,2031 390,2027 392,2036 389,2050 369,2059 359,2061 351,2052" xml:id="eSc_line_4dd7e429">
     <line>
      1
     </line>
    </zone>
    <zone points="338,2186 340,2163 346,2167 367,2156 387,2159 389,2186 362,2213 340,2213" xml:id="eSc_line_1c0c6436">
     <line>
      1
     </line>
    </zone>
    <zone points="327,2307 329,2287 348,2274 358,2275 374,2289 376,2307 347,2334 329,2330" xml:id="eSc_line_2bbe8d78">
     <line>
      1
     </line>
    </zone>
    <zone points="335,2463 336,2449 361,2441 383,2460 390,2460 350,2499 338,2488" xml:id="eSc_line_44e8bc0a">
     <line>
      1
     </line>
    </zone>
    <zone points="335,2545 337,2532 348,2523 370,2525 370,2567 360,2572 353,2565 337,2563" xml:id="eSc_line_21e7610d">
     <line>
      1
     </line>
    </zone>
    <zone points="323,2660 325,2620 329,2617 336,2618 349,2610 364,2625 375,2626 375,2675 364,2673 346,2685 335,2675 325,2674" xml:id="eSc_line_a5a459f4">
     <line>
      1
     </line>
    </zone>
   </surface>
  </surfaceGrp>
  <surfaceGrp type="structure_{type:col_6;}" xml:id="eSc_textblock_9fce1bb8">
   <surface>
    <graphic height="2912px" url="DAFANCH96_023MIC07645_L-0.jpg" width="2032px"/>
    <zone points="1712,602 1734,580 1744,576 1761,588 1770,582 1777,583 1775,642 1758,635 1732,658 1712,658" xml:id="eSc_line_f6960fc1">
     <line>
      29
     </line>
    </zone>
    <zone points="1723,682 1730,680 1768,641 1770,687 1763,683 1741,707 1725,696" xml:id="eSc_line_c3bac1db">
     <line>
      1
     </line>
    </zone>
    <zone points="1707,801 1737,771 1745,772 1774,801 1772,832 1763,837 1755,830 1740,844 1709,843" xml:id="eSc_line_9dfa1dd9">
     <line>
      29
     </line>
    </zone>
    <zone points="1716,920 1740,900 1752,897 1763,903 1773,898 1785,910 1787,920 1773,938 1764,942 1752,940 1743,945 1729,931 1718,931" xml:id="eSc_line_a72eacf7">
     <line>
      1
     </line>
    </zone>
    <zone points="1710,1032 1724,1032 1740,1016 1757,1010 1777,1026 1779,1034 1765,1034 1747,1052 1729,1033 1711,1033" xml:id="eSc_line_52e3bb27">
     <line>
      1
     </line>
    </zone>
    <zone points="1703,1106 1713,1096 1728,1099 1744,1083 1766,1088 1766,1121 1734,1141 1705,1140" xml:id="eSc_line_be7cdc41">
     <line>
      9
     </line>
    </zone>
    <zone points="1718,1201 1719,1185 1765,1124 1777,1192 1775,1214 1761,1209 1738,1213 1720,1199" xml:id="eSc_line_34e4f358">
     <line>
      1
     </line>
    </zone>
    <zone points="1712,1381 1760,1340 1772,1340 1779,1347 1781,1381 1762,1387 1746,1403 1735,1403 1714,1382" xml:id="eSc_line_f6cf916a">
     <line>
      5
     </line>
    </zone>
    <zone points="1694,1617 1695,1609 1714,1594 1738,1594 1761,1614 1752,1615 1737,1629 1723,1627 1709,1642 1704,1639 1697,1644" xml:id="eSc_line_0e106644">
     <line>
      11
     </line>
    </zone>
    <zone points="1709,1710 1711,1691 1720,1690 1736,1674 1749,1684 1762,1672 1762,1723 1755,1718 1733,1740 1724,1739 1711,1749" xml:id="eSc_line_d04a4078">
     <line>
      7
     </line>
    </zone>
    <zone points="1714,1813 1715,1802 1730,1786 1742,1788 1753,1798 1759,1795 1769,1799 1772,1811 1770,1817 1762,1812 1739,1836 1716,1816" xml:id="eSc_line_3e70ea95">
     <line>
      2
     </line>
    </zone>
    <zone points="1687,2174 1720,2139 1730,2143 1743,2140 1754,2146 1770,2138 1774,2212 1767,2214 1758,2209 1725,2179 1717,2182 1705,2178 1690,2190" xml:id="eSc_line_8704a88c">
     <line>
      10
     </line>
    </zone>
    <zone points="1710,2270 1712,2260 1730,2242 1744,2244 1757,2231 1762,2234 1762,2277 1756,2276 1732,2300 1723,2300 1712,2291" xml:id="eSc_line_c6bdeda3">
     <line>
      3
     </line>
    </zone>
    <zone points="1701,2430 1718,2402 1736,2412 1744,2424 1744,2444 1733,2444 1727,2453 1705,2444" xml:id="eSc_line_7434799b">
     <line>
      4
     </line>
    </zone>
    <zone points="1709,2508 1709,2491 1727,2474 1753,2495 1757,2504 1747,2505 1731,2524 1711,2523" xml:id="eSc_line_9ddd58f7">
     <line>
      4
     </line>
    </zone>
    <zone points="1694,2625 1696,2611 1716,2594 1741,2602 1755,2612 1755,2650 1749,2644 1741,2644 1733,2652 1720,2651 1712,2643 1696,2638" xml:id="eSc_line_e6ff6aec">
     <line>
      10
     </line>
    </zone>
    <zone points="1696,2748 1698,2730 1739,2730 1744,2734 1746,2750 1731,2763 1714,2764 1696,2778" xml:id="eSc_line_186ffb13">
     <line>
      10
     </line>
    </zone>
   </surface>
  </surfaceGrp>
  <surfaceGrp type="structure_{type:col_4;}" xml:id="eSc_textblock_e0fb81b2">
   <surface>
    <graphic height="2912px" url="DAFANCH96_023MIC07645_L-0.jpg" width="2032px"/>
    <zone points="662,577 663,563 677,559 706,530 728,548 741,540 751,549 767,548 780,535 794,548 798,570 796,584 789,588 742,587 716,605 694,588 664,588" xml:id="eSc_line_58d48f3d">
     <line>
      Dépôt
     </line>
    </zone>
    <zone points="631,650 632,635 652,619 668,618 677,627 687,627 710,612 735,636 753,619 762,626 783,630 807,628 819,619 852,649 849,668 831,671 826,666 813,666 803,676 783,660 763,658 661,659 632,667" xml:id="eSc_line_4062c1dc">
     <line>
      Arrêté de compte
     </line>
    </zone>
    <zone points="640,691 641,684 647,683 669,661 676,661 690,671 703,660 717,669 736,668 750,659 772,659 789,675 795,674 798,682 797,706 778,698 745,710 739,710 728,699 713,696 698,702 683,696 665,698 658,704 641,698" xml:id="eSc_line_7d0d9796">
     <line>
      de tutelle
     </line>
    </zone>
    <zone points="655,723 657,706 668,698 682,696 710,713 726,700 733,709 751,713 758,706 767,707 771,711 772,732 756,748 720,747 699,765 675,740 655,740" xml:id="eSc_line_e7ed86d9">
     <line>
      Dépôt
     </line>
    </zone>
    <zone points="631,958 632,907 639,910 660,906 686,932 712,932 723,924 743,939 773,930 781,930 788,937 816,937 833,922 839,923 839,993 833,993 810,970 797,968 736,969 715,972 705,980 694,969 642,971 632,963" xml:id="eSc_line_df03ba75">
     <line>
      Rectification
     </line>
    </zone>
    <zone points="604,1077 604,1035 609,1039 623,1024 640,1034 656,1018 675,1019 709,1051 716,1052 723,1044 731,1052 767,1052 776,1043 789,1041 802,1052 829,1057 832,1070 817,1082 784,1085 778,1091 752,1091 745,1084 731,1089 715,1083 684,1084 673,1091 663,1085 645,1083 632,1096 627,1091 606,1088" xml:id="eSc_line_23a9865c">
     <line>
      Inventaire
     </line>
    </zone>
    <zone points="624,1223 630,1132 665,1171 675,1169 706,1203 724,1202 732,1209 763,1212 794,1201 806,1211 808,1232 801,1252 792,1252 785,1243 763,1242 756,1236 722,1251 711,1248 697,1258 676,1244 639,1245 624,1255" xml:id="eSc_line_b69eaaf3">
     <line>
      Compte de
     </line>
    </zone>
    <zone points="670,1274 671,1258 679,1251 693,1258 701,1257 720,1250 735,1252 748,1242 762,1244 787,1269 786,1291 779,1288 762,1293 750,1285 726,1283 717,1293 684,1293 672,1285" xml:id="eSc_line_53ff2f77">
     <line>
      tutelle
     </line>
    </zone>
    <zone points="631,1543 632,1500 638,1506 660,1505 666,1511 683,1506 690,1513 697,1511 706,1517 714,1514 724,1521 754,1516 763,1524 779,1507 792,1506 829,1473 831,1552 819,1556 804,1571 796,1572 778,1554 768,1556 753,1548 748,1554 734,1556 656,1555 633,1572" xml:id="eSc_line_47370413">
     <line>
      Quittance Subrogative
     </line>
    </zone>
    <zone points="650,1654 651,1625 672,1618 690,1603 710,1619 721,1622 729,1617 748,1635 770,1635 779,1626 795,1629 798,1652 796,1677 778,1668 766,1668 753,1676 731,1667 724,1668 710,1684 701,1686 680,1666 651,1668" xml:id="eSc_line_c587172b">
     <line>
      Dépôt
     </line>
    </zone>
    <zone points="628,1846 640,1831 695,1785 739,1828 778,1829 776,1867 769,1866 760,1874 753,1867 726,1866 699,1891 673,1866 629,1868" xml:id="eSc_line_6393e11c">
     <line>
      Dépôt
     </line>
    </zone>
    <zone points="621,2048 621,1961 688,2025 734,2027 743,2026 752,2018 766,2018 774,2026 791,2030 807,2027 823,2010 827,2011 830,2045 810,2066 798,2068 788,2059 738,2062 706,2056 701,2060 667,2062 630,2058 622,2065" xml:id="eSc_line_ac2bed0e">
     <line>
      Procuration
     </line>
    </zone>
    <zone points="614,2199 615,2178 631,2177 662,2146 670,2145 685,2156 702,2155 727,2180 744,2170 752,2170 762,2179 805,2178 821,2189 827,2199 812,2202 795,2218 788,2211 773,2210 762,2214 729,2213 720,2220 710,2212 673,2211 661,2219 642,2220 623,2238 616,2236" xml:id="eSc_line_d528c29f">
     <line>
      Mainlevée
     </line>
    </zone>
    <zone points="602,2315 604,2276 624,2273 630,2267 649,2266 658,2267 683,2292 704,2298 716,2299 729,2291 753,2293 762,2284 769,2284 784,2299 806,2292 832,2315 826,2315 808,2331 799,2328 791,2332 774,2324 757,2333 744,2324 725,2332 714,2326 707,2332 627,2332 623,2328 614,2331 604,2321" xml:id="eSc_line_4f2d9f50">
     <line>
      Procuration
     </line>
    </zone>
    <zone points="621,2475 621,2428 644,2404 653,2401 664,2401 717,2451 759,2449 780,2427 812,2428 823,2418 827,2469 806,2490 793,2483 769,2482 706,2485 680,2484 675,2480 648,2484 643,2479 627,2489 623,2485" xml:id="eSc_line_83f25d9e">
     <line>
      Procuration
     </line>
    </zone>
    <zone points="617,2546 618,2515 645,2490 682,2523 698,2508 723,2531 740,2520 751,2531 812,2532 823,2545 804,2562 793,2563 783,2572 774,2564 755,2562 628,2562 619,2553" xml:id="eSc_line_075e26a7">
     <line>
      Constatation
     </line>
    </zone>
    <zone points="624,2584 625,2569 641,2564 650,2569 668,2565 675,2570 680,2565 768,2562 783,2571 792,2564 809,2562 818,2567 821,2585 818,2602 807,2602 801,2596 789,2603 767,2603 760,2597 748,2602 728,2598 717,2602 703,2616 671,2595 657,2596 650,2603 635,2598 625,2603" xml:id="eSc_line_9355bc1c">
     <line>
      etacceptation
     </line>
    </zone>
    <zone points="631,2630 649,2610 659,2607 668,2614 685,2606 704,2616 715,2604 721,2609 732,2601 768,2628 786,2628 766,2629 751,2637 727,2634 706,2650 691,2637 681,2635 677,2639 666,2630 654,2636 643,2630" xml:id="eSc_line_e5a7c43e">
     <line>
      d'emploi
     </line>
    </zone>
    <zone points="635,2663 636,2645 645,2636 662,2634 676,2643 687,2644 693,2639 704,2650 726,2635 752,2647 764,2641 801,2642 809,2635 820,2646 823,2663 818,2687 807,2676 800,2675 788,2679 775,2675 768,2682 758,2676 717,2675 709,2683 697,2679 686,2684 681,2680 663,2683 652,2693 636,2690" xml:id="eSc_line_5f75d0b9">
     <line>
      Quittance
     </line>
    </zone>
   </surface>
  </surfaceGrp>
 </sourceDoc>
 <text>
  <body>
   <div type="main">
    <table cols="8" rows="18">
     <row n="0" role="label">
      <cell n="1" role="label1">
       Numéros du répertoire
      </cell>
      <cell n="2" role="label2">
       Dates des actes
      </cell>
      <cell n="3" role="label3">
       Actes en brevets
      </cell>
      <cell n="4" role="label4">
       Actes en minutes
      </cell>
      <cell n="5" role="label5">
       Noms, prénms et domiciles des parties ; indication, situations et prix des biens
      </cell>
      <cell n="6" role="label6">
       Date de l'enregistrement
      </cell>
      <cell n="7" role="label7">
       Droits de l'enregistrement
      </cell>
      <cell n="8" role="label8">
       Autres
      </cell>
     </row>
     <row>
      <cell n="1" role="col1">
       <lb facs="#eSc_line_e24d89c4"/>
       440
      </cell>
      <cell n="2" role="col2">
       <lb facs="#eSc_line_eb98aedd"/>
       <date cert="high" when-iso="[1875-06-28, 1875-05-28]">
        28
       </date>
      </cell>
      <cell n="3" role="col3">
       <lb facs="#eSc_line_a42fbb0d"/>
       Suite du 8 juillet 1869
      </cell>
      <cell n="4" role="col4">
       <lb facs="#eSc_line_58d48f3d"/>
       Dépôt
      </cell>
      <cell n="5" role="col5">
       <lb facs="#eSc_line_f60606c2" n="1"/>
       An 1875 mois de Mai
       <lb facs="#eSc_line_3fc0d6ed" n="2"/>
       Chemins de fer Normands (de pièces de publications de délibérations
      </cell>
      <cell n="6" role="col6">
       <lb facs="#eSc_line_f6960fc1"/>
       <date cert="high" when-iso="[1875-06-29, 1875-05-29]">
        29
       </date>
      </cell>
      <cell n="7" role="col7"/>
      <cell n="8" role="misc"/>
     </row>
     <row>
      <cell n="1" role="col1">
       <lb facs="#eSc_line_351e2f29"/>
       441
      </cell>
      <cell n="2" role="col2">
       <lb facs="#eSc_line_be93e380"/>
       <date cert="high" when-iso="[1875-06-29, 1875-05-29]">
        29
       </date>
      </cell>
      <cell n="3" role="col3">
       <lb facs="#eSc_line_94c53d31"/>
       suite des 3 &amp; 4 mai 1875
      </cell>
      <cell n="4" role="col4">
       <lb facs="#eSc_line_4062c1dc"/>
       Arrêté de compte
       <lb facs="#eSc_line_7d0d9796"/>
       de tutelle
      </cell>
      <cell n="5" role="col5">
       <lb facs="#eSc_line_0caf502a" n="1"/>
       de la Cie des)
       <lb facs="#eSc_line_bc832bab" n="2"/>
       Poutrel (entre francoise Eugénie Deton veuve de Louis Denis) demt
       <lb facs="#eSc_line_91e870f4" n="3"/>
       à Paris, rue Oberkampf n°42 etses trois enfants
      </cell>
      <cell n="6" role="col6">
       <lb facs="#eSc_line_c3bac1db"/>
       <date cert="high" when-iso="[1875-06-1, 1875-05-1]">
        1
       </date>
      </cell>
      <cell n="7" role="col7">
       <lb facs="#eSc_line_2b837780"/>
       3.75
       <lb facs="#eSc_line_add77148"/>
       16 50
      </cell>
      <cell n="8" role="misc"/>
     </row>
     <row>
      <cell n="1" role="col1">
       <lb facs="#eSc_line_30edb88a"/>
       442
      </cell>
      <cell n="2" role="col2">
       <lb facs="#eSc_line_fd11ba70"/>
       <date cert="high" when-iso="[1875-06-29, 1875-05-29]">
        29
       </date>
      </cell>
      <cell n="3" role="col3"/>
      <cell n="4" role="col4">
       <lb facs="#eSc_line_e7ed86d9"/>
       Dépôt
      </cell>
      <cell n="5" role="col5">
       <lb facs="#eSc_line_757155df" n="1"/>
       Carmona (deprocuration donnée par Dolorès Arriago
       <lb facs="#eSc_line_ba80ec70" n="2"/>
       epouse de Jorge) demeurant ) Mexico à Abaroa Uribarren &amp; Goguel
       <lb facs="#eSc_line_b20874ba" n="3"/>
       demeurant à Paris rue de Richelieu 102, pour Vendre de rentes &amp; valeurs
      </cell>
      <cell n="6" role="col6">
       <lb facs="#eSc_line_9dfa1dd9"/>
       <date cert="high" when-iso="[1875-06-29, 1875-05-29]">
        29
       </date>
      </cell>
      <cell n="7" role="col7">
       <lb facs="#eSc_line_db513cd0"/>
       375
      </cell>
      <cell n="8" role="misc"/>
     </row>
     <row>
      <cell n="1" role="col1">
       <lb facs="#eSc_line_209596d5"/>
       443
      </cell>
      <cell n="2" role="col2">
       <lb facs="#eSc_line_40daa403"/>
       <date cert="high" when-iso="[1875-06-29, 1875-05-29]">
        29
       </date>
      </cell>
      <cell n="3" role="col3">
       <lb facs="#eSc_line_ee8ed30f"/>
       Procuration
      </cell>
      <cell n="4" role="col4"/>
      <cell n="5" role="col5">
       <lb facs="#eSc_line_78b02aa1" n="1"/>
       Manoury (par Ferdinand) demeurant à Paris, boulevart
       <lb facs="#eSc_line_b5d1a755" n="2"/>
       des Capucines. n°6, &amp; demelles Eugénie &amp; Joséphine Delasalle, demeurant
      </cell>
      <cell n="6" role="col6"/>
      <cell n="7" role="col7"/>
      <cell n="8" role="misc"/>
     </row>
     <row>
      <cell n="1" role="col1">
       <lb facs="#eSc_line_865d3fe3"/>
       444
      </cell>
      <cell n="2" role="col2">
       <lb facs="#eSc_line_2369d813"/>
       <date cert="high" when-iso="[1875-06-29, 1875-05-29]">
        29
       </date>
      </cell>
      <cell n="3" role="col3"/>
      <cell n="4" role="col4">
       <lb facs="#eSc_line_df03ba75"/>
       Rectification
      </cell>
      <cell n="5" role="col5">
       <lb facs="#eSc_line_ab99dc90" n="1"/>
       à Levallois Perret, rueValentin, n°10,
       <lb facs="#eSc_line_98b58911" n="2"/>
       Prudhon (entre hippolyte Eudamidas) demeurant à Neuilly
       <lb facs="#eSc_line_2522e18b" n="3"/>
       avenue de Villiers n°21 et Eugène Louis Duhamel, demeurant à
      </cell>
      <cell n="6" role="col6">
       <lb facs="#eSc_line_a72eacf7"/>
       <date cert="high" when-iso="[1875-06-1, 1875-05-1]">
        1
       </date>
      </cell>
      <cell n="7" role="col7">
       <lb facs="#eSc_line_b159b341"/>
       375
      </cell>
      <cell n="8" role="misc"/>
     </row>
     <row>
      <cell n="1" role="col1">
       <lb facs="#eSc_line_9ea452b9"/>
       445
      </cell>
      <cell n="2" role="col2">
       <lb facs="#eSc_line_dabed1ef"/>
       <date cert="high" when-iso="[1875-06-31, 1875-05-31]">
        31
       </date>
      </cell>
      <cell n="3" role="col3"/>
      <cell n="4" role="col4">
       <lb facs="#eSc_line_23a9865c"/>
       Inventaire
      </cell>
      <cell n="5" role="col5">
       <lb facs="#eSc_line_b4f686d8" n="1"/>
       Paris, rue Vanneau, n°39
       <lb facs="#eSc_line_61748033" n="2"/>
       Péan (après le décès arrivé à Paris rue de Rome, n°105, le 30
       <lb facs="#eSc_line_1a39f18e" n="3"/>
       janvier 1875. de Alexis)
      </cell>
      <cell n="6" role="col6">
       <lb facs="#eSc_line_52e3bb27"/>
       <date cert="high" when-iso="[1875-06-1, 1875-05-1]">
        1
       </date>
       <lb facs="#eSc_line_be7cdc41"/>
       <date cert="high" when-iso="[1875-06-9, 1875-05-9]">
        9
       </date>
      </cell>
      <cell n="7" role="col7">
       <lb facs="#eSc_line_3ec9fb70"/>
       375
       <lb facs="#eSc_line_c3500228"/>
       750
      </cell>
      <cell n="8" role="misc"/>
     </row>
     <row>
      <cell n="1" role="col1">
       <lb facs="#eSc_line_d17ce654"/>
       446
      </cell>
      <cell n="2" role="col2">
       <lb facs="#eSc_line_371727df"/>
       <date cert="high" when-iso="[1875-06-31, 1875-05-31]">
        31
       </date>
      </cell>
      <cell n="3" role="col3">
       <lb facs="#eSc_line_432ec0da"/>
       Procuration
      </cell>
      <cell n="4" role="col4"/>
      <cell n="5" role="col5">
       <lb facs="#eSc_line_114bf5d4" n="1"/>
       Laruaz (par Joseph) et Marie Anasthasie Basthien, safemme,
       <lb facs="#eSc_line_eebac5ac" n="2"/>
       demeurant à Paris, rue de Boulogne, n°34, a (en blanc) pour vendre
      </cell>
      <cell n="6" role="col6">
       <lb facs="#eSc_line_34e4f358"/>
       <date cert="high" when-iso="[1875-06-1, 1875-05-1]">
        1
       </date>
      </cell>
      <cell n="7" role="col7">
       <lb facs="#eSc_line_8711b46e"/>
       375
      </cell>
      <cell n="8" role="misc"/>
     </row>
     <row>
      <cell n="1" role="col1">
       <lb facs="#eSc_line_c1052f60"/>
       447
      </cell>
      <cell n="2" role="col2">
       <lb facs="#eSc_line_06697ce7"/>
       <date cert="high" when-iso="[1875-06-31, 1875-05-31]">
        31
       </date>
      </cell>
      <cell n="3" role="col3"/>
      <cell n="4" role="col4">
       <lb facs="#eSc_line_b69eaaf3"/>
       Compte de
       <lb facs="#eSc_line_53ff2f77"/>
       tutelle
      </cell>
      <cell n="5" role="col5">
       <lb facs="#eSc_line_e366e301" n="1"/>
       Boissard (rendu par Joseph Hector Harouel, demeurant à
       <lb facs="#eSc_line_9baee753" n="2"/>
       Paris, rue delaVictoire, n°64, en qualité de tuteur de delle
       <lb facs="#eSc_line_7fc1c4dd" n="3"/>
       Eléonore Christine Elisabeth) décédée, au mandataire de Georges
       <lb facs="#eSc_line_819324ec" n="4"/>
       Chretien Theodore Boissard, demeurant à Meaux, rue du
       <lb facs="#eSc_line_c798bdb6" n="5"/>
       Sabot, n°13, seul héritier de la d. delle
      </cell>
      <cell n="6" role="col6">
       <lb facs="#eSc_line_f6cf916a"/>
       <date cert="high" when-iso="[1875-06-5, 1875-05-5]">
        5
       </date>
      </cell>
      <cell n="7" role="col7">
       <lb facs="#eSc_line_8c498000"/>
       15
      </cell>
      <cell n="8" role="misc"/>
     </row>
     <row>
      <cell n="1" role="col1">
       <lb facs="#eSc_line_a8915532"/>
       448
      </cell>
      <cell n="2" role="col2">
       <lb facs="#eSc_line_09dd2857"/>
       <date cert="high" when-iso="[1875-06-1, 1875-05-1]">
        1
       </date>
      </cell>
      <cell n="3" role="col3">
       <lb facs="#eSc_line_ba9e5107"/>
       Suite du 29 Janvier 69
      </cell>
      <cell n="4" role="col4">
       <lb facs="#eSc_line_47370413"/>
       Quittance Subrogative
      </cell>
      <cell n="5" role="col5">
       <lb facs="#eSc_line_b65b2e8d" n="1"/>
       Mois de Juin
       <lb facs="#eSc_line_4e8b3dd1" n="2"/>
       Turquet (par Alexandre Auguste) demeurant à Paris,
       <lb facs="#eSc_line_173454b0" n="3"/>
       rue deBraque, n°2, aux veuve &amp; héritier de Antoine Boissel,
       <lb facs="#eSc_line_ecaef583" n="4"/>
       payant XXX XXX des héritiers Josseaume de 6300,
      </cell>
      <cell n="6" role="col6">
       <lb facs="#eSc_line_0e106644"/>
       <date cert="high" when-iso="[1875-06-11, 1875-05-11]">
        11
       </date>
      </cell>
      <cell n="7" role="col7">
       <lb facs="#eSc_line_8a56e2c3"/>
       78 75
      </cell>
      <cell n="8" role="misc"/>
     </row>
     <row>
      <cell n="1" role="col1">
       <lb facs="#eSc_line_624ba146"/>
       449
      </cell>
      <cell n="2" role="col2">
       <lb facs="#eSc_line_bb2fe2c9"/>
       <date cert="high" when-iso="[1875-06-1, 1875-05-1]">
        1
       </date>
      </cell>
      <cell n="3" role="col3">
       <lb facs="#eSc_line_4fa378fc"/>
       Suite du 19 avril 75
      </cell>
      <cell n="4" role="col4">
       <lb facs="#eSc_line_c587172b"/>
       Dépôt
      </cell>
      <cell n="5" role="col5">
       <lb facs="#eSc_line_9121e552" n="1"/>
       Bertaux (depièces de publications de mariage de XXX
      </cell>
      <cell n="6" role="col6"/>
      <cell n="7" role="col7">
       <lb facs="#eSc_line_e174bdab"/>
       3 75
      </cell>
      <cell n="8" role="misc"/>
     </row>
     <row>
      <cell n="1" role="col1">
       <lb facs="#eSc_line_c1aa9ac4"/>
       450
      </cell>
      <cell n="2" role="col2">
       <lb facs="#eSc_line_721326ea"/>
       <date cert="high" when-iso="[1875-06-1, 1875-05-1]">
        1
       </date>
      </cell>
      <cell n="3" role="col3">
       <lb facs="#eSc_line_2cc49d09"/>
       Procuration
      </cell>
      <cell n="4" role="col4"/>
      <cell n="5" role="col5">
       <lb facs="#eSc_line_762fc5f8" n="1"/>
       Paul) avec Melle Chavannet.
       <lb facs="#eSc_line_d003c7b7" n="2"/>
       Armand (par Louis Régis) et Maris Julie George, safemme
       <lb facs="#eSc_line_06aa4472" n="3"/>
       demeurant à la Garenne, commune de Colombes (Seine) rue d'asnières
      </cell>
      <cell n="6" role="col6">
       <lb facs="#eSc_line_d04a4078"/>
       <date cert="high" when-iso="[1875-06-7, 1875-05-7]">
        7
       </date>
      </cell>
      <cell n="7" role="col7">
       <lb facs="#eSc_line_cd7cb5e9"/>
       375
      </cell>
      <cell n="8" role="misc"/>
     </row>
     <row>
      <cell n="1" role="col1">
       <lb facs="#eSc_line_ed1a8ad2"/>
       451
      </cell>
      <cell n="2" role="col2">
       <lb facs="#eSc_line_98819a80"/>
       <date cert="high" when-iso="[1875-06-1, 1875-05-1]">
        1
       </date>
      </cell>
      <cell n="3" role="col3"/>
      <cell n="4" role="col4">
       <lb facs="#eSc_line_6393e11c"/>
       Dépôt
      </cell>
      <cell n="5" role="col5">
       <lb facs="#eSc_line_e77c9eae" n="1"/>
       n°33, à (en blanc) à l'effet de demander Compte de tutelle
       <lb facs="#eSc_line_194ad36d" n="2"/>
       Bernaux (de décharge donnée par Joseph Benjamin Constant)
       <lb facs="#eSc_line_c8531eda" n="3"/>
       demeurant Amiens rue des Mayots, n°36, et delle Julie Josephine Elisa
       <lb facs="#eSc_line_e2ea8b56" n="4"/>
       Bernaux, demt même rue &amp; n°, à Lucien Ludovic XXX, et à Emile
       <lb facs="#eSc_line_e2c67d19" n="5"/>
       Alexandre Baudrier, notaire, demt XXX XXX à Paris, rue de la Chaussée
      </cell>
      <cell n="6" role="col6">
       <lb facs="#eSc_line_3e70ea95"/>
       <date cert="high" when-iso="[1875-06-2, 1875-05-2]">
        2
       </date>
      </cell>
      <cell n="7" role="col7"/>
      <cell n="8" role="misc"/>
     </row>
     <row>
      <cell n="1" role="col1">
       <lb facs="#eSc_line_de465d85"/>
       452
      </cell>
      <cell n="2" role="col2">
       <lb facs="#eSc_line_4dd7e429"/>
       <date cert="high" when-iso="[1875-06-1, 1875-05-1]">
        1
       </date>
      </cell>
      <cell n="3" role="col3"/>
      <cell n="4" role="col4">
       <lb facs="#eSc_line_ac2bed0e"/>
       Procuration
      </cell>
      <cell n="5" role="col5">
       <lb facs="#eSc_line_62cb07d9" n="1"/>
       d'Antin, n°68
       <lb facs="#eSc_line_593a3acd" n="2"/>
       de la Roche Aymon ( par Marie Clémentine Paule de la Rochefontenille
       <lb facs="#eSc_line_a5b5ba7a" n="3"/>
       Comtesse) épouse de Réné Marie Louis Gauvin Comte) demeurant à
       <lb facs="#eSc_line_8062ca40" n="4"/>
       Paris, rue de Las Cases, n°24, à Edouard Didas Marie Gelée, demt
       <lb facs="#eSc_line_f2734cda" n="5"/>
       à Paris, rue Saint Lazare, 82, à l'effet defaire donation
      </cell>
      <cell n="6" role="col6"/>
      <cell n="7" role="col7">
       <lb facs="#eSc_line_52b1f002"/>
       3.75
      </cell>
      <cell n="8" role="misc"/>
     </row>
     <row>
      <cell n="1" role="col1">
       <lb facs="#eSc_line_26770cc0"/>
       453
      </cell>
      <cell n="2" role="col2">
       <lb facs="#eSc_line_1c0c6436"/>
       <date cert="high" when-iso="[1875-06-1, 1875-05-1]">
        1
       </date>
      </cell>
      <cell n="3" role="col3"/>
      <cell n="4" role="col4">
       <lb facs="#eSc_line_d528c29f"/>
       Mainlevée
      </cell>
      <cell n="5" role="col5">
       <lb facs="#eSc_line_d900f0a1" n="1"/>
       Delasalle (par Pauline Muller, veuve en premières noces de Jules
       <lb facs="#eSc_line_bde1339d" n="2"/>
       Joaquim Magu delle Eugénie) demeurant à Levallois Perret
      </cell>
      <cell n="6" role="col6">
       <lb facs="#eSc_line_8704a88c"/>
       <date cert="high" when-iso="[1875-06-10, 1875-05-10]">
        10
       </date>
       <lb facs="#eSc_line_c6bdeda3"/>
       <date cert="high" when-iso="[1875-06-3, 1875-05-3]">
        3
       </date>
      </cell>
      <cell n="7" role="col7">
       <lb facs="#eSc_line_2945ef00"/>
       625
      </cell>
      <cell n="8" role="misc"/>
     </row>
     <row>
      <cell n="1" role="col1">
       <lb facs="#eSc_line_9b250aa5"/>
       454
      </cell>
      <cell n="2" role="col2">
       <lb facs="#eSc_line_2bbe8d78"/>
       <date cert="high" when-iso="[1875-06-1, 1875-05-1]">
        1
       </date>
      </cell>
      <cell n="3" role="col3"/>
      <cell n="4" role="col4">
       <lb facs="#eSc_line_4f2d9f50"/>
       Procuration
      </cell>
      <cell n="5" role="col5">
       <lb facs="#eSc_line_1c2bb5f9" n="1"/>
       rue Valentin, n°10
       <lb facs="#eSc_line_738f39fc" n="2"/>
       Bigle (par Pauline Muller, veuve en premières noces de Jules
       <lb facs="#eSc_line_20bc9886" n="3"/>
       Joachim Magu et en 2e noces de Pierre Jules) demeurant à Paris
       <lb facs="#eSc_line_3536874b" n="4"/>
       rue Delaborde, n°11, à l'effet de lareprésenter au règlement
      </cell>
      <cell n="6" role="col6"/>
      <cell n="7" role="col7"/>
      <cell n="8" role="misc"/>
     </row>
     <row>
      <cell n="1" role="col1">
       <lb facs="#eSc_line_c96d80a8"/>
       455
      </cell>
      <cell n="2" role="col2">
       <lb facs="#eSc_line_44e8bc0a"/>
       <date cert="high" when-iso="[1875-06-1, 1875-05-1]">
        1
       </date>
      </cell>
      <cell n="3" role="col3"/>
      <cell n="4" role="col4">
       <lb facs="#eSc_line_83f25d9e"/>
       Procuration
      </cell>
      <cell n="5" role="col5">
       <lb facs="#eSc_line_e43ea384" n="1"/>
       à la succession de son mari, à
       <lb facs="#eSc_line_3dbb5d82" n="2"/>
       Boissel (par Réné Antoine) demeurant  à Paris, rue Saint Lazare
      </cell>
      <cell n="6" role="col6">
       <lb facs="#eSc_line_7434799b"/>
       <date cert="high" when-iso="[1875-06-4, 1875-05-4]">
        4
       </date>
       <lb facs="#eSc_line_9ddd58f7"/>
       <date cert="high" when-iso="[1875-06-4, 1875-05-4]">
        4
       </date>
      </cell>
      <cell n="7" role="col7">
       <lb facs="#eSc_line_a23f15fe"/>
       375
      </cell>
      <cell n="8" role="misc"/>
     </row>
     <row>
      <cell n="1" role="col1">
       <lb facs="#eSc_line_93155edb"/>
       456
      </cell>
      <cell n="2" role="col2">
       <lb facs="#eSc_line_21e7610d"/>
       <date cert="high" when-iso="[1875-06-1, 1875-05-1]">
        1
       </date>
      </cell>
      <cell n="3" role="col3">
       <lb facs="#eSc_line_93cba6bb"/>
       Suite du 20 avril 1874
      </cell>
      <cell n="4" role="col4">
       <lb facs="#eSc_line_075e26a7"/>
       Constatation
       <lb facs="#eSc_line_9355bc1c"/>
       etacceptation
       <lb facs="#eSc_line_e5a7c43e"/>
       d'emploi
      </cell>
      <cell n="5" role="col5">
       <lb facs="#eSc_line_57eaca31" n="1"/>
       n°74 a - pour recueillir
       <lb facs="#eSc_line_2bebdff8" n="2"/>
       de la Roche Aymon (par Réné Marie Louis Gauvin Renaud Comte)
       <lb facs="#eSc_line_c8a8efe9" n="3"/>
       et Marie Clementine Paule de la Rochefontenilles, safemme
       <lb facs="#eSc_line_2f97a146" n="4"/>
       demeurant à Paris, rue Las cases, n°24
      </cell>
      <cell n="6" role="col6">
       <lb facs="#eSc_line_e6ff6aec"/>
       <date cert="high" when-iso="[1875-06-10, 1875-05-10]">
        10
       </date>
      </cell>
      <cell n="7" role="col7">
       <lb facs="#eSc_line_69024ac4"/>
       375
       <lb facs="#eSc_line_6c093682"/>
       375
      </cell>
      <cell n="8" role="misc"/>
     </row>
     <row>
      <cell n="1" role="col1">
       <lb facs="#eSc_line_0c821ed1"/>
       457
      </cell>
      <cell n="2" role="col2">
       <lb facs="#eSc_line_a5a459f4"/>
       <date cert="high" when-iso="[1875-06-1, 1875-05-1]">
        1
       </date>
      </cell>
      <cell n="3" role="col3">
       <lb facs="#eSc_line_bc801d66"/>
       Suite du 30 mars 75
      </cell>
      <cell n="4" role="col4">
       <lb facs="#eSc_line_5f75d0b9"/>
       Quittance
      </cell>
      <cell n="5" role="col5">
       <lb facs="#eSc_line_0096fb08" n="1"/>
       Bacot (par le mandataire de David Germain) &amp; Pauline Dumoustier
       <lb facs="#eSc_line_6ae42d36" n="2"/>
       sa femme, demt à Sedan, place XXX à françois André Lagarde
       <lb facs="#eSc_line_0045aab5" n="3"/>
       et Louise Jeanine Royer sa femme, de Paris rue Chevaleret 167 de 20000+
      </cell>
      <cell n="6" role="col6">
       <lb facs="#eSc_line_186ffb13"/>
       <date cert="high" when-iso="[1875-06-10, 1875-05-10]">
        10
       </date>
      </cell>
      <cell n="7" role="col7">
       <lb facs="#eSc_line_b2ccd0d0"/>
       125
      </cell>
      <cell n="8" role="misc"/>
     </row>
    </table>
   </div>
  </body>
 </text>
</TEI>