<?xml version="1.0" encoding="utf-8"?>
<TEI xmlns="http://www.tei-c.org/ns/1.0">
 <teiHeader>
  <fileDesc>
   <titleStmt>
    <title xml:lang="fr">
     FRAN_0025_3657_L-1-tei
    </title>
    <author>
     Lectaurep
    </author>
    <funder>
     Ministry of Higher Education, Research and Innovation
    </funder>
    <respStmt>
     <resp>
      Edited and encoded by
     </resp>
     <persName>
      <forename>
       Alix
      </forename>
      <surname>
       Chagué
      </surname>
     </persName>
    </respStmt>
    <respStmt>
     <resp>
      Edited and encoded by
     </resp>
     <persName>
      <forename>
       Hugo
      </forename>
      <surname>
       Scheithauer
      </surname>
     </persName>
    </respStmt>
    <respStmt>
     <resp>
      Transcription by
     </resp>
     <orgName>
      Département du Minutier central des notaires de Paris
     </orgName>
    </respStmt>
    <respStmt>
     <resp>
      Digitization by
     </resp>
     <orgName>
      Archives nationales
     </orgName>
    </respStmt>
   </titleStmt>
   <publicationStmt>
    <authority>
     Lectaurep (Archives nationales, Inria)
    </authority>
    <availability>
     <licence target="https://creativecommons.org/licenses/by/4.0/">
      <p>
       Distributed under a Creative Commons Attribution 4.0 International (CC BY 4.0)
      </p>
     </licence>
    </availability>
    <date when-iso="2020"/>
   </publicationStmt>
   <seriesStmt>
    <title type="main">
     Répertoires de notaires de Paris
    </title>
   </seriesStmt>
   <sourceDesc>
    <p/>
   </sourceDesc>
  </fileDesc>
  <encodingDesc>
   <projectDesc>
    <p>
     L'encodage de ce document s'est fait dans le cadre du projet LECTAUREP
    </p>
   </projectDesc>
   <editorialDecl>
    <correction>
     <p xml:lang="fr">
      Aucune correction
     </p>
    </correction>
    <hyphenation eol="all" rend="sh">
     <p>
      Toutes les coupures de mots pour fin de ligne (indiquées principalement avec un tiretsimple) ont été conservées.
     </p>
    </hyphenation>
   </editorialDecl>
  </encodingDesc>
  <revisionDesc>
   <change when="2021-06-18T13:47:23.207393+00:00">
    Creation
   </change>
   <change when="2021-06-18T13:47:23.207418+00:00">
    Last change
   </change>
  </revisionDesc>
 </teiHeader>
 <sourceDoc>
  <surfaceGrp type="structure_{type:col_1;}" xml:id="eSc_textblock_c465e932">
   <surface>
    <graphic height="4429px" url="FRAN_0025_3657_L-1.jpg" width="2981px"/>
    <zone points="151,764 158,708 192,693 240,701 240,808 158,811" xml:id="eSc_line_b5038e05">
     <line>
      520
     </line>
    </zone>
    <zone points="158,941 162,871 236,878 243,974 166,981" xml:id="eSc_line_1bbf4d13">
     <line>
      521
     </line>
    </zone>
    <zone points="151,1062 158,992 247,992 247,1088 158,1092" xml:id="eSc_line_e53b88c1">
     <line>
      522
     </line>
    </zone>
    <zone points="155,1184 162,1144 229,1144 254,1188 243,1210 158,1225" xml:id="eSc_line_b2b8625f">
     <line>
      523
     </line>
    </zone>
    <zone points="147,1302 147,1225 195,1225 265,1295 258,1332 155,1332" xml:id="eSc_line_e7f23ffd">
     <line>
      524
     </line>
    </zone>
    <zone points="144,1472 151,1443 243,1435 262,1480 229,1509 147,1509" xml:id="eSc_line_e04c28da">
     <line>
      525
     </line>
    </zone>
    <zone points="155,1594 158,1524 247,1524 251,1623 162,1631" xml:id="eSc_line_430eff03">
     <line>
      526
     </line>
    </zone>
    <zone points="155,1826 158,1756 236,1756 240,1919 221,1933 162,1926" xml:id="eSc_line_2a4adb25">
     <line>
      527
     </line>
    </zone>
    <zone points="144,2059 151,1996 240,1996 240,2111 151,2107" xml:id="eSc_line_120c0b03">
     <line>
      528
     </line>
    </zone>
    <zone points="140,2310 181,2236 251,2232 262,2339 214,2362 151,2339" xml:id="eSc_line_0afcb1db">
     <line>
      529
     </line>
    </zone>
    <zone points="151,2542 158,2465 243,2458 243,2572 158,2572" xml:id="eSc_line_69b95a39">
     <line>
      530
     </line>
    </zone>
    <zone points="140,2661 147,2568 181,2587 251,2572 251,2694 166,2705 147,2690" xml:id="eSc_line_0575b729">
     <line>
      531
     </line>
    </zone>
    <zone points="151,2764 169,2701 243,2701 236,2808 155,2801" xml:id="eSc_line_bd331883">
     <line>
      532
     </line>
    </zone>
    <zone points="151,2941 158,2871 243,2860 243,2982 232,2993 217,2978 158,2978" xml:id="eSc_line_4b4addf7">
     <line>
      533
     </line>
    </zone>
    <zone points="144,3177 155,3103 251,3100 243,3214 147,3218" xml:id="eSc_line_bf1712aa">
     <line>
      534
     </line>
    </zone>
    <zone points="151,3347 158,3284 240,3284 240,3406 158,3406" xml:id="eSc_line_718e53f7">
     <line>
      535
     </line>
    </zone>
    <zone points="144,3532 162,3495 225,3502 240,3532 232,3583 151,3583" xml:id="eSc_line_39375691">
     <line>
      536
     </line>
    </zone>
    <zone points="125,3709 136,3639 247,3635 247,3757 214,3772 188,3746 147,3760 132,3749" xml:id="eSc_line_399b31d3">
     <line>
      537
     </line>
    </zone>
    <zone points="140,3827 147,3757 254,3768 262,3871 151,3860" xml:id="eSc_line_46f25d95">
     <line>
      538
     </line>
    </zone>
    <zone points="136,4004 147,3927 251,3927 243,4041 188,4059 140,4037" xml:id="eSc_line_ee336598">
     <line>
      539
     </line>
    </zone>
   </surface>
  </surfaceGrp>
  <surfaceGrp type="structure_{type:col_3;}" xml:id="eSc_textblock_d50f7d29">
   <surface>
    <graphic height="4429px" url="FRAN_0025_3657_L-1.jpg" width="2981px"/>
    <zone points="421,771 428,712 461,712 487,738 531,719 631,738 668,708 720,704 731,767 724,797 698,808 672,793 646,819 568,797 531,823 502,823 480,800 428,808" xml:id="eSc_line_de5de04c">
     <line>
      Certif^t de pp^té
     </line>
    </zone>
    <zone points="454,948 458,867 653,859 664,952 631,981 546,966 487,981 458,966" xml:id="eSc_line_45929de2">
     <line>
      Procuration
     </line>
    </zone>
    <zone points="524,1059 539,981 616,985 616,1096 531,1103" xml:id="eSc_line_6bf2f3de">
     <line>
      d°
     </line>
    </zone>
    <zone points="509,1177 517,1114 605,1096 605,1214 517,1214" xml:id="eSc_line_c7544e3b">
     <line>
      d°
     </line>
    </zone>
    <zone points="465,1306 472,1221 587,1221 605,1236 631,1221 631,1332 535,1339 513,1358 472,1350" xml:id="eSc_line_8be90a16">
     <line>
      Mainlevée
     </line>
    </zone>
    <zone points="424,1487 428,1406 446,1398 698,1406 698,1575 428,1572" xml:id="eSc_line_290d3420">
     <line>
      Notoriété rectif^ve
     </line>
    </zone>
    <zone points="417,2531 424,2469 502,2461 561,2476 609,2458 712,2476 709,2572 679,2572 650,2598 594,2572 550,2590 494,2590 461,2561 421,2572" xml:id="eSc_line_4817134a">
     <line>
      Certif^t de pp^té
     </line>
    </zone>
    <zone points="520,2653 543,2609 587,2576 602,2694 531,2694" xml:id="eSc_line_c27c6250">
     <line>
      d°
     </line>
    </zone>
    <zone points="402,2782 406,2709 679,2697 690,2782 657,2812 594,2797 491,2812 406,2793" xml:id="eSc_line_04b78c79">
     <line>
      Procuration
     </line>
    </zone>
    <zone points="424,3724 432,3668 469,3668 498,3698 554,3698 568,3683 650,3690 661,3724 653,3753 432,3742" xml:id="eSc_line_dd7a0795">
     <line>
      Procuration
     </line>
    </zone>
    <zone points="450,3842 465,3764 565,3768 605,3753 653,3768 657,3867 616,3882 565,3867 502,3915 461,3915" xml:id="eSc_line_cbd0418a">
     <line>
      Mainlevée
     </line>
    </zone>
    <zone points="417,4008 424,3941 712,3930 709,4107 421,4093" xml:id="eSc_line_9818236c">
     <line>
      Certift de pp^té
     </line>
    </zone>
   </surface>
  </surfaceGrp>
  <surfaceGrp type="structure_{type:col_5;}" xml:id="eSc_textblock_d6f34ce0">
   <surface>
    <graphic height="4429px" url="FRAN_0025_3657_L-1.jpg" width="2981px"/>
    <zone points="1100,712 1104,679 1185,664 1222,679 1289,656 1363,656 1377,671 1414,660 1436,682 1499,682 1529,656 1606,675 1684,656 1732,679 1784,656 1891,656 1917,682 1994,671 2005,716 1979,749 1104,738" xml:id="eSc_line_0d10b88d">
     <line/>
    </zone>
    <zone points="1086,771 1108,738 1270,738 1289,752 1414,752 1429,738 1451,752 1503,738 1577,738 1592,752 1614,738 1691,752 1706,738 1747,752 1979,752 2002,738 2027,752 2220,752 2256,738 2301,741 2323,782 2308,804 1089,804" xml:id="eSc_line_1e852ed9">
     <line>
      Millé (concernt livret de la Caisse des retraites pour la vieillesse et
     </line>
    </zone>
    <zone points="1082,837 1089,808 1141,797 1411,797 1425,811 1883,811 1902,797 1920,811 1961,797 2220,811 2279,797 2323,811 2330,845 2301,871 2013,856 1466,871 1436,856 1388,867 1300,852 1100,852 1086,867" xml:id="eSc_line_9bc157e7">
     <line>
      extraits d'inscrip^on de rente aux noms de) Charles Paul et Potron Méla-
     </line>
    </zone>
    <zone points="1078,896 1104,852 1145,867 1163,852 1237,856 1255,871 1292,852 1381,856 1396,871 1433,852 1544,871 1787,871 1821,856 1872,871 1998,852 2046,871 2098,859 2116,904 2079,922 1677,922 1651,907 1621,922 1551,922 1529,907 1477,922 1134,922 1111,907 1082,919" xml:id="eSc_line_040b1d88">
     <line>
      nie Marie Victorine f^e / de Paris 14 rue Hégérippe Moreau
     </line>
    </zone>
    <zone points="1089,952 1100,904 1130,926 1204,911 1473,926 1492,907 1592,926 1636,907 1677,926 1702,911 1780,911 1795,926 1835,911 2083,926 2124,900 2308,900 2319,959 2308,985 2223,970 1750,985 1713,970 1484,970 1444,985 1418,970 1333,981 1311,966 1296,981 1274,970 1259,985 1156,985 1093,970" xml:id="eSc_line_ebd4ff89">
     <line>
      Eury (par Octavie Sidonie Lair V^ve de Augustin Joseph Ernest)
     </line>
    </zone>
    <zone points="1082,1014 1089,978 1141,978 1170,1003 1207,978 1226,996 1248,974 1536,996 1643,974 1732,992 1887,981 1902,996 1954,974 1991,992 2009,974 2079,1007 2105,981 2127,989 2153,970 2242,978 2286,1022 2197,1048 2172,1022 2127,1051 2101,1037 2035,1051 1976,1022 1917,1051 1835,1040 1787,1055 1762,1040 1625,1044 1603,1022 1573,1048 1536,1022 1518,1040 1374,1051 1351,1026 1329,1044 1207,1040 1156,1037 1122,1014 1086,1048" xml:id="eSc_line_96d6db22">
     <line>
      de Paris 7 rue Vincent - en blanc - pour recueillir ssion de M^r Lair
     </line>
    </zone>
    <zone points="1093,1074 1100,1029 1233,1029 1252,1048 1274,1033 1315,1048 1396,1033 1425,1048 1470,1029 1614,1029 1632,1048 1669,1033 1769,1048 1795,1033 1813,1048 1931,1048 1968,1029 2042,1044 2120,1029 2142,1048 2205,1048 2271,1029 2290,1048 2330,1048 2341,1081 2330,1110 2164,1110 2142,1092 2075,1103 2039,1085 1994,1103 1902,1092 1846,1110 1732,1088 1665,1092 1651,1107 1632,1092 1599,1107 1581,1092 1558,1103 1407,1088 1385,1110 1307,1096 1237,1110 1215,1088 1097,1088" xml:id="eSc_line_273f46cf">
     <line>
      Bellanger (par Cécile Eugénie Daniau V^ve de Henri Jules)
     </line>
    </zone>
    <zone points="1089,1133 1093,1092 1211,1099 1241,1129 1285,1099 1374,1122 1407,1088 1514,1103 1544,1092 1566,1110 1632,1099 1647,1114 1673,1092 1821,1107 1946,1092 1991,1103 2020,1133 2079,1099 2135,1092 2164,1140 2138,1169 2090,1155 1854,1155 1798,1169 1728,1151 1665,1166 1606,1140 1547,1162 1473,1155 1459,1169 1425,1151 1399,1166 1281,1166 1233,1144 1193,1162 1134,1144 1093,1151" xml:id="eSc_line_5a36fdb0">
     <line>
      de Paris 41 rue Mouffetard - en blanc - pour céder d^ts ssifs
     </line>
    </zone>
    <zone points="1082,1195 1089,1147 1241,1147 1274,1162 1315,1147 1348,1162 1581,1147 1688,1162 1710,1147 1747,1162 2260,1151 2323,1162 2334,1199 2268,1221 1086,1210" xml:id="eSc_line_4c7f73df">
     <line>
      Quentin (par Eugénie Céline Vlovis V^ve de Eugène Edouard Fran-
     </line>
    </zone>
    <zone points="1082,1251 1093,1221 1119,1232 1204,1214 1259,1243 1289,1221 1348,1232 1366,1217 1492,1210 1747,1229 1791,1199 1813,1221 1887,1229 1920,1214 1976,1232 2068,1199 2120,1236 2146,1221 2271,1221 2301,1243 2253,1269 2075,1284 1850,1265 1802,1280 1769,1265 1665,1277 1647,1258 1606,1280 1278,1280 1233,1265 1189,1277 1163,1251 1086,1251" xml:id="eSc_line_17c7367e">
     <line>
      çois) de Paris 50 Ave des Ternes - en blanc - pour toucher sommes
     </line>
    </zone>
    <zone points="1086,1310 1089,1262 1178,1262 1193,1277 1263,1265 1278,1280 1366,1280 1381,1265 1448,1280 1651,1265 1706,1280 1736,1265 1780,1280 2301,1280 2323,1265 2334,1317 2316,1339 1858,1339 1832,1325 1699,1339 1684,1325 1640,1339 1592,1325 1226,1339 1204,1325 1089,1325" xml:id="eSc_line_8cfc0fd8">
     <line>
      Blavignac (par Emile Jean) de Clamart 35 rue de S^t Cloud
     </line>
    </zone>
    <zone points="1078,1369 1082,1343 1148,1328 1226,1343 1392,1343 1429,1328 1499,1343 1514,1328 1584,1328 1632,1347 1665,1332 1702,1347 1743,1332 1880,1347 1972,1347 1987,1332 2024,1347 2057,1332 2142,1347 2319,1332 2330,1380 2319,1398 1082,1391" xml:id="eSc_line_126d870c">
     <line>
      d'inscrip^on c/ Edouard Louis Camille Teisayres de Paris 136 rue du
     </line>
    </zone>
    <zone points="1089,1428 1093,1384 1204,1398 1270,1384 1344,1387 1359,1402 1643,1402 1665,1387 1688,1402 1732,1387 1898,1402 1965,1387 1983,1395 1994,1432 1979,1450 1846,1457 1824,1443 1765,1457 1713,1443 1669,1457 1351,1457 1333,1439 1274,1454 1241,1439 1093,1439" xml:id="eSc_line_cf6c0ada">
     <line>
      Château des Rentiers pour sûreté de 12433 x
     </line>
    </zone>
    <zone points="1082,1487 1130,1428 1189,1454 1218,1428 1270,1457 1329,1443 1388,1472 1470,1443 1507,1472 1569,1461 1599,1432 1651,1461 1688,1446 1780,1461 1810,1435 1843,1457 1894,1461 1972,1446 2005,1413 2279,1406 2290,1494 2279,1516 2264,1505 2168,1520 2109,1505 2075,1520 1965,1520 1939,1494 1906,1513 1824,1505 1802,1520 1684,1520 1629,1494 1595,1524 1425,1505 1315,1516 1267,1502 1218,1524 1086,1509" xml:id="eSc_line_7525daf4">
     <line>
      Viterbo (des prénoms de Max Fortuné) ép^x de Marie
     </line>
    </zone>
    <zone points="1097,1553 1100,1505 1222,1528 1270,1505 1595,1531 1632,1498 1677,1520 1784,1528 1821,1509 2057,1528 2098,1509 2164,1524 2268,1509 2290,1550 2279,1572 2227,1575 2208,1598 2146,1568 2002,1575 1976,1590 1928,1568 1891,1575 1869,1553 1824,1579 1795,1557 1732,1579 1636,1579 1588,1557 1562,1583 1473,1564 1429,1587 1411,1572 1255,1572 1241,1557 1159,1572 1122,1553" xml:id="eSc_line_474a1f35">
     <line>
      Marthe Jeanne Germaine Gragnon de Paris 7 rue du Colysée
     </line>
    </zone>
    <zone points="1086,1609 1089,1539 1156,1572 1241,1557 1281,1579 1392,1568 1425,1590 1477,1561 1558,1583 1588,1557 1691,1583 1798,1561 1832,1583 1865,1553 1887,1575 1931,1568 1957,1587 2002,1572 2120,1579 2146,1564 2205,1598 2231,1575 2282,1575 2301,1609 2223,1638 2135,1638 2101,1620 2057,1638 2005,1620 1935,1635 1843,1623 1817,1642 1773,1627 1739,1638 1725,1623 1606,1642 1581,1627 1399,1623 1355,1638 1326,1609 1289,1609 1244,1653 1196,1627 1089,1623" xml:id="eSc_line_7ff6881c">
     <line>
      Bouchy (par Adèle Yvonne) de Paris 10 rue de la
     </line>
    </zone>
    <zone points="1074,1664 1078,1623 1196,1623 1215,1642 1292,1642 1311,1623 1348,1623 1366,1642 1388,1623 1429,1642 1466,1623 1584,1642 1677,1642 1695,1623 1732,1642 1832,1642 1861,1623 1898,1642 1972,1642 2002,1620 2061,1638 2101,1620 2138,1638 2308,1627 2330,1671 2319,1694 2068,1694 2053,1679 1998,1683 1987,1697 1691,1697 1632,1683 1603,1697 1536,1683 1403,1683 1388,1697 1326,1697 1311,1683 1285,1697 1233,1683 1078,1690" xml:id="eSc_line_0874d8ca">
     <line>
      Cerisaie - fait par Suzanne Renée Marguerite Worms ép^se
     </line>
    </zone>
    <zone points="1089,1719 1093,1683 1159,1683 1178,1701 1207,1683 1226,1701 1285,1701 1303,1683 1329,1701 1385,1701 1403,1683 1444,1683 1466,1701 1488,1683 1588,1697 1677,1683 1695,1701 1743,1683 1798,1683 1828,1701 1858,1683 1898,1701 2057,1683 2075,1701 2157,1686 2286,1694 2319,1723 2308,1749 1566,1738 1093,1749" xml:id="eSc_line_1100328c">
     <line>
      de Paul René Leroy de Paris 1 Ave du Président Wilson
     </line>
    </zone>
    <zone points="1086,1790 1089,1753 1111,1742 1185,1738 1230,1760 1270,1742 1296,1767 1333,1742 1363,1760 1388,1734 1477,1760 1581,1742 1629,1767 1673,1742 1702,1753 1802,1734 1876,1760 1909,1738 1957,1764 2068,1749 2109,1782 2098,1808 2053,1819 2020,1801 1780,1812 1750,1793 1677,1812 1636,1786 1562,1812 1525,1790 1477,1812 1418,1801 1377,1826 1281,1801 1252,1812 1230,1790 1207,1812 1089,1797" xml:id="eSc_line_047b5caa">
     <line>
      décédée à Neuilly S/ Seine le 9 Décembre 1925
     </line>
    </zone>
    <zone points="1089,1841 1093,1801 1108,1793 1170,1812 1473,1812 1514,1797 1647,1797 1677,1812 1776,1793 1869,1812 1909,1797 2087,1808 2112,1786 2290,1786 2301,1852 2268,1867 1093,1860" xml:id="eSc_line_777e4bc3">
     <line>
      Foin (par Marguerite Aline Julienne) et Blanche Louise
     </line>
    </zone>
    <zone points="1082,1900 1086,1856 1137,1871 1311,1871 1326,1856 1370,1871 1392,1856 1444,1871 1459,1856 1484,1871 1688,1856 1732,1871 1758,1856 1843,1856 1869,1871 1961,1871 1983,1856 2020,1871 2231,1871 2253,1856 2268,1871 2319,1871 2330,1908 2305,1922 1086,1919" xml:id="eSc_line_b3e93233">
     <line>
      Léontine) de Paris 27 rue des Balkans - d'inscrip^on c/ Roger
     </line>
    </zone>
    <zone points="1078,1959 1089,1915 1159,1915 1185,1933 1204,1915 1296,1930 1326,1915 1351,1930 1411,1919 1425,1933 1484,1915 1581,1915 1614,1933 1928,1915 1946,1933 1979,1933 2020,1915 2087,1933 2238,1919 2253,1933 2308,1933 2319,1963 2305,1985 2234,1996 2050,1996 2027,1981 1795,1996 1773,1974 1658,1974 1636,1993 1529,1974 1507,1996 1462,1996 1418,1974 1082,1974" xml:id="eSc_line_a54eec51">
     <line>
      Félix Petitimbert et Zobel laurence s/ ép^se de Rosny sous Bois
     </line>
    </zone>
    <zone points="1086,2018 1089,1978 1278,1989 1351,1974 1440,1989 1706,1974 1725,1978 1736,2018 1725,2044 1089,2037" xml:id="eSc_line_70c61246">
     <line>
      16 rue du Verrier - de 16000 x
     </line>
    </zone>
    <zone points="1074,2077 1078,2037 1108,2026 1148,2044 1359,2048 1440,2026 1595,2048 1636,2026 1658,2048 1994,2048 2027,2018 2290,2018 2301,2077 2290,2103 2256,2107 1931,2107 1917,2092 1891,2107 1747,2092 1484,2107 1462,2092 1418,2107 1340,2092 1289,2107 1263,2092 1241,2107 1078,2100" xml:id="eSc_line_c97a97f2">
     <line>
      Ders (par Hélène) de Paris 24 rue Marcadet à Victor
     </line>
    </zone>
    <zone points="1074,2136 1089,2092 1122,2111 1259,2111 1322,2092 1355,2111 1414,2111 1433,2092 1481,2107 1532,2096 1551,2111 1569,2092 1747,2092 1813,2111 1832,2096 1887,2111 1920,2092 1976,2111 2002,2092 2064,2092 2112,2107 2168,2096 2190,2111 2279,2096 2308,2107 2319,2144 2286,2166 2079,2166 2064,2151 1869,2166 1843,2151 1747,2166 1677,2151 1606,2151 1592,2166 1270,2151 1255,2166 1196,2166 1078,2151" xml:id="eSc_line_a6240378">
     <line>
      Fureau et René Victor Gabriel Fureau de Paris 96 rue des
     </line>
    </zone>
    <zone points="1082,2192 1086,2151 1200,2170 1307,2155 1333,2170 1399,2151 1562,2173 1606,2155 1658,2173 1743,2173 1776,2155 1798,2173 1824,2155 1869,2173 1939,2173 1957,2155 2142,2173 2168,2155 2194,2173 2301,2159 2316,2207 2305,2229 2061,2229 2046,2214 1987,2229 1824,2229 1810,2214 1784,2229 1750,2214 1717,2229 1536,2210 1459,2225 1086,2214" xml:id="eSc_line_d6ac59d1">
     <line>
      Entrepreneurs - de cession de bail de locaux à Paris 96 rue
     </line>
    </zone>
    <zone points="1071,2251 1078,2210 1108,2225 1233,2210 1300,2232 1569,2214 1632,2236 1710,2236 1728,2218 1780,2232 1795,2218 1924,2218 2027,2251 2016,2266 1943,2266 1924,2280 1632,2280 1584,2266 1525,2277 1492,2262 1433,2277 1167,2262 1145,2273 1126,2258 1074,2269" xml:id="eSc_line_f1a650d0">
     <line>
      des Entrepreneurs moy^t loyer annuel de 3200 x
     </line>
    </zone>
    <zone points="1078,2310 1082,2269 1108,2255 1148,2277 1167,2258 1248,2280 1270,2269 1285,2284 1318,2273 1455,2288 1492,2258 1562,2295 1584,2273 1691,2277 1725,2295 1762,2266 1787,2292 1843,2262 1872,2284 1924,2284 1965,2247 2016,2240 2094,2292 2157,2240 2208,2236 2308,2251 2323,2317 2305,2343 2149,2343 2135,2358 2105,2336 1950,2347 1917,2321 1872,2343 1769,2351 1736,2321 1699,2339 1654,2332 1636,2351 1617,2332 1547,2328 1451,2351 1381,2328 1351,2358 1311,2358 1289,2336 1189,2347 1082,2325" xml:id="eSc_line_eec5088e">
     <line>
      Tadéoni (par Pauline Eugénie Claudine Balleret V^ve de Charles
     </line>
    </zone>
    <zone points="1086,2373 1089,2328 1174,2328 1196,2351 1218,2328 1307,2351 1359,2351 1381,2328 1418,2347 1436,2328 1481,2343 1499,2328 1606,2328 1636,2351 1658,2328 1677,2343 1736,2328 1806,2351 1828,2332 1872,2351 1902,2328 1954,2351 2305,2336 2327,2369 2312,2395 2275,2399 1089,2387" xml:id="eSc_line_63461692">
     <line>
      Victor Pascal) de Paris 7 bis des Filles du calvaire d'inscrip^on
     </line>
    </zone>
    <zone points="1074,2424 1082,2384 1126,2399 1215,2384 1270,2399 1377,2399 1399,2384 1488,2399 1610,2384 1658,2399 1717,2399 1732,2384 1754,2399 2146,2399 2194,2384 2212,2399 2301,2387 2312,2432 2279,2461 2013,2461 1965,2447 1854,2458 1769,2443 1640,2461 1566,2443 1473,2443 1448,2458 1422,2447 1399,2461 1237,2443 1218,2461 1189,2447 1148,2461 1130,2443 1078,2447" xml:id="eSc_line_d56e8eda">
     <line>
      d'hypothèque judiciaire c/ Edmond Alexandre Marth de Knuyt
     </line>
    </zone>
    <zone points="1086,2487 1097,2443 1159,2480 1196,2454 1281,2461 1329,2447 1399,2465 1499,2447 1558,2487 1595,2454 1684,2469 1773,2450 1802,2480 1828,2454 1854,2465 1987,2450 2039,2487 1998,2517 1968,2491 1939,2513 1887,2513 1861,2495 1839,2517 1802,2502 1610,2517 1562,2495 1436,2524 1407,2498 1374,2517 1292,2513 1255,2487 1089,2498" xml:id="eSc_line_d1804bd6">
     <line>
      de Paris 5 rue de Grétry pour sûreté de 821 x 75
     </line>
    </zone>
    <zone points="1089,2542 1093,2502 1218,2491 1292,2513 1396,2513 1411,2498 1429,2513 1518,2513 1584,2495 1706,2517 1846,2513 1861,2498 1950,2517 1968,2502 2002,2509 2024,2487 2308,2487 2319,2550 2301,2576 2234,2576 2216,2561 2175,2576 2098,2561 2031,2561 2016,2576 1798,2561 1784,2576 1721,2576 1691,2557 1525,2572 1093,2568" xml:id="eSc_line_6238de12">
     <line>
      Millé (concern^t 2 extraits d'inscrip^on de rente f^se 3% de 406x
     </line>
    </zone>
    <zone points="1082,2602 1089,2568 1111,2557 1193,2561 1207,2576 1510,2561 1529,2579 1562,2565 1621,2579 1647,2561 1673,2579 1732,2565 1780,2579 1798,2561 1835,2561 1924,2583 2013,2583 2039,2565 2168,2583 2223,2565 2316,2568 2323,2616 2305,2635 1086,2616" xml:id="eSc_line_4c031653">
     <line>
      et 66x au nom de) Charles Paul de Paris 14 rue Hégésippe Moreau
     </line>
    </zone>
    <zone points="1086,2664 1122,2602 1137,2616 1207,2609 1237,2635 1263,2609 1303,2635 1396,2635 1414,2620 1473,2635 1558,2624 1584,2638 1606,2620 1688,2638 1787,2620 1828,2638 1909,2624 2027,2642 2057,2631 2098,2672 2172,2624 2208,2650 2305,2642 2316,2672 2305,2701 2264,2705 2087,2697 1979,2716 1961,2697 1750,2697 1721,2723 1695,2701 1581,2694 1562,2709 1544,2690 1459,2686 1403,2709 1385,2690 1329,2686 1300,2709 1267,2679 1226,2694 1089,2686" xml:id="eSc_line_b0a56941">
     <line>
      Millé (concern^t 1 extrait d'inscrip^on de rente 3% de 60x au nom
     </line>
    </zone>
    <zone points="1074,2723 1086,2686 1233,2694 1259,2679 1300,2712 1329,2686 1385,2690 1407,2712 1462,2686 1540,2690 1562,2712 1581,2697 1592,2720 1536,2757 1518,2742 1374,2742 1355,2757 1292,2731 1134,2742 1086,2727" xml:id="eSc_line_a1f7eaeb">
     <line>
      de) Charles Paul sus^mé
     </line>
    </zone>
    <zone points="1074,2779 1078,2738 1100,2731 1514,2738 1562,2720 1695,2712 2020,2712 2105,2727 2275,2727 2301,2712 2312,2771 2208,2805 2105,2805 2090,2790 2075,2805 1858,2805 1806,2790 1688,2808 1569,2808 1532,2793 1381,2808 1315,2790 1259,2808 1222,2790 1126,2808 1078,2793" xml:id="eSc_line_b6183cfd">
     <line>
      Taulelle (par Paul Marius) et Marie Vincent s/ ép^se en 2^es
     </line>
    </zone>
    <zone points="1071,2838 1074,2801 1122,2812 1145,2793 1241,2793 1263,2812 1303,2793 1370,2793 1399,2812 1488,2793 1562,2797 1577,2812 1629,2797 1739,2812 1802,2793 1865,2812 1991,2812 2009,2797 2027,2808 2094,2793 2120,2812 2175,2812 2256,2793 2275,2812 2312,2812 2323,2841 2312,2860 2242,2871 2127,2856 1987,2871 1968,2853 1943,2871 1802,2871 1765,2853 1717,2871 1680,2856 1654,2871 1636,2853 1385,2853 1348,2871 1300,2853 1074,2856" xml:id="eSc_line_3a17414a">
     <line>
      noces de Maisons Alofort 26 rue Ferzay - et autre - en blanc
     </line>
    </zone>
    <zone points="1089,2893 1104,2860 1636,2853 1665,2867 1677,2897 1654,2919 1093,2908" xml:id="eSc_line_33e40f83">
     <line>
      pour cession de droits ssifs
     </line>
    </zone>
    <zone points="1089,2952 1100,2897 1182,2919 1654,2919 1691,2886 1732,2886 1754,2900 2046,2889 2079,2893 2109,2923 2183,2923 2220,2889 2297,2889 2319,2908 2330,2960 2319,2985 2124,2985 2098,2971 1813,2985 1725,2967 1673,2967 1658,2982 1592,2982 1577,2967 1536,2982 1237,2982 1093,2963" xml:id="eSc_line_dac8a746">
     <line>
      Véaux (par Désiré Eugénie Viénot V^ve de Auguste Victor)
     </line>
    </zone>
    <zone points="1078,3015 1086,2952 1152,3008 1200,2974 1300,2993 1326,2974 1355,2996 1422,2974 1532,2989 1569,2963 1636,3008 1677,2971 1695,2989 1728,2971 1865,2989 1898,2971 1939,2982 1965,2960 1994,2989 2042,2963 2094,2978 2124,3008 2160,2978 2245,2985 2256,3026 2186,3044 2135,3015 2079,3041 1976,3041 1957,3026 1913,3059 1876,3037 1850,3059 1798,3037 1677,3041 1654,3019 1629,3041 1584,3022 1555,3044 1525,3030 1407,3044 1377,3030 1178,3044 1082,3030" xml:id="eSc_line_4daf3bfb">
     <line>
      de Vincennes 102 rue de Fontenay, à elle fait par
     </line>
    </zone>
    <zone points="1078,3067 1082,3026 1100,3041 1252,3030 1337,3044 1388,3030 1555,3044 1577,3026 1636,3044 1654,3026 1773,3026 1817,3048 1880,3033 1943,3048 1961,3030 1991,3048 2087,3030 2183,3044 2205,3030 2234,3048 2312,3048 2323,3078 2312,3100 2190,3100 2175,3085 1931,3085 1913,3100 1640,3081 1617,3096 1082,3085" xml:id="eSc_line_452e1bd3">
     <line>
      Chales Alexis Chauvot de Richelieu (Indre et Loire) veuf
     </line>
    </zone>
    <zone points="1071,3133 1078,3085 1108,3100 1148,3085 1167,3103 1322,3103 1340,3085 1388,3103 1429,3089 1614,3103 1632,3085 1669,3100 1739,3085 1758,3103 1850,3089 1902,3103 1943,3085 1965,3103 1983,3085 2175,3085 2194,3103 2305,3096 2316,3137 2301,3155 1074,3151" xml:id="eSc_line_1cf67812">
     <line>
      de Louise Caroline Viénot décédé en son dom^le le 6 Juillet 1925
     </line>
    </zone>
    <zone points="1074,3185 1089,3144 1174,3159 1200,3148 1218,3163 1311,3163 1329,3148 1351,3163 1425,3163 1440,3148 1488,3163 1577,3163 1592,3148 1702,3163 1728,3148 1773,3166 1858,3166 1880,3151 1991,3151 2005,3166 2042,3151 2160,3151 2190,3166 2205,3151 2297,3151 2319,3196 2308,3222 1078,3207" xml:id="eSc_line_0ecbf611">
     <line>
      Delclaux (par Raymond) et Yvonne Estival s/ ép^se de Levallois
     </line>
    </zone>
    <zone points="1067,3244 1074,3207 1163,3218 1200,3203 1237,3222 1429,3207 1466,3222 1887,3211 1946,3229 2050,3229 2064,3214 2183,3229 2231,3214 2297,3229 2308,3259 2271,3288 2190,3288 2172,3270 2035,3288 1943,3266 1813,3270 1791,3284 1732,3270 1713,3284 1662,3270 1640,3281 1621,3266 1525,3281 1459,3262 1403,3262 1385,3281 1178,3259 1071,3273" xml:id="eSc_line_8ed8fa34">
     <line>
      Perret 66 rue Fazillau - de transcrip^on de bail consenti par Jean
     </line>
    </zone>
    <zone points="1071,3306 1074,3288 1167,3259 1218,3277 1244,3266 1263,3284 1363,3270 1381,3284 1444,3262 1477,3277 1507,3266 1529,3288 1551,3270 1581,3288 1599,3273 1669,3273 1695,3303 1725,3273 1843,3292 1869,3273 1906,3284 1935,3259 1957,3281 2079,3284 2124,3259 2142,3277 2197,3284 2227,3314 2305,3270 2327,3321 2316,3380 2301,3384 2234,3325 2053,3347 1961,3325 1928,3347 1909,3332 1769,3343 1750,3329 1710,3343 1688,3321 1643,3343 1584,3318 1529,3343 1496,3329 1425,3336 1392,3310 1370,3332 1263,3343 1222,3318 1204,3329 1167,3314 1137,3336 1074,3306" xml:id="eSc_line_81062b02">
     <line>
      Baptiste Laurent Mollard de Paris 20 rue du Terrage act^t 15 rue Marefoy
     </line>
    </zone>
    <zone points="1071,3373 1074,3332 1100,3310 1122,3332 1222,3314 1263,3343 1366,3343 1396,3314 1422,3340 1492,3332 1532,3354 1581,3321 1643,3343 1684,3321 1717,3343 1743,3329 1791,3343 1810,3329 1824,3343 1931,3347 1965,3329 1979,3343 2031,3340 2050,3358 2072,3336 2238,3332 2275,3369 2312,3377 2260,3402 2201,3384 2068,3402 2046,3384 1976,3402 1887,3391 1858,3410 1780,3388 1750,3402 1728,3388 1558,3399 1532,3380 1499,3406 1418,3388 1396,3410 1370,3388 1248,3402 1145,3391 1126,3406 1074,3388" xml:id="eSc_line_70358105">
     <line>
      Labbé (après décès de Adolphe Emile) de Paris 187 Ave de
     </line>
    </zone>
    <zone points="1067,3428 1071,3395 1159,3384 1196,3399 1429,3384 1470,3402 1521,3384 1592,3402 1629,3384 1673,3406 1769,3388 1846,3406 1887,3391 2090,3391 2109,3414 2231,3395 2256,3410 2308,3402 2319,3439 2290,3473 2234,3462 2220,3476 2138,3458 2098,3476 2013,3458 1994,3473 1898,3473 1817,3454 1765,3469 1684,3454 1647,3465 1606,3447 1507,3447 1488,3465 1418,3443 1303,3443 1281,3462 1230,3447 1204,3462 1178,3447 1071,3447" xml:id="eSc_line_b8c9e105">
     <line>
      Clichy arrivé à By (S^ne et Marne) le 15 Août 1926 ép^x de Jeanne
     </line>
    </zone>
    <zone points="1067,3487 1078,3439 1097,3454 1193,3458 1230,3443 1274,3462 1351,3439 1411,3465 1440,3454 1466,3480 1540,3439 1643,3465 1654,3495 1603,3521 1536,3498 1499,3513 1473,3491 1377,3521 1363,3506 1300,3517 1218,3495 1119,3517 1071,3495" xml:id="eSc_line_b66c13c3">
     <line>
      Euphrasie Catherine Didot
     </line>
    </zone>
    <zone points="1078,3543 1093,3498 1170,3498 1193,3513 1207,3498 1274,3502 1296,3517 1344,3502 1499,3513 1532,3498 1595,3517 1791,3517 1846,3487 1891,3487 1920,3517 2083,3517 2112,3487 2275,3487 2286,3550 2275,3576 2087,3576 2068,3561 2053,3576 1865,3576 1850,3561 1824,3576 1773,3561 1728,3576 1665,3561 1647,3576 1525,3576 1510,3561 1444,3576 1337,3561 1137,3561 1115,3576 1082,3565" xml:id="eSc_line_40ff7ad7">
     <line>
      Hariel (par Paul) de Paris 19 et 21 rue Poissonnière à Marcel
     </line>
    </zone>
    <zone points="1074,3605 1078,3572 1097,3583 1130,3565 1248,3569 1285,3598 1329,3557 1407,3587 1499,3565 1532,3583 1762,3565 1817,3580 1846,3557 1891,3583 1906,3572 2035,3587 2068,3565 2090,3583 2149,3572 2220,3591 2249,3569 2290,3583 2301,3613 2290,3642 2138,3657 1991,3628 1813,3624 1702,3642 1677,3620 1654,3639 1573,3624 1510,3650 1470,3628 1436,3653 1396,3617 1366,3646 1337,3646 1296,3605 1270,3631 1078,3628" xml:id="eSc_line_9fc01d46">
     <line>
      Ordener de Bry s/ Marne 48 Ave de Bellevue - et autres - de
     </line>
    </zone>
    <zone points="1078,3661 1089,3628 1174,3642 1281,3635 1303,3657 1351,3657 1396,3620 1444,3657 1473,3628 1503,3653 1573,3620 1632,3639 1677,3617 1713,3646 1821,3624 1917,3635 1943,3661 1983,3628 2013,3646 2061,3635 2094,3672 2068,3694 2005,3698 1939,3664 1902,3698 1869,3683 1765,3698 1699,3683 1651,3701 1621,3679 1592,3698 1499,3701 1237,3694 1207,3679 1170,3690 1082,3661" xml:id="eSc_line_ee591b69">
     <line>
      parts dans S^té Paul Hariel et fils moyt 5000 x p. c.
     </line>
    </zone>
    <zone points="1086,3720 1100,3672 1503,3705 1603,3701 1625,3683 1658,3709 1702,3687 1810,3701 1828,3683 1865,3683 1898,3701 1939,3668 1998,3698 2068,3694 2109,3653 2153,3650 2186,3657 2227,3698 2275,3698 2286,3731 2271,3760 2138,3760 2090,3801 2042,3753 2002,3764 1902,3742 1869,3757 1839,3746 1817,3768 1710,3742 1403,3749 1388,3764 1359,3746 1303,3768 1263,3753 1215,3768 1193,3746 1089,3753" xml:id="eSc_line_a7297132">
     <line>
      Malgouyres (par Benjamin Amans) de Paris 22 fg St Denis
     </line>
    </zone>
    <zone points="1093,3783 1108,3753 1193,3749 1215,3772 1252,3753 1303,3772 1326,3749 1680,3757 1710,3738 1739,3760 1780,3749 1810,3764 1902,3742 1924,3790 1913,3808 1780,3808 1750,3794 1732,3812 1688,3801 1562,3816 1529,3801 1510,3820 1377,3790 1311,3805 1285,3779 1222,3823 1204,3805 1159,3808 1130,3779 1097,3783" xml:id="eSc_line_ff33203a">
     <line>
      - en blanc pour recueillir ssion de son frère
     </line>
    </zone>
    <zone points="1071,3842 1074,3797 1093,3794 1167,3808 1300,3794 1351,3808 1374,3790 1399,3808 1739,3808 1762,3790 1780,3808 1898,3808 1943,3779 1994,3779 2083,3808 2120,3779 2308,3779 2319,3849 2308,3867 2205,3867 2172,3853 2146,3867 2035,3867 2016,3853 1994,3867 1074,3856" xml:id="eSc_line_2f69a039">
     <line>
      Thurel (par Camille Henri) de Paris 24 bd Jules Ferry _ d'ins-
     </line>
    </zone>
    <zone points="1067,3893 1078,3864 1108,3860 1130,3879 1156,3856 1218,3867 1263,3842 1292,3867 1444,3860 1459,3875 1518,3842 1581,3893 1643,3842 1691,3875 1762,3860 1780,3875 1835,3867 1850,3853 1887,3875 1931,3864 1979,3897 2027,3867 2157,3864 2172,3879 2186,3864 2282,3856 2312,3908 2301,3938 2220,3938 2194,3960 2094,3927 2031,3963 1979,3927 1784,3930 1732,3912 1636,3930 1455,3927 1399,3901 1374,3923 1322,3904 1300,3927 1226,3927 1200,3912 1111,3919 1089,3897" xml:id="eSc_line_31ed51f4">
     <line>
      crip^on subrog^ve c/ Charles Barbarin et Artémise Piquet s/ ép^se de
     </line>
    </zone>
    <zone points="1071,3945 1122,3915 1259,3927 1333,3904 1370,3927 1399,3901 1455,3927 1632,3934 1732,3912 1769,3941 1795,3923 1858,3938 1906,3927 1987,3930 2016,3952 1950,3997 1835,3975 1784,3986 1762,3963 1732,3986 1621,3975 1562,3989 1182,3971 1145,3982 1119,3967 1074,3978" xml:id="eSc_line_0726a31e">
     <line>
      Paris 93 rue de Picpus pour sûreté de 11.000 x
     </line>
    </zone>
    <zone points="1056,4015 1060,3989 1104,3967 1159,3989 1248,3989 1274,3975 1363,3989 1448,3989 1462,3975 1510,3989 1547,3975 1584,3989 1603,3971 1658,3989 1732,3989 1750,3971 1776,3986 1832,3971 1846,3986 1950,3989 1998,3963 2160,3963 2179,3982 2234,3989 2293,3978 2319,4019 2308,4041 1060,4030" xml:id="eSc_line_58903b70">
     <line>
      Amant (concernant livret de Caisse Nationale d'Epargne
     </line>
    </zone>
    <zone points="1074,4074 1078,4041 1126,4052 1156,4034 1207,4037 1230,4059 1255,4034 1303,4048 1359,4041 1377,4056 1510,4034 1544,4045 1566,4026 1621,4048 1695,4052 1725,4026 1743,4045 1791,4030 1854,4052 1891,4037 1943,4052 2050,4037 2142,4059 2175,4026 2223,4056 2249,4037 2301,4052 2312,4078 2301,4118 2201,4107 2168,4126 2127,4111 2105,4133 2068,4107 1880,4122 1861,4104 1802,4107 1747,4163 1669,4163 1640,4192 1569,4159 1507,4181 1399,4155 1370,4174 1329,4159 1303,4174 1274,4159 1174,4163 1119,4211 1078,4200" xml:id="eSc_line_7c5a70e3">
     <line>
      de 700 x 82 au nom de) Jean Baptiste de Paris 76 bd de
     </line>
    </zone>
    <zone points="1086,4137 1093,4104 1170,4107 1200,4089 1244,4104 1252,4137 1244,4166 1178,4166 1122,4214 1093,4214" xml:id="eSc_line_c33b328e">
     <line>
      Grenelle
     </line>
    </zone>
   </surface>
  </surfaceGrp>
  <surfaceGrp type="structure_{type:col_7;}" xml:id="eSc_textblock_4ba070b9">
   <surface>
    <graphic height="4429px" url="FRAN_0025_3657_L-1.jpg" width="2981px"/>
    <zone points="2541,793 2548,756 2637,749 2637,811 2548,804" xml:id="eSc_line_767d519c">
     <line>
      -
     </line>
    </zone>
    <zone points="2574,959 2607,926 2663,937 2681,919 2722,919 2729,959 2711,992 2689,981 2641,996 2607,981 2582,996" xml:id="eSc_line_3f12bd67">
     <line>
      22|50
     </line>
    </zone>
    <zone points="2552,1074 2556,1055 2604,1040 2681,1040 2729,1077 2674,1107 2556,1096" xml:id="eSc_line_ba3a1939">
     <line>
      22|50
     </line>
    </zone>
    <zone points="2578,1199 2630,1125 2715,1125 2722,1199 2703,1232 2585,1232" xml:id="eSc_line_4fc510d7">
     <line>
      22|50
     </line>
    </zone>
    <zone points="2585,1317 2593,1243 2622,1247 2648,1225 2718,1247 2718,1350 2655,1369 2626,1343 2593,1347" xml:id="eSc_line_28a7ce13">
     <line>
      3|74
     </line>
    </zone>
    <zone points="2570,1494 2578,1398 2618,1398 2670,1365 2718,1372 2715,1550 2678,1531 2630,1550 2604,1524 2574,1528" xml:id="eSc_line_1bb69ff2">
     <line>
      22|50
     </line>
    </zone>
    <zone points="2559,1616 2563,1528 2630,1542 2711,1531 2715,1635 2633,1653 2567,1631" xml:id="eSc_line_9b6119a5">
     <line>
      22|50
     </line>
    </zone>
    <zone points="2585,1830 2593,1801 2670,1797 2715,1801 2722,1834 2711,1900 2589,1900" xml:id="eSc_line_33ea5b24">
     <line>
      37|50
     </line>
    </zone>
    <zone points="2574,2081 2582,2052 2711,2041 2718,2081 2703,2111 2582,2111" xml:id="eSc_line_3417f4ce">
     <line>
      22|50
     </line>
    </zone>
    <zone points="2589,2314 2596,2284 2652,2269 2667,2284 2703,2280 2711,2317 2700,2343 2648,2369 2615,2369 2593,2347" xml:id="eSc_line_c2302709">
     <line>
      5|04
     </line>
    </zone>
    <zone points="2556,2546 2563,2498 2593,2502 2652,2465 2715,2472 2711,2631 2559,2631" xml:id="eSc_line_4042ed52">
     <line>
      22|50
     </line>
    </zone>
    <zone points="2567,2664 2574,2642 2607,2627 2648,2642 2667,2631 2703,2650 2711,2672 2700,2705 2570,2690" xml:id="eSc_line_24b40ada">
     <line>
      22|50
     </line>
    </zone>
    <zone points="2559,2779 2593,2742 2681,2745 2711,2757 2718,2779 2692,2808 2563,2808" xml:id="eSc_line_76e72ee0">
     <line>
      22|50
     </line>
    </zone>
    <zone points="2548,2960 2574,2919 2703,2930 2711,2960 2689,2993 2556,2989" xml:id="eSc_line_0a2cd54c">
     <line>
      120|"
     </line>
    </zone>
    <zone points="2556,3188 2600,3155 2622,3174 2678,3159 2715,3192 2703,3251 2670,3233 2618,3251 2593,3225 2559,3222" xml:id="eSc_line_70eee0c3">
     <line>
      22|50
     </line>
    </zone>
    <zone points="2537,3377 2545,3347 2648,3332 2692,3351 2700,3384 2644,3417 2578,3399 2541,3414" xml:id="eSc_line_d1ef139c">
     <line>
      135|"
     </line>
    </zone>
    <zone points="2552,3554 2559,3521 2607,3513 2692,3528 2700,3561 2648,3591 2596,3572 2570,3587 2556,3572" xml:id="eSc_line_40c4beac">
     <line>
      54|"
     </line>
    </zone>
    <zone points="2545,3731 2552,3650 2607,3657 2644,3694 2689,3698 2696,3735 2685,3764 2630,3808 2574,3768 2548,3768" xml:id="eSc_line_6223c0f6">
     <line>
      22|50
     </line>
    </zone>
    <zone points="2593,3834 2600,3779 2692,3790 2700,3842 2685,3890 2593,3919" xml:id="eSc_line_ac236ea3">
     <line>
      3|30
     </line>
    </zone>
    <zone points="2559,4015 2567,3989 2596,3978 2618,3993 2678,3982 2707,4019 2692,4166 2655,4166 2637,4185 2559,4181" xml:id="eSc_line_247de094">
     <line>
      22|50
     </line>
    </zone>
   </surface>
  </surfaceGrp>
  <surfaceGrp type="structure_{type:header;}" xml:id="eSc_textblock_476f12fa">
   <surface>
    <graphic height="4429px" url="FRAN_0025_3657_L-1.jpg" width="2981px"/>
    <zone points="506,380 509,335 975,335 1004,391 960,409 509,394" xml:id="eSc_line_4a818a22">
     <line>
      NATURE ET ESPECE
     </line>
    </zone>
    <zone points="2401,365 2408,328 2445,321 2637,321 2667,328 2674,372 2663,402 2567,402 2515,383 2434,398 2404,383" xml:id="eSc_line_5faac1c8">
     <line>
      RELATION
     </line>
    </zone>
    <zone points="169,405 177,361 254,365 254,413 177,420" xml:id="eSc_line_9e6ee463">
     <line>
      Nos
     </line>
    </zone>
    <zone points="317,405 321,343 395,324 398,417 325,417" xml:id="eSc_line_360755de">
     <line>
      DATES
     </line>
    </zone>
    <zone points="1965,394 1983,250 2253,254 2245,431 2175,431 2098,490 1968,490" xml:id="eSc_line_f912fbd0">
     <line>
      ES PARTIES
     </line>
    </zone>
    <zone points="2522,420 2526,391 2574,417 2567,431 2530,428" xml:id="eSc_line_667282c0">
     <line>
      DE
     </line>
    </zone>
    <zone points="339,465 350,424 384,428 384,649 347,638" xml:id="eSc_line_d62a0e5a">
     <line>
      DES
     </line>
    </zone>
    <zone points="646,450 650,405 705,420 808,405 853,417 868,453 823,472 716,457 650,472" xml:id="eSc_line_9b918782">
     <line>
      DES ACTES :
     </line>
    </zone>
    <zone points="188,472 195,431 240,428 247,472 195,479" xml:id="eSc_line_ebb791c5">
     <line>
      DU
     </line>
    </zone>
    <zone points="2371,468 2375,420 2419,417 2504,417 2530,431 2641,431 2667,417 2692,431 2703,465 2696,490 2378,479" xml:id="eSc_line_2eeba380">
     <line>
      l'Enregistrement.
     </line>
    </zone>
    <zone points="136,542 140,472 280,479 284,572 144,553" xml:id="eSc_line_0a023bbe">
     <line>
      REPERTOIRE
     </line>
    </zone>
    <zone points="310,535 317,501 347,490 402,498 413,535 406,668 317,638" xml:id="eSc_line_4775ab13">
     <line>
      ACTES
     </line>
    </zone>
    <zone points="1318,546 1326,513 1525,516 1532,546 1525,568 1326,568" xml:id="eSc_line_6d454786">
     <line>
      INDICATIONS
     </line>
    </zone>
    <zone points="1943,546 1950,520 2083,513 2101,549 2090,568 2039,568 2016,590 1946,586" xml:id="eSc_line_634882cc">
     <line>
      ES BIENS
     </line>
    </zone>
    <zone points="472,568 476,524 539,538 657,527 690,564 683,679 609,708 480,693" xml:id="eSc_line_ab06fd95">
     <line>
      EN BREVETS
     </line>
    </zone>
    <zone points="805,572 834,524 893,549 945,549 982,524 1008,524 1015,572 1008,741 982,764 812,741" xml:id="eSc_line_8a88be48">
     <line>
      EN MINUTES
     </line>
    </zone>
    <zone points="2353,572 2360,546 2449,538 2445,583 2356,594" xml:id="eSc_line_83e4d771">
     <line>
      DATES
     </line>
    </zone>
    <zone points="2511,572 2552,546 2652,553 2659,572 2644,597 2519,597" xml:id="eSc_line_054e56f6">
     <line>
      DROITS
     </line>
    </zone>
   </surface>
  </surfaceGrp>
  <surfaceGrp type="structure_{type:header;}" xml:id="eSc_textblock_c78fb581">
   <surface>
    <graphic height="4429px" url="FRAN_0025_3657_L-1.jpg" width="2981px"/>
   </surface>
  </surfaceGrp>
  <surfaceGrp type="structure_{type:col_2;}" xml:id="eSc_textblock_b7b14f7f">
   <surface>
    <graphic height="4429px" url="FRAN_0025_3657_L-1.jpg" width="2981px"/>
    <zone points="306,764 313,693 384,697 384,793 313,811" xml:id="eSc_line_35bf2c12">
     <line>
      18
     </line>
    </zone>
    <zone points="317,948 321,911 376,911 380,974 325,974" xml:id="eSc_line_af03647e">
     <line>
      18
     </line>
    </zone>
    <zone points="317,1055 325,989 387,985 387,1096 325,1114" xml:id="eSc_line_a1cd2f36">
     <line>
      18
     </line>
    </zone>
    <zone points="302,1188 317,1147 384,1110 387,1217 310,1217" xml:id="eSc_line_98a500d1">
     <line>
      18
     </line>
    </zone>
    <zone points="313,1295 317,1225 380,1225 384,1325 365,1343 321,1328" xml:id="eSc_line_dae51330">
     <line>
      18
     </line>
    </zone>
    <zone points="317,1472 325,1450 354,1443 380,1446 387,1472 380,1505 325,1505" xml:id="eSc_line_454bbfcd">
     <line>
      18
     </line>
    </zone>
    <zone points="306,1583 313,1516 347,1505 391,1524 391,1620 313,1620" xml:id="eSc_line_9e25de37">
     <line>
      18
     </line>
    </zone>
    <zone points="321,1823 328,1756 387,1775 384,1860 325,1867" xml:id="eSc_line_4f4b5820">
     <line>
      18
     </line>
    </zone>
    <zone points="310,2063 317,1974 380,1974 384,2103 317,2118" xml:id="eSc_line_e2e8a0a4">
     <line>
      18
     </line>
    </zone>
    <zone points="310,2299 321,2232 347,2221 384,2236 376,2325 313,2336" xml:id="eSc_line_55545d8b">
     <line>
      18
     </line>
    </zone>
    <zone points="321,2546 321,2454 339,2454 358,2469 373,2542 365,2576 328,2587" xml:id="eSc_line_76f36863">
     <line>
      19
     </line>
    </zone>
    <zone points="306,2657 310,2627 350,2616 395,2653 384,2697 347,2709 313,2686" xml:id="eSc_line_7cf4632f">
     <line>
      19
     </line>
    </zone>
    <zone points="299,2764 306,2694 328,2712 373,2701 369,2808 302,2805" xml:id="eSc_line_55523759">
     <line>
      21
     </line>
    </zone>
    <zone points="302,2948 302,2871 373,2882 384,2982 313,2978" xml:id="eSc_line_2f9590f5">
     <line>
      21
     </line>
    </zone>
    <zone points="299,3177 310,3103 373,3103 369,3229 302,3218" xml:id="eSc_line_5a285d28">
     <line>
      21
     </line>
    </zone>
    <zone points="306,3369 313,3273 365,3266 365,3391 313,3402" xml:id="eSc_line_89fb4437">
     <line>
      21
     </line>
    </zone>
    <zone points="291,3543 299,3469 365,3469 362,3572 295,3583" xml:id="eSc_line_c268090e">
     <line>
      21
     </line>
    </zone>
    <zone points="299,3712 306,3639 373,3650 369,3753 302,3757" xml:id="eSc_line_b0cd85ff">
     <line>
      22
     </line>
    </zone>
    <zone points="306,3831 313,3768 365,3772 365,3867 313,3871" xml:id="eSc_line_39e680d7">
     <line>
      22
     </line>
    </zone>
    <zone points="302,4000 310,3938 365,3941 365,4052 310,4048" xml:id="eSc_line_096bef69">
     <line>
      22
     </line>
    </zone>
   </surface>
  </surfaceGrp>
  <surfaceGrp type="structure_{type:col_4;}" xml:id="eSc_textblock_e80544cd">
   <surface>
    <graphic height="4429px" url="FRAN_0025_3657_L-1.jpg" width="2981px"/>
    <zone points="749,1195 753,1151 838,1162 886,1140 927,1140 945,1158 1034,1155 1052,1192 1045,1229 945,1229 916,1210 757,1225" xml:id="eSc_line_73ddfbb5">
     <line>
      (pour Binet)
     </line>
    </zone>
    <zone points="760,1601 779,1516 812,1531 831,1516 927,1531 945,1513 1056,1528 1052,1694 890,1686 842,1638 764,1638" xml:id="eSc_line_af488793">
     <line>
      Décharge de legs
     </line>
    </zone>
    <zone points="783,1834 790,1753 879,1738 964,1756 1008,1742 1004,1874 978,1860 868,1874 786,1860" xml:id="eSc_line_ad25306a">
     <line>
      Mainlevée
     </line>
    </zone>
    <zone points="746,2077 757,1993 1019,2000 1019,2122 1001,2107 753,2122" xml:id="eSc_line_2a3ada80">
     <line>
      Réitération
     </line>
    </zone>
    <zone points="783,2317 786,2232 1008,2240 1008,2354 960,2332 901,2332 868,2358 831,2358 812,2339 790,2358" xml:id="eSc_line_ee83ac0b">
     <line>
      Mainlevée
     </line>
    </zone>
    <zone points="746,2948 764,2860 838,2856 890,2886 986,2886 1034,2860 1041,2948 1030,2978 993,3000 949,2978 886,3000 801,2974 768,2993 749,2985" xml:id="eSc_line_08483c2e">
     <line>
      Décharge de legs
     </line>
    </zone>
    <zone points="790,3192 801,3092 975,3118 978,3229 797,3229" xml:id="eSc_line_770429c5">
     <line>
      Mainlevée
     </line>
    </zone>
    <zone points="760,3369 764,3292 860,3281 875,3299 908,3299 938,3273 997,3288 1004,3377 982,3410 794,3410 764,3395" xml:id="eSc_line_4b9128d0">
     <line>
      Inventaire
     </line>
    </zone>
    <zone points="731,3546 738,3465 1045,3473 1052,3546 1023,3576 953,3561 735,3576" xml:id="eSc_line_e306901d">
     <line>
      Cession de droits
     </line>
    </zone>
    <zone points="805,3613 823,3569 975,3569 975,3628 812,3639" xml:id="eSc_line_02e48cb3">
     <line>
      sociaux
     </line>
    </zone>
   </surface>
  </surfaceGrp>
  <surfaceGrp type="structure_{type:col_6;}" xml:id="eSc_textblock_fe63971c">
   <surface>
    <graphic height="4429px" url="FRAN_0025_3657_L-1.jpg" width="2981px"/>
    <zone points="2356,775 2367,749 2430,741 2452,760 2456,797 2441,826 2353,826" xml:id="eSc_line_70975cb9">
     <line>
      18
     </line>
    </zone>
    <zone points="2364,955 2371,882 2423,885 2426,992 2371,992" xml:id="eSc_line_5432abb1">
     <line>
      21
     </line>
    </zone>
    <zone points="2360,1077 2375,1040 2434,1044 2434,1103 2367,1103" xml:id="eSc_line_7f22c711">
     <line>
      21
     </line>
    </zone>
    <zone points="2341,1177 2349,1158 2404,1155 2437,1184 2423,1225 2345,1225" xml:id="eSc_line_1f25be70">
     <line>
      21
     </line>
    </zone>
    <zone points="2371,1317 2378,1284 2430,1277 2430,1361 2378,1365" xml:id="eSc_line_ba415146">
     <line>
      21
     </line>
    </zone>
    <zone points="2364,1487 2371,1420 2426,1413 2426,1528 2371,1528" xml:id="eSc_line_f6950b60">
     <line>
      21
     </line>
    </zone>
    <zone points="2371,1609 2375,1583 2412,1572 2437,1605 2423,1653 2378,1642" xml:id="eSc_line_b00aa148">
     <line>
      21
     </line>
    </zone>
    <zone points="2349,1838 2356,1775 2426,1760 2426,1874 2356,1882" xml:id="eSc_line_61f087f5">
     <line>
      21
     </line>
    </zone>
    <zone points="2356,2074 2367,2007 2412,2004 2404,2111 2360,2118" xml:id="eSc_line_451c09e8">
     <line>
      21
     </line>
    </zone>
    <zone points="2349,2314 2353,2292 2382,2277 2419,2306 2412,2351 2356,2351" xml:id="eSc_line_881c4bab">
     <line>
      21
     </line>
    </zone>
    <zone points="2349,2546 2356,2483 2430,2472 2430,2572 2356,2579" xml:id="eSc_line_dd803a59">
     <line>
      25
     </line>
    </zone>
    <zone points="2341,2661 2349,2638 2426,2627 2434,2664 2423,2697 2345,2694" xml:id="eSc_line_f83ff8f9">
     <line>
      25
     </line>
    </zone>
    <zone points="2356,2779 2360,2716 2426,2709 2430,2805 2364,2808" xml:id="eSc_line_ecbaeeba">
     <line>
      22
     </line>
    </zone>
    <zone points="2353,2948 2360,2886 2393,2875 2412,2889 2412,2989 2360,2993" xml:id="eSc_line_3aede1f5">
     <line>
      25
     </line>
    </zone>
    <zone points="2345,3192 2364,3111 2423,3122 2419,3236 2386,3222 2349,3229" xml:id="eSc_line_70f579e7">
     <line>
      22
     </line>
    </zone>
    <zone points="2349,3366 2353,3336 2389,3332 2404,3332 2415,3362 2408,3399 2356,3402" xml:id="eSc_line_46e7addc">
     <line>
      23
     </line>
    </zone>
    <zone points="2338,3546 2345,3513 2367,3506 2415,3509 2426,3550 2397,3587 2341,3587" xml:id="eSc_line_1b9fc19f">
     <line>
      25
     </line>
    </zone>
    <zone points="2338,3727 2349,3661 2371,3639 2415,3661 2408,3768 2341,3760" xml:id="eSc_line_91ca074d">
     <line>
      23
     </line>
    </zone>
    <zone points="2349,3849 2349,3775 2408,3779 2412,3882 2356,3879" xml:id="eSc_line_3f9aee88">
     <line>
      23
     </line>
    </zone>
    <zone points="2341,4023 2349,3941 2412,3945 2412,4052 2349,4059" xml:id="eSc_line_e9ad0167">
     <line>
      23
     </line>
    </zone>
   </surface>
  </surfaceGrp>
  <surfaceGrp type="structure_{type:marginal;}" xml:id="eSc_textblock_f27e3242">
   <surface>
    <graphic height="4429px" url="FRAN_0025_3657_L-1.jpg" width="2981px"/>
    <zone points="2046,236 2050,188 2094,173 2116,188 2160,173 2249,188 2268,169 2341,188 2401,173 2426,188 2482,173 2556,184 2574,169 2655,169 2678,184 2700,166 2733,180 2748,166 2818,166 2862,184 2873,228 2862,254 2844,239 2711,254 2618,254 2593,239 2537,254 2319,243 2297,258 2242,243 2075,258 2050,243" xml:id="eSc_line_9a99d249">
     <line>
      Quatre vingt quatorzième feuillet
     </line>
    </zone>
   </surface>
  </surfaceGrp>
  <surfaceGrp type="structure_{type:marginal;}" xml:id="eSc_textblock_18885b2e">
   <surface>
    <graphic height="4429px" url="FRAN_0025_3657_L-1.jpg" width="2981px"/>
    <zone points="2788,365 2737,269 2833,247 2881,306 2851,346 2803,372" xml:id="eSc_line_5bfea649">
     <line>
      RS
     </line>
    </zone>
    <zone points="2796,435 2792,372 2836,350 2877,365 2892,461 2807,457" xml:id="eSc_line_019a00b1">
     <line>
      94
     </line>
    </zone>
   </surface>
  </surfaceGrp>
  <surfaceGrp type="structure_{type:Stamp;}" xml:id="eSc_textblock_d5375fae">
   <surface>
    <graphic height="4429px" url="FRAN_0025_3657_L-1.jpg" width="2981px"/>
   </surface>
  </surfaceGrp>
 </sourceDoc>
 <text>
  <body>
   <div type="main">
    <table cols="8" rows="20">
     <row n="0" role="label">
      <cell n="1" role="label1">
       Numéros du répertoire
      </cell>
      <cell n="2" role="label2">
       Dates des actes
      </cell>
      <cell n="3" role="label3">
       Actes en brevets
      </cell>
      <cell n="4" role="label4">
       Actes en minutes
      </cell>
      <cell n="5" role="label5">
       Noms, prénms et domiciles des parties ; indication, situations et prix des biens
      </cell>
      <cell n="6" role="label6">
       Date de l'enregistrement
      </cell>
      <cell n="7" role="label7">
       Droits de l'enregistrement
      </cell>
      <cell n="8" role="label8">
       Autres
      </cell>
     </row>
     <row>
      <cell n="1" role="col1">
       <lb facs="#eSc_line_b5038e05"/>
       520
      </cell>
      <cell n="2" role="col2">
       <lb facs="#eSc_line_35bf2c12"/>
       <date cert="high" when-iso="18">
        18
       </date>
      </cell>
      <cell n="3" role="col3">
       <lb facs="#eSc_line_de5de04c"/>
       Certif^t de pp^té
      </cell>
      <cell n="4" role="col4"/>
      <cell n="5" role="col5">
       <lb facs="#eSc_line_1e852ed9" n="1"/>
       Millé (concernt livret de la Caisse des retraites pour la vieillesse et
       <lb facs="#eSc_line_9bc157e7" n="2"/>
       extraits d'inscrip^on de rente aux noms de) Charles Paul et Potron Méla-
       <lb facs="#eSc_line_040b1d88" n="3"/>
       nie Marie Victorine f^e / de Paris 14 rue Hégérippe Moreau
      </cell>
      <cell n="6" role="col6">
       <lb facs="#eSc_line_70975cb9"/>
       <date cert="high" when-iso="18">
        18
       </date>
      </cell>
      <cell n="7" role="col7">
       <lb facs="#eSc_line_767d519c"/>
       -
      </cell>
      <cell n="8" role="misc"/>
     </row>
     <row>
      <cell n="1" role="col1">
       <lb facs="#eSc_line_1bbf4d13"/>
       521
      </cell>
      <cell n="2" role="col2">
       <lb facs="#eSc_line_af03647e"/>
       <date cert="high" when-iso="18">
        18
       </date>
      </cell>
      <cell n="3" role="col3">
       <lb facs="#eSc_line_45929de2"/>
       Procuration
      </cell>
      <cell n="4" role="col4"/>
      <cell n="5" role="col5">
       <lb facs="#eSc_line_ebd4ff89" n="1"/>
       Eury (par Octavie Sidonie Lair V^ve de Augustin Joseph Ernest)
       <lb facs="#eSc_line_96d6db22" n="2"/>
       de Paris 7 rue Vincent - en blanc - pour recueillir ssion de M^r Lair
      </cell>
      <cell n="6" role="col6">
       <lb facs="#eSc_line_5432abb1"/>
       <date cert="high" when-iso="21">
        21
       </date>
      </cell>
      <cell n="7" role="col7">
       <lb facs="#eSc_line_3f12bd67"/>
       22|50
      </cell>
      <cell n="8" role="misc"/>
     </row>
     <row>
      <cell n="1" role="col1">
       <lb facs="#eSc_line_e53b88c1"/>
       522
      </cell>
      <cell n="2" role="col2">
       <lb facs="#eSc_line_a1cd2f36"/>
       <date cert="high" when-iso="18">
        18
       </date>
      </cell>
      <cell n="3" role="col3">
       <lb facs="#eSc_line_6bf2f3de"/>
       d°
      </cell>
      <cell n="4" role="col4"/>
      <cell n="5" role="col5">
       <lb facs="#eSc_line_273f46cf" n="1"/>
       Bellanger (par Cécile Eugénie Daniau V^ve de Henri Jules)
       <lb facs="#eSc_line_5a36fdb0" n="2"/>
       de Paris 41 rue Mouffetard - en blanc - pour céder d^ts ssifs
      </cell>
      <cell n="6" role="col6">
       <lb facs="#eSc_line_7f22c711"/>
       <date cert="high" when-iso="21">
        21
       </date>
      </cell>
      <cell n="7" role="col7">
       <lb facs="#eSc_line_ba3a1939"/>
       22|50
      </cell>
      <cell n="8" role="misc"/>
     </row>
     <row>
      <cell n="1" role="col1">
       <lb facs="#eSc_line_b2b8625f"/>
       523
      </cell>
      <cell n="2" role="col2">
       <lb facs="#eSc_line_98a500d1"/>
       <date cert="high" when-iso="18">
        18
       </date>
      </cell>
      <cell n="3" role="col3">
       <lb facs="#eSc_line_c7544e3b"/>
       d°
      </cell>
      <cell n="4" role="col4">
       <lb facs="#eSc_line_73ddfbb5"/>
       (pour Binet)
      </cell>
      <cell n="5" role="col5">
       <lb facs="#eSc_line_4c7f73df" n="1"/>
       Quentin (par Eugénie Céline Vlovis V^ve de Eugène Edouard Fran-
       <lb facs="#eSc_line_17c7367e" n="2"/>
       çois) de Paris 50 Ave des Ternes - en blanc - pour toucher sommes
      </cell>
      <cell n="6" role="col6">
       <lb facs="#eSc_line_1f25be70"/>
       <date cert="high" when-iso="21">
        21
       </date>
      </cell>
      <cell n="7" role="col7">
       <lb facs="#eSc_line_4fc510d7"/>
       22|50
      </cell>
      <cell n="8" role="misc"/>
     </row>
     <row>
      <cell n="1" role="col1">
       <lb facs="#eSc_line_e7f23ffd"/>
       524
      </cell>
      <cell n="2" role="col2">
       <lb facs="#eSc_line_dae51330"/>
       <date cert="high" when-iso="18">
        18
       </date>
      </cell>
      <cell n="3" role="col3">
       <lb facs="#eSc_line_8be90a16"/>
       Mainlevée
      </cell>
      <cell n="4" role="col4"/>
      <cell n="5" role="col5">
       <lb facs="#eSc_line_8cfc0fd8" n="1"/>
       Blavignac (par Emile Jean) de Clamart 35 rue de S^t Cloud
       <lb facs="#eSc_line_126d870c" n="2"/>
       d'inscrip^on c/ Edouard Louis Camille Teisayres de Paris 136 rue du
      </cell>
      <cell n="6" role="col6">
       <lb facs="#eSc_line_ba415146"/>
       <date cert="high" when-iso="21">
        21
       </date>
      </cell>
      <cell n="7" role="col7">
       <lb facs="#eSc_line_28a7ce13"/>
       3|74
      </cell>
      <cell n="8" role="misc"/>
     </row>
     <row>
      <cell n="1" role="col1">
       <lb facs="#eSc_line_e04c28da"/>
       525
      </cell>
      <cell n="2" role="col2">
       <lb facs="#eSc_line_454bbfcd"/>
       <date cert="high" when-iso="18">
        18
       </date>
      </cell>
      <cell n="3" role="col3">
       <lb facs="#eSc_line_290d3420"/>
       Notoriété rectif^ve
      </cell>
      <cell n="4" role="col4"/>
      <cell n="5" role="col5">
       <lb facs="#eSc_line_cf6c0ada" n="1"/>
       Château des Rentiers pour sûreté de 12433 x
       <lb facs="#eSc_line_7525daf4" n="2"/>
       Viterbo (des prénoms de Max Fortuné) ép^x de Marie
      </cell>
      <cell n="6" role="col6">
       <lb facs="#eSc_line_f6950b60"/>
       <date cert="high" when-iso="21">
        21
       </date>
      </cell>
      <cell n="7" role="col7">
       <lb facs="#eSc_line_1bb69ff2"/>
       22|50
      </cell>
      <cell n="8" role="misc"/>
     </row>
     <row>
      <cell n="1" role="col1">
       <lb facs="#eSc_line_430eff03"/>
       526
      </cell>
      <cell n="2" role="col2">
       <lb facs="#eSc_line_9e25de37"/>
       <date cert="high" when-iso="18">
        18
       </date>
      </cell>
      <cell n="3" role="col3"/>
      <cell n="4" role="col4">
       <lb facs="#eSc_line_af488793"/>
       Décharge de legs
      </cell>
      <cell n="5" role="col5">
       <lb facs="#eSc_line_474a1f35" n="1"/>
       Marthe Jeanne Germaine Gragnon de Paris 7 rue du Colysée
       <lb facs="#eSc_line_7ff6881c" n="2"/>
       Bouchy (par Adèle Yvonne) de Paris 10 rue de la
       <lb facs="#eSc_line_0874d8ca" n="3"/>
       Cerisaie - fait par Suzanne Renée Marguerite Worms ép^se
       <lb facs="#eSc_line_1100328c" n="4"/>
       de Paul René Leroy de Paris 1 Ave du Président Wilson
       <lb facs="#eSc_line_047b5caa" n="5"/>
       décédée à Neuilly S/ Seine le 9 Décembre 1925
      </cell>
      <cell n="6" role="col6">
       <lb facs="#eSc_line_b00aa148"/>
       <date cert="high" when-iso="21">
        21
       </date>
      </cell>
      <cell n="7" role="col7">
       <lb facs="#eSc_line_9b6119a5"/>
       22|50
      </cell>
      <cell n="8" role="misc"/>
     </row>
     <row>
      <cell n="1" role="col1">
       <lb facs="#eSc_line_2a4adb25"/>
       527
      </cell>
      <cell n="2" role="col2">
       <lb facs="#eSc_line_4f4b5820"/>
       <date cert="high" when-iso="18">
        18
       </date>
      </cell>
      <cell n="3" role="col3"/>
      <cell n="4" role="col4">
       <lb facs="#eSc_line_ad25306a"/>
       Mainlevée
      </cell>
      <cell n="5" role="col5">
       <lb facs="#eSc_line_777e4bc3" n="1"/>
       Foin (par Marguerite Aline Julienne) et Blanche Louise
       <lb facs="#eSc_line_b3e93233" n="2"/>
       Léontine) de Paris 27 rue des Balkans - d'inscrip^on c/ Roger
       <lb facs="#eSc_line_a54eec51" n="3"/>
       Félix Petitimbert et Zobel laurence s/ ép^se de Rosny sous Bois
      </cell>
      <cell n="6" role="col6">
       <lb facs="#eSc_line_61f087f5"/>
       <date cert="high" when-iso="21">
        21
       </date>
      </cell>
      <cell n="7" role="col7">
       <lb facs="#eSc_line_33ea5b24"/>
       37|50
      </cell>
      <cell n="8" role="misc"/>
     </row>
     <row>
      <cell n="1" role="col1">
       <lb facs="#eSc_line_120c0b03"/>
       528
      </cell>
      <cell n="2" role="col2">
       <lb facs="#eSc_line_e2e8a0a4"/>
       <date cert="high" when-iso="18">
        18
       </date>
      </cell>
      <cell n="3" role="col3"/>
      <cell n="4" role="col4">
       <lb facs="#eSc_line_2a3ada80"/>
       Réitération
      </cell>
      <cell n="5" role="col5">
       <lb facs="#eSc_line_70c61246" n="1"/>
       16 rue du Verrier - de 16000 x
       <lb facs="#eSc_line_c97a97f2" n="2"/>
       Ders (par Hélène) de Paris 24 rue Marcadet à Victor
       <lb facs="#eSc_line_a6240378" n="3"/>
       Fureau et René Victor Gabriel Fureau de Paris 96 rue des
       <lb facs="#eSc_line_d6ac59d1" n="4"/>
       Entrepreneurs - de cession de bail de locaux à Paris 96 rue
      </cell>
      <cell n="6" role="col6">
       <lb facs="#eSc_line_451c09e8"/>
       <date cert="high" when-iso="21">
        21
       </date>
      </cell>
      <cell n="7" role="col7">
       <lb facs="#eSc_line_3417f4ce"/>
       22|50
      </cell>
      <cell n="8" role="misc"/>
     </row>
     <row>
      <cell n="1" role="col1">
       <lb facs="#eSc_line_0afcb1db"/>
       529
      </cell>
      <cell n="2" role="col2">
       <lb facs="#eSc_line_55545d8b"/>
       <date cert="high" when-iso="18">
        18
       </date>
      </cell>
      <cell n="3" role="col3"/>
      <cell n="4" role="col4">
       <lb facs="#eSc_line_ee83ac0b"/>
       Mainlevée
      </cell>
      <cell n="5" role="col5">
       <lb facs="#eSc_line_f1a650d0" n="1"/>
       des Entrepreneurs moy^t loyer annuel de 3200 x
       <lb facs="#eSc_line_eec5088e" n="2"/>
       Tadéoni (par Pauline Eugénie Claudine Balleret V^ve de Charles
       <lb facs="#eSc_line_63461692" n="3"/>
       Victor Pascal) de Paris 7 bis des Filles du calvaire d'inscrip^on
       <lb facs="#eSc_line_d56e8eda" n="4"/>
       d'hypothèque judiciaire c/ Edmond Alexandre Marth de Knuyt
       <lb facs="#eSc_line_d1804bd6" n="5"/>
       de Paris 5 rue de Grétry pour sûreté de 821 x 75
      </cell>
      <cell n="6" role="col6">
       <lb facs="#eSc_line_881c4bab"/>
       <date cert="high" when-iso="21">
        21
       </date>
      </cell>
      <cell n="7" role="col7">
       <lb facs="#eSc_line_c2302709"/>
       5|04
      </cell>
      <cell n="8" role="misc"/>
     </row>
     <row>
      <cell n="1" role="col1">
       <lb facs="#eSc_line_69b95a39"/>
       530
      </cell>
      <cell n="2" role="col2">
       <lb facs="#eSc_line_76f36863"/>
       <date cert="high" when-iso="19">
        19
       </date>
      </cell>
      <cell n="3" role="col3">
       <lb facs="#eSc_line_4817134a"/>
       Certif^t de pp^té
      </cell>
      <cell n="4" role="col4"/>
      <cell n="5" role="col5">
       <lb facs="#eSc_line_6238de12" n="1"/>
       Millé (concern^t 2 extraits d'inscrip^on de rente f^se 3% de 406x
       <lb facs="#eSc_line_4c031653" n="2"/>
       et 66x au nom de) Charles Paul de Paris 14 rue Hégésippe Moreau
      </cell>
      <cell n="6" role="col6">
       <lb facs="#eSc_line_dd803a59"/>
       <date cert="high" when-iso="25">
        25
       </date>
      </cell>
      <cell n="7" role="col7">
       <lb facs="#eSc_line_4042ed52"/>
       22|50
      </cell>
      <cell n="8" role="misc"/>
     </row>
     <row>
      <cell n="1" role="col1">
       <lb facs="#eSc_line_0575b729"/>
       531
      </cell>
      <cell n="2" role="col2">
       <lb facs="#eSc_line_7cf4632f"/>
       <date cert="high" when-iso="19">
        19
       </date>
      </cell>
      <cell n="3" role="col3">
       <lb facs="#eSc_line_c27c6250"/>
       d°
      </cell>
      <cell n="4" role="col4"/>
      <cell n="5" role="col5">
       <lb facs="#eSc_line_b0a56941" n="1"/>
       Millé (concern^t 1 extrait d'inscrip^on de rente 3% de 60x au nom
      </cell>
      <cell n="6" role="col6">
       <lb facs="#eSc_line_f83ff8f9"/>
       <date cert="high" when-iso="25">
        25
       </date>
      </cell>
      <cell n="7" role="col7">
       <lb facs="#eSc_line_24b40ada"/>
       22|50
      </cell>
      <cell n="8" role="misc"/>
     </row>
     <row>
      <cell n="1" role="col1">
       <lb facs="#eSc_line_bd331883"/>
       532
      </cell>
      <cell n="2" role="col2">
       <lb facs="#eSc_line_55523759"/>
       <date cert="high" when-iso="21">
        21
       </date>
      </cell>
      <cell n="3" role="col3">
       <lb facs="#eSc_line_04b78c79"/>
       Procuration
      </cell>
      <cell n="4" role="col4"/>
      <cell n="5" role="col5">
       <lb facs="#eSc_line_a1f7eaeb" n="1"/>
       de) Charles Paul sus^mé
       <lb facs="#eSc_line_b6183cfd" n="2"/>
       Taulelle (par Paul Marius) et Marie Vincent s/ ép^se en 2^es
       <lb facs="#eSc_line_3a17414a" n="3"/>
       noces de Maisons Alofort 26 rue Ferzay - et autre - en blanc
      </cell>
      <cell n="6" role="col6">
       <lb facs="#eSc_line_ecbaeeba"/>
       <date cert="high" when-iso="22">
        22
       </date>
      </cell>
      <cell n="7" role="col7">
       <lb facs="#eSc_line_76e72ee0"/>
       22|50
      </cell>
      <cell n="8" role="misc"/>
     </row>
     <row>
      <cell n="1" role="col1">
       <lb facs="#eSc_line_4b4addf7"/>
       533
      </cell>
      <cell n="2" role="col2">
       <lb facs="#eSc_line_2f9590f5"/>
       <date cert="high" when-iso="21">
        21
       </date>
      </cell>
      <cell n="3" role="col3"/>
      <cell n="4" role="col4">
       <lb facs="#eSc_line_08483c2e"/>
       Décharge de legs
      </cell>
      <cell n="5" role="col5">
       <lb facs="#eSc_line_33e40f83" n="1"/>
       pour cession de droits ssifs
       <lb facs="#eSc_line_dac8a746" n="2"/>
       Véaux (par Désiré Eugénie Viénot V^ve de Auguste Victor)
       <lb facs="#eSc_line_4daf3bfb" n="3"/>
       de Vincennes 102 rue de Fontenay, à elle fait par
       <lb facs="#eSc_line_452e1bd3" n="4"/>
       Chales Alexis Chauvot de Richelieu (Indre et Loire) veuf
       <lb facs="#eSc_line_1cf67812" n="5"/>
       de Louise Caroline Viénot décédé en son dom^le le 6 Juillet 1925
      </cell>
      <cell n="6" role="col6">
       <lb facs="#eSc_line_3aede1f5"/>
       <date cert="high" when-iso="25">
        25
       </date>
      </cell>
      <cell n="7" role="col7">
       <lb facs="#eSc_line_0a2cd54c"/>
       120|"
      </cell>
      <cell n="8" role="misc"/>
     </row>
     <row>
      <cell n="1" role="col1">
       <lb facs="#eSc_line_bf1712aa"/>
       534
      </cell>
      <cell n="2" role="col2">
       <lb facs="#eSc_line_5a285d28"/>
       <date cert="high" when-iso="21">
        21
       </date>
      </cell>
      <cell n="3" role="col3"/>
      <cell n="4" role="col4">
       <lb facs="#eSc_line_770429c5"/>
       Mainlevée
      </cell>
      <cell n="5" role="col5">
       <lb facs="#eSc_line_0ecbf611" n="1"/>
       Delclaux (par Raymond) et Yvonne Estival s/ ép^se de Levallois
       <lb facs="#eSc_line_8ed8fa34" n="2"/>
       Perret 66 rue Fazillau - de transcrip^on de bail consenti par Jean
       <lb facs="#eSc_line_81062b02" n="3"/>
       Baptiste Laurent Mollard de Paris 20 rue du Terrage act^t 15 rue Marefoy
      </cell>
      <cell n="6" role="col6">
       <lb facs="#eSc_line_70f579e7"/>
       <date cert="high" when-iso="22">
        22
       </date>
      </cell>
      <cell n="7" role="col7">
       <lb facs="#eSc_line_70eee0c3"/>
       22|50
      </cell>
      <cell n="8" role="misc"/>
     </row>
     <row>
      <cell n="1" role="col1">
       <lb facs="#eSc_line_718e53f7"/>
       535
      </cell>
      <cell n="2" role="col2">
       <lb facs="#eSc_line_89fb4437"/>
       <date cert="high" when-iso="21">
        21
       </date>
      </cell>
      <cell n="3" role="col3"/>
      <cell n="4" role="col4">
       <lb facs="#eSc_line_4b9128d0"/>
       Inventaire
      </cell>
      <cell n="5" role="col5">
       <lb facs="#eSc_line_70358105" n="1"/>
       Labbé (après décès de Adolphe Emile) de Paris 187 Ave de
       <lb facs="#eSc_line_b8c9e105" n="2"/>
       Clichy arrivé à By (S^ne et Marne) le 15 Août 1926 ép^x de Jeanne
       <lb facs="#eSc_line_b66c13c3" n="3"/>
       Euphrasie Catherine Didot
      </cell>
      <cell n="6" role="col6">
       <lb facs="#eSc_line_46e7addc"/>
       <date cert="high" when-iso="23">
        23
       </date>
      </cell>
      <cell n="7" role="col7">
       <lb facs="#eSc_line_d1ef139c"/>
       135|"
      </cell>
      <cell n="8" role="misc"/>
     </row>
     <row>
      <cell n="1" role="col1">
       <lb facs="#eSc_line_39375691"/>
       536
      </cell>
      <cell n="2" role="col2">
       <lb facs="#eSc_line_c268090e"/>
       <date cert="high" when-iso="21">
        21
       </date>
      </cell>
      <cell n="3" role="col3"/>
      <cell n="4" role="col4">
       <lb facs="#eSc_line_e306901d"/>
       Cession de droits
       <lb facs="#eSc_line_02e48cb3"/>
       sociaux
      </cell>
      <cell n="5" role="col5">
       <lb facs="#eSc_line_40ff7ad7" n="1"/>
       Hariel (par Paul) de Paris 19 et 21 rue Poissonnière à Marcel
       <lb facs="#eSc_line_9fc01d46" n="2"/>
       Ordener de Bry s/ Marne 48 Ave de Bellevue - et autres - de
      </cell>
      <cell n="6" role="col6">
       <lb facs="#eSc_line_1b9fc19f"/>
       <date cert="high" when-iso="25">
        25
       </date>
      </cell>
      <cell n="7" role="col7">
       <lb facs="#eSc_line_40c4beac"/>
       54|"
      </cell>
      <cell n="8" role="misc"/>
     </row>
     <row>
      <cell n="1" role="col1">
       <lb facs="#eSc_line_399b31d3"/>
       537
      </cell>
      <cell n="2" role="col2">
       <lb facs="#eSc_line_b0cd85ff"/>
       <date cert="high" when-iso="22">
        22
       </date>
      </cell>
      <cell n="3" role="col3">
       <lb facs="#eSc_line_dd7a0795"/>
       Procuration
      </cell>
      <cell n="4" role="col4"/>
      <cell n="5" role="col5">
       <lb facs="#eSc_line_ee591b69" n="1"/>
       parts dans S^té Paul Hariel et fils moyt 5000 x p. c.
       <lb facs="#eSc_line_a7297132" n="2"/>
       Malgouyres (par Benjamin Amans) de Paris 22 fg St Denis
      </cell>
      <cell n="6" role="col6">
       <lb facs="#eSc_line_91ca074d"/>
       <date cert="high" when-iso="23">
        23
       </date>
      </cell>
      <cell n="7" role="col7">
       <lb facs="#eSc_line_6223c0f6"/>
       22|50
      </cell>
      <cell n="8" role="misc"/>
     </row>
     <row>
      <cell n="1" role="col1">
       <lb facs="#eSc_line_46f25d95"/>
       538
      </cell>
      <cell n="2" role="col2">
       <lb facs="#eSc_line_39e680d7"/>
       <date cert="high" when-iso="22">
        22
       </date>
      </cell>
      <cell n="3" role="col3">
       <lb facs="#eSc_line_cbd0418a"/>
       Mainlevée
      </cell>
      <cell n="4" role="col4"/>
      <cell n="5" role="col5">
       <lb facs="#eSc_line_ff33203a" n="1"/>
       - en blanc pour recueillir ssion de son frère
       <lb facs="#eSc_line_2f69a039" n="2"/>
       Thurel (par Camille Henri) de Paris 24 bd Jules Ferry _ d'ins-
       <lb facs="#eSc_line_31ed51f4" n="3"/>
       crip^on subrog^ve c/ Charles Barbarin et Artémise Piquet s/ ép^se de
       <lb facs="#eSc_line_0726a31e" n="4"/>
       Paris 93 rue de Picpus pour sûreté de 11.000 x
      </cell>
      <cell n="6" role="col6">
       <lb facs="#eSc_line_3f9aee88"/>
       <date cert="high" when-iso="23">
        23
       </date>
      </cell>
      <cell n="7" role="col7">
       <lb facs="#eSc_line_ac236ea3"/>
       3|30
      </cell>
      <cell n="8" role="misc"/>
     </row>
     <row>
      <cell n="1" role="col1">
       <lb facs="#eSc_line_ee336598"/>
       539
      </cell>
      <cell n="2" role="col2">
       <lb facs="#eSc_line_096bef69"/>
       <date cert="high" when-iso="22">
        22
       </date>
      </cell>
      <cell n="3" role="col3">
       <lb facs="#eSc_line_9818236c"/>
       Certift de pp^té
      </cell>
      <cell n="4" role="col4"/>
      <cell n="5" role="col5">
       <lb facs="#eSc_line_58903b70" n="1"/>
       Amant (concernant livret de Caisse Nationale d'Epargne
       <lb facs="#eSc_line_7c5a70e3" n="2"/>
       de 700 x 82 au nom de) Jean Baptiste de Paris 76 bd de
       <lb facs="#eSc_line_c33b328e" n="3"/>
       Grenelle
      </cell>
      <cell n="6" role="col6">
       <lb facs="#eSc_line_e9ad0167"/>
       <date cert="high" when-iso="23">
        23
       </date>
      </cell>
      <cell n="7" role="col7">
       <lb facs="#eSc_line_247de094"/>
       22|50
      </cell>
      <cell n="8" role="misc"/>
     </row>
    </table>
   </div>
  </body>
 </text>
</TEI>