<?xml version="1.0" encoding="utf-8"?>
<TEI xmlns="http://www.tei-c.org/ns/1.0">
 <teiHeader>
  <fileDesc>
   <titleStmt>
    <title xml:lang="fr">
     FRAN_0025_5094_L-1-tei
    </title>
    <author>
     Lectaurep
    </author>
    <funder>
     Ministry of Higher Education, Research and Innovation
    </funder>
    <respStmt>
     <resp>
      Edited and encoded by
     </resp>
     <persName>
      <forename>
       Alix
      </forename>
      <surname>
       Chagué
      </surname>
     </persName>
    </respStmt>
    <respStmt>
     <resp>
      Edited and encoded by
     </resp>
     <persName>
      <forename>
       Hugo
      </forename>
      <surname>
       Scheithauer
      </surname>
     </persName>
    </respStmt>
    <respStmt>
     <resp>
      Transcription by
     </resp>
     <orgName>
      Département du Minutier central des notaires de Paris
     </orgName>
    </respStmt>
    <respStmt>
     <resp>
      Digitization by
     </resp>
     <orgName>
      Archives nationales
     </orgName>
    </respStmt>
   </titleStmt>
   <publicationStmt>
    <authority>
     Lectaurep (Archives nationales, Inria)
    </authority>
    <availability>
     <licence target="https://creativecommons.org/licenses/by/4.0/">
      <p>
       Distributed under a Creative Commons Attribution 4.0 International (CC BY 4.0)
      </p>
     </licence>
    </availability>
    <date when-iso="2020"/>
   </publicationStmt>
   <seriesStmt>
    <title type="main">
     Répertoires de notaires de Paris
    </title>
   </seriesStmt>
   <sourceDesc>
    <p/>
   </sourceDesc>
  </fileDesc>
  <encodingDesc>
   <projectDesc>
    <p>
     L'encodage de ce document s'est fait dans le cadre du projet LECTAUREP
    </p>
   </projectDesc>
   <editorialDecl>
    <correction>
     <p xml:lang="fr">
      Aucune correction
     </p>
    </correction>
    <hyphenation eol="all" rend="sh">
     <p>
      Toutes les coupures de mots pour fin de ligne (indiquées principalement avec un tiretsimple) ont été conservées.
     </p>
    </hyphenation>
   </editorialDecl>
  </encodingDesc>
  <revisionDesc>
   <change when="2021-06-18T13:47:22.835899+00:00">
    Creation
   </change>
   <change when="2021-06-18T13:47:22.835922+00:00">
    Last change
   </change>
  </revisionDesc>
 </teiHeader>
 <sourceDoc>
  <surfaceGrp type="structure_{type:col_3;}" xml:id="eSc_textblock_6984bc2b">
   <surface>
    <graphic height="4356px" url="FRAN_0025_5094_L-1.jpg" width="2998px"/>
    <zone points="545,1560 548,1506 599,1491 625,1517 839,1506 850,1568 839,1640 784,1593 548,1593" xml:id="eSc_line_57a44c0c">
     <line>
      S^te 25 août 1887
     </line>
    </zone>
    <zone points="530,1698 534,1622 574,1622 635,1651 694,1629 752,1637 777,1658 832,1658 843,1695 824,1727 537,1720" xml:id="eSc_line_028e9e12">
     <line>
      Procuration
     </line>
    </zone>
    <zone points="610,1778 635,1775 672,1735 708,1735 715,1825 675,1818 639,1836 621,1818" xml:id="eSc_line_655f59f0">
     <line>
      d°
     </line>
    </zone>
    <zone points="625,1876 628,1844 672,1818 726,1825 755,1865 752,1913 635,1916" xml:id="eSc_line_a034edfa">
     <line>
      d°
     </line>
    </zone>
    <zone points="526,2911 530,2831 585,2845 672,2831 712,2845 846,2845 857,2914 846,2954 723,2925 646,2925 628,2943 530,2922" xml:id="eSc_line_f7c7911b">
     <line>
      S^te 17 mars 1909
     </line>
    </zone>
    <zone points="530,3005 545,2929 574,2943 588,2929 643,2929 792,2951 828,3002 821,3034 537,3031" xml:id="eSc_line_4d798e16">
     <line>
      Substitution
     </line>
    </zone>
    <zone points="526,3292 530,3234 632,3234 694,3179 806,3194 835,3183 843,3296 824,3328 748,3335 708,3321 690,3335 606,3335 530,3321" xml:id="eSc_line_6c506858">
     <line>
      S^e 24 8^bre 1912
     </line>
    </zone>
    <zone points="541,3557 552,3444 595,3488 668,3502 766,3492 835,3568 824,3637 759,3648 690,3590 646,3608 632,3590 545,3586" xml:id="eSc_line_fb16fc81">
     <line>
      Procuration
     </line>
    </zone>
   </surface>
  </surfaceGrp>
  <surfaceGrp type="structure_{type:col_5;}" xml:id="eSc_textblock_528630e0">
   <surface>
    <graphic height="4356px" url="FRAN_0025_5094_L-1.jpg" width="2998px"/>
    <zone points="1246,678 1253,638 1282,624 1359,642 1402,627 1417,642 1511,620 1573,642 1646,627 1675,642 1700,624 1722,642 1824,631 1838,646 1900,646 1922,624 1969,624 1991,646 2107,646 2133,624 2198,624 2231,646 2271,627 2278,675 2267,700 2180,700 2144,718 2104,700 2027,700 2009,718 1915,700 1849,700 1816,718 1737,700 1598,715 1551,696 1489,711 1457,696 1439,715 1250,711" xml:id="eSc_line_48c26889">
     <line>
      An 1912, mois de Novembre
     </line>
    </zone>
    <zone points="1202,744 1206,715 1257,726 1275,711 1293,726 1395,711 1420,726 1453,696 1544,729 1740,726 1769,707 1809,733 1922,733 1947,707 1991,707 2093,736 2194,729 2216,707 2245,722 2394,707 2405,758 2394,780 1206,762" xml:id="eSc_line_d066d2b9">
     <line>
      Le présent répertoire des actes reçus tant en minute qu'en
     </line>
    </zone>
    <zone points="1199,794 1202,762 1304,776 1355,762 1420,780 1446,762 1511,765 1526,780 1551,762 1715,776 1809,762 1831,780 1933,762 1958,780 2394,780 2405,802 2369,824 1918,824 1889,809 1787,824 1704,805 1373,805 1344,820 1202,805" xml:id="eSc_line_9519cf47">
     <line>
      brevet, par M^e Félix Albert Huguenot, notaire à
     </line>
    </zone>
    <zone points="1177,842 1181,824 1235,809 1628,809 1646,824 1689,809 1787,824 1889,809 1911,824 2343,816 2376,824 2387,849 2376,871 1849,871 1795,853 1686,871 1493,853 1471,871 1453,856 1380,867 1351,853 1181,853" xml:id="eSc_line_ccdc05e1">
     <line>
      Paris contenant cent feuillets , a été visé et paraphé par
     </line>
    </zone>
    <zone points="1199,892 1210,860 1362,860 1413,878 1431,860 1471,874 1489,860 1584,856 1635,878 1791,856 1849,878 1878,863 1900,878 2329,863 2376,871 2387,896 2362,925 2322,936 2253,922 2234,940 2053,940 1958,918 1904,940 1856,914 1755,929 1693,907 1635,922 1617,911 1595,929 1558,911 1431,911 1355,947 1319,911 1231,911 1213,925 1202,914" xml:id="eSc_line_d0beeaf8">
     <line>
      nous juge , au Tribunal Civil de Première instance de la
     </line>
    </zone>
    <zone points="1242,994 1246,965 1300,947 1359,954 1377,936 1417,958 1439,936 1497,936 1544,961 1595,940 1620,961 1657,947 1675,965 1715,965 1744,936 1820,936 1878,958 1922,932 1951,961 2020,961 2056,943 2082,961 2147,943 2165,961 2245,961 2278,932 2372,932 2387,976 2380,1016 2311,1016 2278,1041 2242,1038 2187,1067 2024,1067 1995,1045 1922,1034 1882,1063 1849,1063 1831,1045 1813,1056 1787,1038 1766,1052 1747,1038 1689,1059 1660,1052 1642,1070 1573,1070 1533,1030 1493,1020 1409,1034 1250,1020" xml:id="eSc_line_53634651">
     <line>
      Au Palais de Justice à Paris le 15 9^bre 1912
     </line>
    </zone>
    <zone points="1602,1397 1580,1324 1617,1324 1653,1277 1737,1270 1758,1241 1838,1205 1886,1219 1976,1183 2005,1237 2005,1288 1973,1306 1911,1299 1827,1332 1776,1393 1729,1390 1697,1426 1631,1452" xml:id="eSc_line_4e9a2240">
     <line>
      Gaultier
     </line>
    </zone>
    <zone points="1718,1452 1715,1422 1766,1408 1838,1339 1878,1346 1911,1317 1940,1401 1886,1415 1875,1441 1838,1441 1820,1477 1744,1510" xml:id="eSc_line_7ba073f9">
     <line>
      ¥
     </line>
    </zone>
    <zone points="1231,1560 1242,1495 1366,1495 1399,1517 1442,1495 1522,1528 1566,1506 1628,1499 1657,1517 1726,1491 1766,1513 1809,1517 1827,1499 1842,1513 1886,1502 1907,1520 2165,1520 2216,1495 2267,1513 2318,1491 2376,1517 2387,1557 2354,1575 2191,1579 1235,1582" xml:id="eSc_line_9b56411c">
     <line>
      Bapst, (par M. Louis Auguste Julien) cap. en retraite chev. dela leg.
     </line>
    </zone>
    <zone points="1199,1608 1202,1579 2256,1582 2278,1568 2398,1568 2420,1600 2409,1618 2242,1622 1940,1611 1904,1626 1620,1615 1551,1629 1202,1626" xml:id="eSc_line_5fb9c903">
     <line>
      d'honneur demt au Vésinet (S et O), relativement a donation en usufruit fait
     </line>
    </zone>
    <zone points="1195,1658 1199,1626 1380,1618 2238,1626 2260,1611 2387,1622 2398,1648 2372,1666 2238,1669 1875,1658 1718,1673 1624,1662 1199,1673" xml:id="eSc_line_4e24ab00">
     <line>
      a Mad^e Léonie Hubert AntoinetteAmélie Charlot, son ep demt avec lui
     </line>
    </zone>
    <zone points="1210,1698 1213,1666 1598,1677 1624,1662 1998,1673 2027,1658 2394,1658 2405,1687 2394,1713 1213,1713" xml:id="eSc_line_d5775559">
     <line>
      Allard Theus , par M. Pierre Louis Marie Joseph , avocat a Paris , rue
     </line>
    </zone>
    <zone points="1195,1746 1199,1709 1940,1709 2024,1720 2035,1738 2013,1760 1631,1749 1199,1760" xml:id="eSc_line_51afaa5b">
     <line>
      Saunier Leroy en bl. pour vendre vigne à Theus
     </line>
    </zone>
    <zone points="1195,1800 1199,1764 1268,1749 1286,1764 1373,1764 1388,1749 1413,1764 2256,1749 2383,1760 2394,1793 2383,1825 2282,1804 2133,1804 2111,1825 2027,1825 2013,1811 1984,1825 1947,1811 1929,1829 1856,1829 1824,1807 1744,1829 1667,1807 1606,1825 1413,1807 1362,1829 1199,1811" xml:id="eSc_line_d71b454d">
     <line>
      Allard Theus par M^me Claire Mille) sans prof même adresse
     </line>
    </zone>
    <zone points="1199,1883 1202,1854 1511,1854 1555,1825 1653,1844 1682,1825 1769,1840 1846,1822 1871,1836 2016,1822 2064,1851 2162,1822 2180,1836 2354,1822 2398,1847 2409,1876 2402,1898 1824,1887 1682,1902 1206,1902" xml:id="eSc_line_aa1209f4">
     <line>
      Allard Theus par M^r) sus nommé pour vendre num. à son frère
     </line>
    </zone>
    <zone points="1221,1927 1224,1905 1642,1905 1787,1887 1831,1905 1896,1887 1991,1905 2038,1887 2100,1902 2144,1887 2376,1887 2398,1920 2354,1938 1224,1945" xml:id="eSc_line_a57624c6">
     <line>
      Theviot pour parvenir à l'adjud^on f^os de C^ie de boulangerie Pablis
     </line>
    </zone>
    <zone points="1195,1974 1206,1938 1395,1934 1925,1945 2038,1931 2387,1931 2402,1960 2391,1978 2311,1992 2278,1978 2144,1978 2129,1992 1980,1996 1776,1996 1718,1981 1693,1996 1569,1981 1199,1996" xml:id="eSc_line_0b6c29da">
     <line>
      appar^t a Julienne Deschamps, veuve de M. Lazare) ayant demeuré dans
     </line>
    </zone>
    <zone points="1191,2025 1195,1996 1351,1981 1420,1996 1537,1996 1551,1981 1689,1996 1744,1981 1762,1985 1773,2018 1646,2040 1195,2040" xml:id="eSc_line_cc95054f">
     <line>
      ledit fonds 39 rue du chemin vert
     </line>
    </zone>
    <zone points="1202,2072 1206,2043 1279,2029 1377,2043 1562,2029 1667,2040 1740,2029 1766,2007 2005,2003 2107,2036 2144,2000 2227,2000 2263,2032 2376,2032 2387,2061 2376,2087 2118,2076 2027,2090 1951,2072 1875,2090 1853,2072 1704,2090 1653,2076 1620,2090 1526,2079 1504,2094 1406,2083 1388,2098 1290,2079 1250,2098 1206,2087" xml:id="eSc_line_9080a24c">
     <line>
      Hanoy de testam ologr. de M^elle Louise Estelle) sans prof. décédée en
     </line>
    </zone>
    <zone points="1191,2123 1195,2083 1217,2098 1264,2083 1333,2098 1406,2083 1500,2094 1526,2079 1617,2094 1667,2079 1707,2094 1751,2076 1856,2076 1871,2090 2125,2076 2154,2116 1991,2134 1195,2141" xml:id="eSc_line_7e47505a">
     <line>
      son dom. a Paris B^d du Temple 34 le 6 9^bre 1912
     </line>
    </zone>
    <zone points="1195,2170 1210,2130 1522,2141 1613,2127 1664,2141 1693,2127 1820,2141 2031,2127 2067,2141 2140,2112 2194,2127 2213,2112 2383,2112 2402,2159 2293,2167 2278,2181 2231,2167 1867,2181 1784,2167 1769,2181 1551,2167 1431,2181 1413,2167 1395,2181 1199,2181" xml:id="eSc_line_f4fa726d">
     <line>
      Simon (de pièces de séparation de corps et d'entre M Charles Gustave
     </line>
    </zone>
    <zone points="1173,2210 1177,2185 1224,2178 1366,2188 1420,2174 1479,2188 1504,2170 1635,2185 1769,2185 1784,2170 1838,2185 1907,2170 2165,2181 2194,2163 2242,2178 2383,2167 2398,2196 2391,2217 2260,2207 2136,2221 1893,2210 1835,2225 1522,2214 1493,2228 1181,2228" xml:id="eSc_line_a0c6bcf0">
     <line>
      Jules Simon dit Jules) attaché au Sénat à Paris 19 rue Turgot et
     </line>
    </zone>
    <zone points="1191,2257 1195,2228 1224,2221 1373,2228 1406,2214 1439,2228 1544,2228 1558,2214 1584,2228 1682,2228 1758,2210 1787,2225 1929,2210 1998,2225 2038,2210 2078,2225 2242,2225 2256,2210 2376,2207 2394,2236 2383,2265 2329,2254 2267,2272 2245,2257 2085,2257 2071,2272 1958,2272 1929,2257 1816,2272 1776,2257 1733,2276 1439,2276 1348,2261 1195,2276" xml:id="eSc_line_2f0f1cbd">
     <line>
      M^me Louise Marie Célestine Prost son épouse sans prof. à Villeneuve
     </line>
    </zone>
    <zone points="1188,2348 1191,2312 1489,2315 1533,2279 1704,2279 1737,2294 1798,2279 1976,2290 2074,2276 2111,2305 2154,2272 2245,2272 2296,2305 2372,2305 2383,2326 2325,2352 2296,2337 2176,2337 2096,2355 1806,2341 1795,2355 1715,2359 1566,2344 1486,2363 1191,2363" xml:id="eSc_line_ff4d4951">
     <line>
      Iribe d'inscri^on hypothécaire au profit de  M^me Jeanne Borget
     </line>
    </zone>
    <zone points="1191,2392 1199,2366 1250,2355 1319,2370 1402,2355 1486,2366 1598,2348 1795,2355 1809,2341 1842,2355 1911,2337 1940,2355 2027,2355 2165,2352 2234,2330 2271,2348 2289,2330 2329,2348 2365,2326 2383,2326 2394,2366 2340,2388 1951,2384 1453,2406 1359,2395 1340,2410 1195,2399" xml:id="eSc_line_e140fead">
     <line>
      dite Dirys épouse Paul) et ledit M Iribe 44 rue de Bellechasse
     </line>
    </zone>
    <zone points="1191,2435 1195,2413 1217,2406 1442,2410 1475,2395 1606,2406 1628,2392 1886,2399 1944,2384 2311,2388 2380,2374 2391,2406 2365,2424 2267,2432 2180,2421 2136,2435 1955,2439 1922,2424 1751,2446 1733,2432 1562,2450 1471,2435 1428,2450 1322,2442 1286,2457 1242,2442 1195,2457" xml:id="eSc_line_e1997b1f">
     <line>
      par M. Camille Arsène Piqueret ppre à Paris 147 B^d Montparnasse
     </line>
    </zone>
    <zone points="1195,2475 1202,2457 1250,2439 1300,2457 1464,2435 1591,2450 1729,2432 1856,2461 1922,2421 1969,2442 2140,2424 2256,2442 2405,2417 2431,2450 2376,2519 2336,2522 2271,2482 1802,2475 1551,2497 1446,2486 1431,2472 1409,2493 1359,2482 1311,2497 1290,2475 1264,2493 1199,2490" xml:id="eSc_line_c0e8fbac">
     <line>
      Iribe d'inscri^on hypothécaire au profit de M^me et M^r sus-nommés) par Jacques
     </line>
    </zone>
    <zone points="1191,2515 1195,2486 1282,2479 2074,2479 2107,2504 2009,2526 1889,2515 1853,2533 1835,2515 1787,2530 1711,2515 1693,2533 1671,2519 1595,2533 1195,2533" xml:id="eSc_line_3aeaae6a">
     <line>
      Howald entre. de serrurerie à P. rue Daurémont.
     </line>
    </zone>
    <zone points="1188,2566 1191,2537 1268,2526 1657,2533 1671,2519 1722,2533 1747,2519 1798,2533 1827,2511 1849,2533 1889,2519 1976,2533 2100,2501 2282,2501 2332,2530 2380,2515 2394,2551 2383,2584 2340,2566 2282,2580 2111,2566 2093,2584 2027,2566 1980,2588 1947,2588 1929,2570 1838,2588 1780,2570 1740,2588 1606,2577 1588,2591 1406,2591 1388,2577 1253,2591 1235,2573 1191,2573" xml:id="eSc_line_e025f14a">
     <line>
      Iribe d'inscri^on hypothécaire au profit de M^r et M^me) sus-n^és par M. Charles Léon
     </line>
    </zone>
    <zone points="1188,2624 1191,2595 1279,2580 1322,2599 1366,2599 1388,2580 1482,2599 1497,2584 1733,2595 1758,2577 1965,2591 1995,2573 2089,2591 2107,2573 2245,2570 2256,2602 2165,2635 2122,2620 2035,2635 1907,2620 1831,2624 1816,2639 1729,2624 1700,2639 1653,2628 1518,2642 1191,2631" xml:id="eSc_line_29dcb8d2">
     <line>
      Gilardi entrep. de maçonnerie a Paris 11 aven. de Villiers
     </line>
    </zone>
    <zone points="1191,2675 1195,2649 1257,2628 1286,2649 1457,2649 1497,2631 1515,2646 1584,2646 1602,2631 1689,2646 1740,2624 1816,2639 1846,2617 1904,2642 2027,2642 2096,2609 2165,2631 2202,2609 2220,2628 2238,2609 2380,2606 2391,2653 2358,2675 2260,2682 2071,2671 2035,2686 1787,2675 1740,2689 1482,2678 1460,2693 1195,2693" xml:id="eSc_line_0bd52ae2">
     <line>
      Iribe d'inscri^on hypothécaire au profit de M^r et M^me) sus-n^és par M. Henri Ar
     </line>
    </zone>
    <zone points="1191,2733 1195,2693 1464,2693 1479,2678 1500,2693 1624,2689 1649,2675 1718,2689 1871,2689 1889,2675 1944,2689 2045,2671 2082,2686 2213,2686 2387,2668 2398,2704 2325,2737 2180,2722 2074,2722 2053,2737 2038,2722 1973,2722 1893,2740 1806,2726 1737,2740 1624,2740 1606,2726 1566,2740 1195,2740" xml:id="eSc_line_d1926afe">
     <line>
      mand Housset et Louis Alexandre Guillemant tous deux sculpteurs
     </line>
    </zone>
    <zone points="1181,2813 1184,2780 1566,2780 1580,2766 1646,2780 1689,2747 1740,2737 1802,2751 1896,2737 1933,2751 1965,2737 2289,2737 2351,2773 2387,2773 2398,2798 2314,2824 2176,2813 2111,2827 1729,2816 1649,2831 1184,2831" xml:id="eSc_line_3db4dd59">
     <line>
      Iribe d'inscri^on hypothé. au profit de M^r et M^me) sus-n^és par M. Louis François Gau-
     </line>
    </zone>
    <zone points="1191,2864 1195,2827 1268,2820 1380,2835 1464,2835 1489,2820 1551,2835 1613,2820 1707,2831 1729,2816 1758,2831 1886,2831 1951,2813 2064,2827 2209,2813 2249,2827 2274,2813 2314,2824 2383,2809 2394,2845 2296,2867 1195,2867" xml:id="eSc_line_5011f2bc">
     <line>
      met et Pierre François Tixier entr. de peinture a P. rue du Bouloi 15
     </line>
    </zone>
    <zone points="1177,2907 1181,2874 1330,2874 1369,2860 1395,2874 1566,2874 1620,2860 1766,2860 1791,2874 1824,2860 1944,2874 2002,2860 2024,2874 2045,2860 2071,2874 2194,2860 2209,2874 2332,2860 2383,2874 2394,2900 2383,2922 2351,2907 2231,2907 2213,2922 2187,2907 2136,2922 1838,2922 1824,2907 1675,2922 1362,2922 1337,2907 1279,2922 1264,2907 1250,2922 1181,2922" xml:id="eSc_line_88fc45bf">
     <line>
      C^ie F^se de chem. de f. de l'Equateur de pièces de public. relatives à trans
     </line>
    </zone>
    <zone points="1188,2951 1191,2911 1242,2925 1264,2911 1348,2911 1362,2925 1824,2911 1860,2943 1835,2962 1747,2969 1191,2958" xml:id="eSc_line_4eda02a7">
     <line>
      fert siège) a Paris rue des Renaudes 42
     </line>
    </zone>
    <zone points="1191,3002 1199,2965 1391,2954 1475,2969 1555,2965 1573,2951 1646,2969 1751,2969 1780,2954 1827,2969 1893,2925 2372,2925 2394,2933 2402,2983 2391,3005 2336,3005 2322,3020 2263,3002 1965,3002 1904,3020 1813,3005 1784,3020 1751,3005 1657,3020 1617,3002 1569,3002 1548,3020 1420,3002 1395,3016 1195,3016" xml:id="eSc_line_e503416e">
     <line>
      Levy par Salomon) ppre rue de Berri 24, en bl. , de pouvoirs à lui
     </line>
    </zone>
    <zone points="1191,3049 1195,3020 1308,3020 1326,3005 1355,3020 1413,3005 1518,3005 1533,3020 1562,3005 1620,3005 1635,3020 1718,3020 1740,3005 1784,3020 1813,3005 1925,3020 1965,3005 2042,3016 2056,3002 2089,3016 2129,3002 2144,3016 2173,3002 2198,3016 2213,3002 2263,3002 2278,3016 2387,3002 2398,3041 2387,3070 2285,3070 2256,3056 2147,3056 2122,3070 1991,3060 1955,3074 1598,3074 1562,3060 1493,3074 1453,3060 1420,3074 1195,3070" xml:id="eSc_line_44ed94d1">
     <line>
      conférés par M^me Charlotte Montambeaux épouse Paul Sujorné juge
     </line>
    </zone>
    <zone points="1191,3103 1195,3070 1231,3063 1420,3074 1435,3060 1489,3074 1526,3060 1606,3074 1984,3074 2020,3060 2122,3070 2147,3056 2256,3056 2296,3063 2307,3085 2238,3110 1195,3114" xml:id="eSc_line_a7cb2c24">
     <line>
      de Paix à Balleroy (Calvados) pour vendre ferme du Quené
     </line>
    </zone>
    <zone points="1217,3147 1231,3107 1369,3125 1431,3107 1453,3121 1497,3107 1544,3125 1620,3107 1744,3121 1766,3103 1802,3121 1886,3118 1900,3103 1944,3121 2158,3121 2238,3114 2249,3100 2383,3118 2394,3139 2383,3161 2325,3150 2249,3165 2060,3165 2045,3150 2024,3165 1907,3150 1871,3165 1744,3150 1729,3168 1558,3154 1508,3168 1221,3161" xml:id="eSc_line_a116b353">
     <line>
      Pellerin entre M. Paul Adolphe neg^t a P. 10 rue de la Pépinière
     </line>
    </zone>
    <zone points="1188,3201 1191,3172 1228,3154 1326,3154 1380,3172 1508,3168 1529,3154 1562,3154 1580,3172 1613,3154 1664,3172 1755,3172 1784,3154 1882,3172 1933,3158 2060,3172 2078,3154 2093,3168 2111,3158 2125,3172 2180,3172 2216,3154 2296,3172 2340,3154 2380,3187 2369,3208 2260,3208 2245,3223 2096,3208 2053,3227 1947,3212 1875,3227 1860,3212 1835,3223 1737,3208 1718,3227 1686,3227 1664,3208 1628,3223 1569,3208 1540,3227 1515,3212 1475,3227 1399,3227 1377,3212 1337,3227 1191,3227" xml:id="eSc_line_d26875dc">
     <line>
      et M^me Marguerite Renée Louise Daux sans prof. a Paris 5
     </line>
    </zone>
    <zone points="1188,3252 1191,3227 1221,3223 1340,3227 1377,3212 1399,3227 1515,3216 1540,3230 1573,3208 1635,3230 1718,3230 1740,3208 1769,3223 1795,3212 1813,3230 1860,3212 1878,3230 1915,3230 1940,3208 1991,3230 2045,3230 2093,3208 2154,3223 2169,3212 2187,3230 2256,3208 2372,3208 2383,3248 2372,3267 2278,3277 2249,3263 2158,3263 2144,3277 1973,3277 1947,3263 1871,3263 1849,3277 1740,3277 1715,3263 1675,3277 1526,3277 1482,3263 1271,3274 1231,3259 1191,3274" xml:id="eSc_line_2bb13ec0">
     <line>
      Square de Latour Maubourg V^ve Charles Léon Gagne (Separ. de biens)
     </line>
    </zone>
    <zone points="1191,3303 1195,3277 1221,3296 1246,3270 1355,3263 1377,3277 1518,3281 1689,3274 1707,3259 1780,3277 1911,3263 1955,3270 1984,3296 2009,3277 2136,3288 2162,3274 2369,3263 2409,3285 2358,3321 2227,3317 2216,3335 2194,3321 2089,3328 2016,3314 1995,3328 1944,3310 1816,3321 1795,3299 1762,3321 1704,3325 1689,3310 1675,3325 1511,3328 1420,3314 1195,3317" xml:id="eSc_line_4ec7c5e8">
     <line>
      Machat (du prêt de 2000 x par le Crédit foncier de France)
     </line>
    </zone>
    <zone points="1188,3357 1195,3317 1471,3332 1591,3314 1766,3328 1827,3310 1944,3310 1980,3325 2016,3310 2074,3325 2412,3310 2438,3343 2427,3383 2325,3383 2311,3368 2202,3383 2144,3365 2122,3383 2060,3368 1998,3386 1962,3361 1904,3383 1878,3361 1849,3379 1813,3361 1617,3361 1598,3375 1464,3379 1435,3365 1373,3383 1282,3365 1268,3379 1221,3368 1191,3383" xml:id="eSc_line_6c5a272d">
     <line>
      Theisen (de pièces de publi. conc^t adjud^on droit au bail 73 rue Lafayette
     </line>
    </zone>
    <zone points="1191,3401 1195,3375 1417,3375 1435,3361 1464,3375 1795,3361 1846,3375 1856,3394 1816,3419 1762,3419 1747,3404 1653,3404 1635,3419 1606,3404 1511,3419 1257,3419 1213,3404 1195,3415" xml:id="eSc_line_21f3ee5a">
     <line>
      consenti à feu M.) voir 26 7^bre 1912
     </line>
    </zone>
    <zone points="1188,3452 1191,3423 1337,3423 1351,3408 1377,3423 1453,3408 1471,3423 1569,3423 1591,3408 1635,3423 1697,3401 1726,3419 1849,3419 1896,3383 2282,3383 2329,3419 2365,3419 2376,3444 2365,3477 1969,3477 1955,3463 1776,3477 1744,3463 1678,3481 1606,3463 1464,3477 1428,3463 1191,3463" xml:id="eSc_line_d163b7e3">
     <line>
      S^té immob. delarue Charles Baudelaire (delaS^te Civile particu
     </line>
    </zone>
    <zone points="1188,3502 1191,3463 1955,3463 1976,3470 1987,3499 1951,3521 1896,3510 1795,3524 1191,3513" xml:id="eSc_line_ae3d361c">
     <line>
      lière dite) siège à P. 4 Place des Saussaies
     </line>
    </zone>
    <zone points="1188,3561 1191,3513 1362,3528 1431,3502 1468,3528 1544,3510 1602,3510 1635,3528 1740,3510 1780,3528 1871,3528 1925,3510 1944,3528 1973,3502 2013,3528 2089,3528 2118,3502 2245,3502 2271,3528 2354,3528 2383,3506 2394,3553 2340,3579 1191,3571" xml:id="eSc_line_b16825e6">
     <line>
      Levy (par Salomon) ppre et Rosine Bloch son ep a P. rue de
     </line>
    </zone>
    <zone points="1188,3611 1191,3571 1217,3586 1260,3571 1340,3586 1417,3571 1468,3586 1493,3571 1566,3586 1606,3571 1653,3586 1707,3571 1740,3586 1784,3571 1900,3586 2082,3571 2114,3586 2129,3571 2140,3604 2125,3630 2078,3633 1191,3633" xml:id="eSc_line_d7c8c748">
     <line>
      Berri 24 en bl. pour transporter prix devente
     </line>
    </zone>
    <zone points="1188,3659 1206,3622 1340,3640 1369,3626 1417,3640 1435,3626 1479,3640 1551,3626 1744,3640 1773,3622 1798,3640 1886,3640 1911,3619 1944,3637 1958,3622 1976,3637 2031,3619 2074,3637 2191,3600 2383,3600 2394,3655 2351,3677 2194,3666 2154,3680 1191,3673" xml:id="eSc_line_ed32b329">
     <line>
      Maugras par François Gustave Gaston) attaché Ministère
     </line>
    </zone>
    <zone points="1188,3706 1191,3673 1566,3684 1664,3669 2027,3680 2191,3666 2372,3673 2383,3702 2372,3724 2296,3728 2147,3717 2071,3731 1747,3731 1678,3717 1526,3735 1442,3720 1191,3731" xml:id="eSc_line_89452d14">
     <line>
      aff. Etrangères 44 av. Trocadéro a M. Charles Gaston Maugras
     </line>
    </zone>
    <zone points="1188,3749 1191,3728 1231,3746 1253,3728 1322,3738 1435,3717 1526,3731 1955,3720 2042,3724 2067,3749 2082,3735 2093,3757 2082,3771 2016,3778 1896,3764 1809,3789 1784,3771 1697,3786 1620,3764 1399,3775 1380,3789 1362,3775 1337,3786 1311,3764 1191,3775" xml:id="eSc_line_059a6b93">
     <line>
      son père pp^re même adresse, pour gérer ses biens
     </line>
    </zone>
    <zone points="1170,3811 1173,3775 1199,3764 1224,3778 1271,3764 1333,3778 1537,3764 1555,3778 1620,3764 1642,3778 1747,3778 1762,3764 1802,3778 1867,3778 1882,3764 1929,3778 2002,3764 2056,3778 2104,3764 2231,3778 2249,3764 2347,3764 2383,3771 2394,3811 2314,3829 1173,3826" xml:id="eSc_line_d5e1463f">
     <line>
      Paulet-Tournemire par Thérèse Marie Henriette Bousson sans
     </line>
    </zone>
    <zone points="1188,3862 1202,3826 1548,3836 1598,3822 2380,3822 2416,3851 2398,3873 1191,3869" xml:id="eSc_line_30ea044f">
     <line>
      prof. aS^t Quentin rue Jeanne d'Arc 6, ep Georges Ludovic Augustin
     </line>
    </zone>
    <zone points="1188,3905 1191,3869 1268,3880 1311,3865 1377,3880 1428,3880 1442,3865 1468,3880 1802,3876 1816,3862 1846,3876 1886,3862 2260,3876 2329,3858 2365,3869 2376,3894 2365,3909 2263,3920 2140,3905 2042,3920 1973,3905 1798,3909 1722,3924 1191,3913" xml:id="eSc_line_080cd418">
     <line>
      rue de l'Enreg^t en disponibilité , a la S^té G^le des C^ons Modernes
     </line>
    </zone>
    <zone points="1188,3949 1191,3916 1544,3927 1813,3913 1882,3924 1918,3909 2274,3920 2391,3905 2409,3938 2398,3960 2282,3963 1191,3960" xml:id="eSc_line_d4a47668">
     <line>
      122rue Mozart d'une somme de 309 696 f 15 pp^al et intérêts dont
     </line>
    </zone>
    <zone points="1188,3989 1191,3960 2180,3960 2238,3967 2249,3993 2220,4007 1191,4007" xml:id="eSc_line_c61f6fc4">
     <line>
      300500 frs p^x devente terrain à Paris 14 rue Jasmin
     </line>
    </zone>
    <zone points="1191,4043 1195,4003 1529,4014 1591,4000 1995,4011 2005,3996 2343,3996 2398,4007 2409,4032 2402,4054 2053,4054 2038,4040 1947,4058 1711,4043 1697,4058 1558,4047 1544,4061 1391,4061 1319,4047 1282,4061 1268,4047 1199,4047" xml:id="eSc_line_48572562">
     <line>
      300500 frs p^x de vente terrain de M^me Emma Valentine Augustine
     </line>
    </zone>
    <zone points="1191,4083 1195,4043 1224,4058 1340,4043 1366,4058 1544,4058 1558,4043 1711,4058 1744,4043 1838,4061 1998,4061 2013,4047 2053,4061 2107,4047 2340,4061 2387,4047 2398,4091 2387,4138 2282,4138 2238,4112 2213,4112 2187,4138 2093,4138 2053,4101 2027,4120 1987,4105 1915,4123 1871,4105 1838,4123 1795,4094 1726,4091 1671,4109 1646,4094 1584,4105 1526,4091 1471,4112 1446,4091 1409,4116 1380,4101 1315,4116 1235,4101 1217,4116 1195,4098" xml:id="eSc_line_bfc6fe17">
     <line>
      Legret, libraire à P. 88 Av des Ternes veuve de Eugène) décédée en
     </line>
    </zone>
    <zone points="1184,4134 1188,4098 1479,4109 1493,4094 1795,4098 1816,4127 1809,4189 1795,4192 1744,4163 1675,4163 1609,4207 1482,4210 1446,4181 1366,4203 1330,4167 1260,4167 1217,4203 1191,4203" xml:id="eSc_line_0c9076b4">
     <line>
      son domicile le 16 Octobre 1912
     </line>
    </zone>
   </surface>
  </surfaceGrp>
  <surfaceGrp type="no_value" xml:id="eSc_textblock_8dc521f1">
   <surface>
    <graphic height="4356px" url="FRAN_0025_5094_L-1.jpg" width="2998px"/>
    <zone points="2609,1716 2620,1673 2725,1666 2714,1771 2612,1753" xml:id="eSc_line_43e7dec3">
     <line>
      3.75
     </line>
    </zone>
    <zone points="2627,1829 2634,1796 2725,1796 2739,1833 2630,1847" xml:id="eSc_line_433635c8">
     <line>
      375
     </line>
    </zone>
    <zone points="2594,1887 2598,1858 2630,1847 2660,1847 2692,1873 2729,1865 2747,1883 2710,1905 2598,1887" xml:id="eSc_line_1045a2f3">
     <line>
      375
     </line>
    </zone>
    <zone points="2590,2011 2594,1974 2638,1974 2678,1942 2732,1934 2732,2032 2652,2047 2630,2025 2594,2025" xml:id="eSc_line_6a5003cb">
     <line>
      3.75
     </line>
    </zone>
    <zone points="2590,2094 2598,2047 2685,2054 2732,2040 2732,2119 2703,2134 2598,2134" xml:id="eSc_line_1e9d374e">
     <line>
      23.11
     </line>
    </zone>
    <zone points="2620,2265 2623,2214 2670,2214 2700,2178 2729,2174 2736,2286 2627,2283" xml:id="eSc_line_143ae525">
     <line>
      3.75
     </line>
    </zone>
    <zone points="2565,2355 2572,2308 2696,2319 2736,2301 2736,2395 2572,2370" xml:id="eSc_line_edb9dff8">
     <line>
      15.75
     </line>
    </zone>
    <zone points="2594,2490 2609,2457 2696,2457 2725,2468 2732,2490 2725,2522 2601,2519" xml:id="eSc_line_8e0bc36c">
     <line>
      24.20
     </line>
    </zone>
    <zone points="2572,2588 2576,2559 2725,2519 2729,2606 2580,2617" xml:id="eSc_line_6a843364">
     <line>
      38.20
     </line>
    </zone>
    <zone points="2601,2740 2616,2700 2732,2700 2743,2747 2732,2776 2681,2762 2605,2769" xml:id="eSc_line_5943b7f0">
     <line>
      20.35
     </line>
    </zone>
    <zone points="2561,2835 2569,2813 2710,2805 2725,2809 2732,2845 2721,2878 2689,2882 2565,2860" xml:id="eSc_line_f8e4299f">
     <line>
      26.50
     </line>
    </zone>
    <zone points="2605,2933 2609,2907 2660,2904 2718,2871 2721,2954 2692,2972 2612,2958" xml:id="eSc_line_0bf8a3d0">
     <line>
      3.75
     </line>
    </zone>
    <zone points="2590,3092 2594,3060 2721,3045 2736,3096 2721,3165 2594,3158" xml:id="eSc_line_c39596c5">
     <line>
      3.75
     </line>
    </zone>
    <zone points="2551,3234 2558,3172 2725,3165 2732,3234 2714,3263 2558,3270" xml:id="eSc_line_ed1a2a8a">
     <line>
      398.75
     </line>
    </zone>
    <zone points="2576,3296 2580,3270 2660,3256 2681,3256 2692,3285 2685,3321 2583,3314" xml:id="eSc_line_06441d2a">
     <line>
      25
     </line>
    </zone>
    <zone points="2590,3372 2598,3328 2652,3321 2674,3335 2729,3321 2725,3426 2594,3415" xml:id="eSc_line_8b74e59f">
     <line>
      3.75
     </line>
    </zone>
    <zone points="2590,3488 2605,3423 2718,3430 2718,3521 2598,3535" xml:id="eSc_line_06cf4382">
     <line>
      9.38
     </line>
    </zone>
    <zone points="2609,3582 2660,3531 2685,3539 2729,3517 2736,3582 2721,3622 2667,3669 2616,3626" xml:id="eSc_line_92aa7ffd">
     <line>
      3.75
     </line>
    </zone>
    <zone points="2576,3735 2580,3695 2725,3659 2725,3767 2689,3789 2649,3789 2580,3764" xml:id="eSc_line_daa36578">
     <line>
      3.75
     </line>
    </zone>
    <zone points="2536,3985 2547,3920 2714,3920 2718,4000 2649,4018 2543,4007" xml:id="eSc_line_d8516be2">
     <line>
      1962.63
     </line>
    </zone>
    <zone points="2598,4127 2652,4061 2674,4080 2721,4072 2721,4207 2692,4178 2656,4185 2605,4156" xml:id="eSc_line_c30eae52">
     <line>
      3.75
     </line>
    </zone>
   </surface>
  </surfaceGrp>
  <surfaceGrp type="structure_{type:col_1;}" xml:id="eSc_textblock_6ad63d18">
   <surface>
    <graphic height="4356px" url="FRAN_0025_5094_L-1.jpg" width="2998px"/>
    <zone points="214,1553 228,1488 254,1520 323,1510 359,1524 367,1564 352,1651 294,1593 218,1597" xml:id="eSc_line_00f910e9">
     <line>
      1061
     </line>
    </zone>
    <zone points="210,1702 218,1673 239,1666 334,1673 341,1702 334,1735 218,1746" xml:id="eSc_line_8ce99343">
     <line>
      1062
     </line>
    </zone>
    <zone points="218,1793 239,1742 319,1742 337,1756 327,1836 283,1844 247,1822 218,1833" xml:id="eSc_line_76d8d594">
     <line>
      1063
     </line>
    </zone>
    <zone points="228,1883 243,1836 334,1840 330,1898 232,1905" xml:id="eSc_line_0ba66a37">
     <line>
      1064
     </line>
    </zone>
    <zone points="214,1927 243,1902 312,1902 356,1931 345,1963 218,1945" xml:id="eSc_line_ae2ff139">
     <line>
      1065
     </line>
    </zone>
    <zone points="199,2058 207,2029 250,2014 305,2029 341,2018 352,2058 337,2112 207,2098" xml:id="eSc_line_751b5e68">
     <line>
      1066
     </line>
    </zone>
    <zone points="199,2167 207,2098 341,2109 341,2243 207,2236" xml:id="eSc_line_c885ae17">
     <line>
      1067
     </line>
    </zone>
    <zone points="214,2359 221,2283 337,2286 337,2384 221,2399" xml:id="eSc_line_4e115d70">
     <line>
      1068
     </line>
    </zone>
    <zone points="210,2501 214,2457 254,2442 348,2446 359,2493 341,2519 301,2508 290,2522 218,2522" xml:id="eSc_line_68367c57">
     <line>
      1069
     </line>
    </zone>
    <zone points="199,2577 210,2519 279,2515 334,2541 334,2602 207,2609" xml:id="eSc_line_7e25b5cd">
     <line>
      1070
     </line>
    </zone>
    <zone points="225,2682 232,2613 348,2609 348,2704 316,2718 232,2707" xml:id="eSc_line_f79640ab">
     <line>
      1071
     </line>
    </zone>
    <zone points="218,2816 221,2769 327,2755 337,2813 323,2849 283,2853 261,2831 225,2838" xml:id="eSc_line_118bb4c6">
     <line>
      1072
     </line>
    </zone>
    <zone points="203,2911 210,2838 279,2853 337,2838 334,2962 279,2925 207,2943" xml:id="eSc_line_5b02e881">
     <line>
      1073
     </line>
    </zone>
    <zone points="218,3002 221,2947 337,2958 348,3005 337,3067 221,3031" xml:id="eSc_line_3c7cfbe2">
     <line>
      1074
     </line>
    </zone>
    <zone points="199,3129 203,3089 334,3085 348,3132 337,3201 265,3201 203,3179" xml:id="eSc_line_f564dade">
     <line>
      1075
     </line>
    </zone>
    <zone points="218,3299 225,3248 337,3241 337,3317 225,3321" xml:id="eSc_line_293aaa2e">
     <line>
      1076
     </line>
    </zone>
    <zone points="203,3361 207,3332 254,3317 319,3321 334,3354 327,3397 210,3397" xml:id="eSc_line_efe6a55b">
     <line>
      1077
     </line>
    </zone>
    <zone points="218,3455 239,3401 297,3408 348,3394 356,3455 323,3510 279,3481 250,3488 225,3463" xml:id="eSc_line_d0a9339a">
     <line>
      1078
     </line>
    </zone>
    <zone points="218,3550 225,3499 268,3477 305,3517 341,3510 348,3557 323,3604 283,3582 247,3611 221,3600" xml:id="eSc_line_4e8a4c18">
     <line>
      1079
     </line>
    </zone>
    <zone points="192,3659 239,3611 272,3611 294,3590 323,3611 352,3582 359,3659 312,3702 247,3688 199,3706" xml:id="eSc_line_55ba4029">
     <line>
      1080
     </line>
    </zone>
    <zone points="207,3800 210,3728 254,3738 294,3698 319,3720 345,3709 348,3829 297,3847 261,3822 214,3829" xml:id="eSc_line_35190de0">
     <line>
      1081
     </line>
    </zone>
    <zone points="214,4036 236,3974 265,3985 290,3971 341,3989 337,4061 218,4047" xml:id="eSc_line_7e517008">
     <line>
      1082
     </line>
    </zone>
   </surface>
  </surfaceGrp>
  <surfaceGrp type="structure_{type:header;}" xml:id="eSc_textblock_f0283903">
   <surface>
    <graphic height="4356px" url="FRAN_0025_5094_L-1.jpg" width="2998px"/>
    <zone points="2449,337 2456,294 2612,290 2710,304 2718,344 2674,381 2645,381 2630,363 2598,377 2580,363 2452,370" xml:id="eSc_line_d3f3d220">
     <line>
      RELATION
     </line>
    </zone>
    <zone points="232,355 239,297 276,283 312,297 312,373 239,363" xml:id="eSc_line_8765f067">
     <line>
      Nos
     </line>
    </zone>
    <zone points="374,352 381,290 396,301 421,283 476,286 494,304 526,304 523,392 505,377 377,388" xml:id="eSc_line_e4d2cdb2">
     <line>
      DATES
     </line>
    </zone>
    <zone points="617,359 625,301 665,319 679,304 792,319 817,301 886,301 926,319 962,319 981,301 1042,319 1130,312 1137,359 1130,377 625,377" xml:id="eSc_line_523f0581">
     <line>
      NATURE ET ESPECE
     </line>
    </zone>
    <zone points="1246,366 1250,308 1380,323 1482,308 1566,323 1591,308 1638,323 1816,308 2114,323 2144,308 2158,323 2336,323 2347,370 2336,392 2093,392 2013,373 1929,392 1900,377 1838,392 1740,373 1722,388 1653,377 1613,392 1250,377" xml:id="eSc_line_fe095de8">
     <line>
      NOMS, PRENOMS ET DOMICILES DES PARTIES
     </line>
    </zone>
    <zone points="2554,392 2561,355 2609,388 2561,399" xml:id="eSc_line_2782a463">
     <line>
      DE
     </line>
    </zone>
    <zone points="744,417 752,381 959,388 977,417 959,442 752,431" xml:id="eSc_line_a516cc8b">
     <line>
      DES ACTES :
     </line>
    </zone>
    <zone points="254,439 265,410 308,413 319,439 308,471 261,468" xml:id="eSc_line_d227b950">
     <line>
      DU
     </line>
    </zone>
    <zone points="414,435 421,370 483,377 483,464 446,475 421,457" xml:id="eSc_line_5f36ebab">
     <line>
      DES
     </line>
    </zone>
    <zone points="2412,435 2416,392 2674,392 2729,402 2739,431 2732,457 2420,457" xml:id="eSc_line_ea35eb1e">
     <line>
      l'Enregistrement.
     </line>
    </zone>
    <zone points="207,515 228,461 247,475 323,464 348,475 356,515 348,711 214,696" xml:id="eSc_line_16bf1fa7">
     <line>
      REPERTOIRE
     </line>
    </zone>
    <zone points="377,519 388,461 457,479 505,453 505,704 385,711" xml:id="eSc_line_2e40c5a5">
     <line>
      ACTES
     </line>
    </zone>
    <zone points="1402,515 1406,468 1457,482 1591,482 1613,464 1635,482 1667,468 1693,482 1846,482 1878,457 1984,471 2183,457 2194,519 2183,551 2107,551 2074,529 2045,544 1980,533 1962,551 1798,551 1776,529 1628,529 1540,551 1479,529 1406,529" xml:id="eSc_line_69005e89">
     <line>
      INDICATIONS, SITUATIONS ET PRIX DES BIENS
     </line>
    </zone>
    <zone points="585,540 592,500 810,511 817,540 806,606 737,613 697,598 672,613 592,613" xml:id="eSc_line_4d9fc6c3">
     <line>
      EN BREVETS
     </line>
    </zone>
    <zone points="908,540 915,457 1141,453 1141,555 915,555" xml:id="eSc_line_517a3307">
     <line>
      EN MINUTES
     </line>
    </zone>
    <zone points="2409,544 2416,515 2503,511 2503,566 2416,566" xml:id="eSc_line_097d1815">
     <line>
      DATES
     </line>
    </zone>
    <zone points="2576,548 2580,508 2696,500 2696,566 2583,559" xml:id="eSc_line_83a0aa4b">
     <line>
      DROITS
     </line>
    </zone>
   </surface>
  </surfaceGrp>
  <surfaceGrp type="structure_{type:col_2;}" xml:id="eSc_textblock_a18b733c">
   <surface>
    <graphic height="4356px" url="FRAN_0025_5094_L-1.jpg" width="2998px"/>
    <zone points="410,1560 414,1517 483,1484 486,1604 454,1637 421,1629" xml:id="eSc_line_6fccb21c">
     <line>
      7
     </line>
    </zone>
    <zone points="410,1698 417,1640 468,1640 465,1746 414,1749" xml:id="eSc_line_32896c8f">
     <line>
      7
     </line>
    </zone>
    <zone points="410,1793 414,1731 436,1753 490,1735 490,1818 454,1851 417,1829" xml:id="eSc_line_3d6a91dc">
     <line>
      7
     </line>
    </zone>
    <zone points="403,1883 410,1836 468,1836 476,1887 407,1887" xml:id="eSc_line_55e060bd">
     <line>
      7
     </line>
    </zone>
    <zone points="392,1942 399,1887 472,1894 468,1985 396,1996" xml:id="eSc_line_a207befb">
     <line>
      7
     </line>
    </zone>
    <zone points="396,2054 407,2000 476,2058 457,2109 417,2112 399,2094" xml:id="eSc_line_c1330c3a">
     <line>
      7
     </line>
    </zone>
    <zone points="407,2156 410,2109 472,2105 476,2181 417,2217" xml:id="eSc_line_b3d237cc">
     <line>
      8
     </line>
    </zone>
    <zone points="403,2352 414,2276 483,2294 479,2374 407,2395" xml:id="eSc_line_0811e0e4">
     <line>
      8
     </line>
    </zone>
    <zone points="410,2475 417,2413 439,2399 497,2413 497,2504 417,2519" xml:id="eSc_line_33c0d6ae">
     <line>
      8
     </line>
    </zone>
    <zone points="399,2562 407,2522 479,2522 479,2595 407,2595" xml:id="eSc_line_cab07b5a">
     <line>
      8
     </line>
    </zone>
    <zone points="414,2657 421,2602 468,2595 465,2700 417,2711" xml:id="eSc_line_fb9c78d3">
     <line>
      8
     </line>
    </zone>
    <zone points="425,2795 428,2747 483,2755 490,2835 436,2835" xml:id="eSc_line_b8f2f913">
     <line>
      8
     </line>
    </zone>
    <zone points="410,2911 417,2838 479,2842 479,2936 457,2958 417,2943" xml:id="eSc_line_214d2805">
     <line>
      9
     </line>
    </zone>
    <zone points="403,3005 410,2943 457,2962 490,3005 483,3034 454,3056 410,3023" xml:id="eSc_line_b00c935e">
     <line>
      9
     </line>
    </zone>
    <zone points="403,3154 414,3085 450,3085 486,3118 483,3190 450,3212 407,3168" xml:id="eSc_line_4aa9faab">
     <line>
      9
     </line>
    </zone>
    <zone points="392,3350 399,3241 436,3241 483,3288 519,3288 516,3412 396,3412" xml:id="eSc_line_a101742b">
     <line>
      9
     </line>
    </zone>
    <zone points="421,3473 428,3415 457,3412 486,3441 486,3488 450,3513 428,3495" xml:id="eSc_line_28fe2fd5">
     <line>
      9
     </line>
    </zone>
    <zone points="374,3553 465,3502 505,3553 497,3593 439,3597 381,3553" xml:id="eSc_line_e0210398">
     <line>
      11
     </line>
    </zone>
    <zone points="388,3651 392,3600 479,3608 490,3648 472,3691 443,3695 392,3659" xml:id="eSc_line_c38c47a2">
     <line>
      11
     </line>
    </zone>
    <zone points="385,3800 388,3764 421,3764 461,3735 508,3735 512,3840 388,3807" xml:id="eSc_line_deb08294">
     <line>
      (11)
     </line>
    </zone>
    <zone points="388,3847 392,3811 476,3822 486,3840 476,3880 396,3873" xml:id="eSc_line_3131428d">
     <line>
      (7 et )
     </line>
    </zone>
    <zone points="388,4047 396,4011 425,4011 468,3971 501,3971 508,4047 494,4065 396,4058" xml:id="eSc_line_1d43f68e">
     <line>
      11
     </line>
    </zone>
   </surface>
  </surfaceGrp>
  <surfaceGrp type="structure_{type:col_4;}" xml:id="eSc_textblock_900d3dce">
   <surface>
    <graphic height="4356px" url="FRAN_0025_5094_L-1.jpg" width="2998px"/>
   </surface>
  </surfaceGrp>
  <surfaceGrp type="no_value" xml:id="eSc_textblock_dc87d4cd">
   <surface>
    <graphic height="4356px" url="FRAN_0025_5094_L-1.jpg" width="2998px"/>
    <zone points="2442,1724 2449,1677 2500,1677 2500,1756 2449,1760" xml:id="eSc_line_54723d3e">
     <line>
      8
     </line>
    </zone>
    <zone points="2456,1833 2456,1775 2492,1764 2511,1829 2463,1833" xml:id="eSc_line_7efc3336">
     <line>
      8
     </line>
    </zone>
    <zone points="2434,1876 2511,1840 2511,1909 2442,1891" xml:id="eSc_line_23220986">
     <line>
      8
     </line>
    </zone>
    <zone points="2420,2025 2423,1996 2463,1967 2492,1974 2503,2061 2431,2079" xml:id="eSc_line_77de13c4">
     <line>
      9
     </line>
    </zone>
    <zone points="2420,2109 2445,2079 2485,2069 2521,2109 2496,2138 2427,2156" xml:id="eSc_line_4fc4f83d">
     <line>
      12
     </line>
    </zone>
    <zone points="2438,2279 2445,2246 2503,2246 2503,2308 2445,2315" xml:id="eSc_line_f120ca58">
     <line>
      9
     </line>
    </zone>
    <zone points="2427,2363 2431,2344 2503,2301 2514,2359 2471,2392 2434,2388" xml:id="eSc_line_65c73768">
     <line>
      11
     </line>
    </zone>
    <zone points="2423,2486 2434,2435 2492,2439 2492,2501 2431,2493" xml:id="eSc_line_3c8c6d17">
     <line>
      "
     </line>
    </zone>
    <zone points="2420,2602 2427,2559 2474,2515 2489,2519 2503,2595 2460,2631 2427,2609" xml:id="eSc_line_c1dcf6c4">
     <line>
      "
     </line>
    </zone>
    <zone points="2438,2744 2445,2704 2471,2678 2489,2682 2489,2784 2445,2776" xml:id="eSc_line_3e876503">
     <line>
      "
     </line>
    </zone>
    <zone points="2445,2838 2452,2784 2507,2842 2496,2871 2449,2871" xml:id="eSc_line_f9c848ca">
     <line>
      "
     </line>
    </zone>
    <zone points="2434,2936 2445,2904 2474,2900 2503,2943 2489,3002 2434,3002" xml:id="eSc_line_83fc27f8">
     <line>
      "
     </line>
    </zone>
    <zone points="2412,3089 2463,3052 2492,3070 2503,3060 2511,3089 2503,3147 2478,3121 2420,3121" xml:id="eSc_line_05af4237">
     <line>
      11
     </line>
    </zone>
    <zone points="2412,3227 2423,3136 2492,3143 2485,3256 2416,3263" xml:id="eSc_line_7ffc7da8">
     <line>
      12
     </line>
    </zone>
    <zone points="2427,3292 2434,3270 2489,3263 2489,3325 2434,3325" xml:id="eSc_line_7ee34b24">
     <line>
      13
     </line>
    </zone>
    <zone points="2438,3383 2445,3328 2500,3339 2500,3412 2445,3423" xml:id="eSc_line_df5475c5">
     <line>
      13
     </line>
    </zone>
    <zone points="2416,3484 2423,3423 2485,3430 2503,3415 2503,3524 2423,3521" xml:id="eSc_line_81e1c01c">
     <line>
      13
     </line>
    </zone>
    <zone points="2416,3590 2423,3535 2445,3531 2500,3590 2485,3640 2467,3637 2438,3666 2423,3655" xml:id="eSc_line_188cdc1e">
     <line>
      11
     </line>
    </zone>
    <zone points="2423,3749 2456,3695 2496,3706 2507,3746 2489,3767 2431,3771" xml:id="eSc_line_7e399b84">
     <line>
      12
     </line>
    </zone>
    <zone points="2423,3978 2438,3934 2500,3945 2489,4011 2427,4007" xml:id="eSc_line_da12a82c">
     <line>
      12
     </line>
    </zone>
    <zone points="2423,4116 2431,4054 2463,4069 2496,4051 2496,4221 2474,4236 2431,4192" xml:id="eSc_line_04a84aa6">
     <line>
      12
     </line>
    </zone>
   </surface>
  </surfaceGrp>
  <surfaceGrp type="structure_{type:marginal;}" xml:id="eSc_textblock_313e09b8">
   <surface>
    <graphic height="4356px" url="FRAN_0025_5094_L-1.jpg" width="2998px"/>
    <zone points="2670,214 2678,166 2714,170 2714,235 2678,232" xml:id="eSc_line_f1bc1388">
     <line>
      1
     </line>
    </zone>
    <zone points="2787,217 2787,105 2859,112 2870,348 2798,352" xml:id="eSc_line_0e0b9c56">
     <line>
      ¥
     </line>
    </zone>
    <zone points="1726,232 1722,119 1766,112 2249,98 2267,196 2213,221 1729,235" xml:id="eSc_line_311f747f">
     <line>
      Gaultier
     </line>
    </zone>
    <zone points="2238,228 2242,181 2267,166 2383,177 2423,156 2612,170 2623,214 2242,228" xml:id="eSc_line_34c31e96">
     <line>
      premier feuillet
     </line>
    </zone>
   </surface>
  </surfaceGrp>
  <surfaceGrp type="structure_{type:marginal;}" xml:id="eSc_textblock_d48b3c78">
   <surface>
    <graphic height="4356px" url="FRAN_0025_5094_L-1.jpg" width="2998px"/>
    <zone points="218,217 221,119 334,119 337,283 225,279" xml:id="eSc_line_cffd649c">
     <line>
      146
     </line>
    </zone>
    <zone points="414,235 417,177 570,181 614,166 737,177 748,228 726,290 421,283" xml:id="eSc_line_34926546">
     <line>
      12 NOV 1912
     </line>
    </zone>
   </surface>
  </surfaceGrp>
  <surfaceGrp type="no_value" xml:id="eSc_dummyblock_">
   <surface>
    <graphic height="4356px" url="FRAN_0025_5094_L-1.jpg" width="2998px"/>
    <zone points="1195,943 1206,903 1311,907 1348,936 1326,958 1304,947 1202,969" xml:id="eSc_line_8900f333">
     <line>
      Seine.
     </line>
    </zone>
    <zone points="861,1557 868,1481 933,1481 1017,1520 1108,1506 1122,1517 1144,1502 1217,1524 1231,1564 1221,1582 1108,1597 864,1582" xml:id="eSc_line_0e5e5d56">
     <line>
      Revocation de donation
     </line>
    </zone>
    <zone points="1195,1847 1199,1811 1384,1822 1489,1807 1511,1847 1460,1865 1199,1865" xml:id="eSc_line_5291b759">
     <line>
      pour même objet
     </line>
    </zone>
    <zone points="853,1927 861,1883 912,1865 941,1880 1021,1865 1206,1883 1213,1927 1195,1956 861,1956" xml:id="eSc_line_eecff6c6">
     <line>
      Cahier des charges
     </line>
    </zone>
    <zone points="861,2058 868,1985 883,1985 908,2007 966,1992 1053,1992 1068,2007 1101,1996 1126,2011 1137,2000 1181,2014 1199,2065 1188,2098 1137,2112 973,2094 915,2105 864,2087" xml:id="eSc_line_2ac97a13">
     <line>
      Depôt Judiciaire
     </line>
    </zone>
    <zone points="915,2163 923,2109 952,2094 1013,2119 1039,2101 1115,2105 1111,2188 1035,2199 1013,2221 970,2192 919,2207" xml:id="eSc_line_ca3a63a3">
     <line>
      Depôt
     </line>
    </zone>
    <zone points="857,2363 861,2305 893,2286 952,2305 1104,2305 1115,2359 1101,2388 864,2384" xml:id="eSc_line_a4ce934d">
     <line>
      Mainlevée
     </line>
    </zone>
    <zone points="1191,2305 1210,2276 1290,2283 1315,2265 1428,2268 1493,2283 1504,2301 1471,2323 1195,2315" xml:id="eSc_line_e3dc384d">
     <line>
      4 cours Marigny
     </line>
    </zone>
    <zone points="962,2475 970,2428 1082,2424 1082,2511 970,2511" xml:id="eSc_line_65f127b1">
     <line>
      d°
     </line>
    </zone>
    <zone points="941,2562 952,2508 1111,2504 1104,2606 970,2606 944,2620" xml:id="eSc_line_4efb5a90">
     <line>
      d°
     </line>
    </zone>
    <zone points="970,2671 973,2609 1061,2617 1061,2704 973,2700" xml:id="eSc_line_7ebec701">
     <line>
      d°
     </line>
    </zone>
    <zone points="1188,2766 1191,2740 1439,2744 1460,2729 1609,2729 1628,2758 1617,2776 1558,2780 1191,2776" xml:id="eSc_line_f40c607d">
     <line>
      a Paris 20 rue Petrelle
     </line>
    </zone>
    <zone points="944,2809 959,2755 1104,2755 1104,2838 1002,2845 952,2809" xml:id="eSc_line_3f48ca5f">
     <line>
      d°
     </line>
    </zone>
    <zone points="904,2889 923,2835 955,2827 1010,2845 1082,2827 1111,2838 1119,2893 1108,2976 1013,2976 977,2940 908,2940" xml:id="eSc_line_edebc1aa">
     <line>
      Depôt
     </line>
    </zone>
    <zone points="857,3158 861,3096 879,3085 977,3074 1002,3092 1155,3089 1184,3067 1184,3179 1013,3165 948,3187 861,3168" xml:id="eSc_line_fb765afb">
     <line>
      C^at de Mariage
     </line>
    </zone>
    <zone points="861,3306 864,3223 992,3223 1021,3245 1155,3241 1166,3303 1155,3328 864,3321" xml:id="eSc_line_c261f333">
     <line>
      Réalisation
     </line>
    </zone>
    <zone points="893,3357 955,3325 1006,3321 1086,3335 1093,3357 1079,3383 995,3401 901,3368" xml:id="eSc_line_7393dc94">
     <line>
      Depôt
     </line>
    </zone>
    <zone points="853,3455 861,3383 875,3383 908,3397 1039,3394 1068,3419 1155,3419 1162,3463 1151,3495 1097,3481 970,3495 923,3477 857,3492" xml:id="eSc_line_4bce2f94">
     <line>
      Dissolution
     </line>
    </zone>
    <zone points="857,3666 872,3579 1159,3582 1159,3684 861,3684" xml:id="eSc_line_587e3e59">
     <line>
      Procuration
     </line>
    </zone>
    <zone points="861,3804 868,3709 904,3709 937,3742 988,3724 1061,3767 1126,3767 1133,3807 1122,3826 1053,3840 941,3826 864,3840" xml:id="eSc_line_9d7f532f">
     <line>
      Quittance
     </line>
    </zone>
    <zone points="879,4032 886,3924 908,3905 1002,3905 1093,3963 1155,3960 1151,4061 883,4061" xml:id="eSc_line_630002b0">
     <line>
      Notoriété
     </line>
    </zone>
   </surface>
  </surfaceGrp>
 </sourceDoc>
 <text>
  <body>
   <div type="main">
    <table cols="8" rows="21">
     <row n="0" role="label">
      <cell n="1" role="label1">
       Numéros du répertoire
      </cell>
      <cell n="2" role="label2">
       Dates des actes
      </cell>
      <cell n="3" role="label3">
       Actes en brevets
      </cell>
      <cell n="4" role="label4">
       Actes en minutes
      </cell>
      <cell n="5" role="label5">
       Noms, prénms et domiciles des parties ; indication, situations et prix des biens
      </cell>
      <cell n="6" role="label6">
       Date de l'enregistrement
      </cell>
      <cell n="7" role="label7">
       Droits de l'enregistrement
      </cell>
      <cell n="8" role="label8">
       Autres
      </cell>
     </row>
     <row>
      <cell n="1" role="col1"/>
      <cell n="2" role="col2"/>
      <cell n="3" role="col3"/>
      <cell n="4" role="col4"/>
      <cell n="5" role="col5">
       <lb facs="#eSc_line_d066d2b9" n="1"/>
       Le présent répertoire des actes reçus tant en minute qu'en
       <lb facs="#eSc_line_9519cf47" n="2"/>
       brevet, par M^e Félix Albert Huguenot, notaire à
       <lb facs="#eSc_line_ccdc05e1" n="3"/>
       Paris contenant cent feuillets , a été visé et paraphé par
       <lb facs="#eSc_line_d0beeaf8" n="4"/>
       nous juge , au Tribunal Civil de Première instance de la
       <lb facs="#eSc_line_53634651" n="5"/>
       Au Palais de Justice à Paris le 15 9^bre 1912
       <lb facs="#eSc_line_4e9a2240" n="6"/>
       Gaultier
       <lb facs="#eSc_line_7ba073f9" n="7"/>
       ¥
      </cell>
      <cell n="6" role="col6"/>
      <cell n="7" role="col7"/>
      <cell n="8" role="misc">
       <lb facs="#eSc_line_8900f333" n="1"/>
       Seine.
      </cell>
     </row>
     <row>
      <cell n="1" role="col1">
       <lb facs="#eSc_line_00f910e9"/>
       1061
      </cell>
      <cell n="2" role="col2">
       <lb facs="#eSc_line_6fccb21c"/>
       <date cert="high" when-iso="7">
        7
       </date>
      </cell>
      <cell n="3" role="col3">
       <lb facs="#eSc_line_57a44c0c"/>
       S^te 25 août 1887
      </cell>
      <cell n="4" role="col4"/>
      <cell n="5" role="col5">
       <lb facs="#eSc_line_9b56411c" n="1"/>
       Bapst, (par M. Louis Auguste Julien) cap. en retraite chev. dela leg.
       <lb facs="#eSc_line_5fb9c903" n="2"/>
       d'honneur demt au Vésinet (S et O), relativement a donation en usufruit fait
       <lb facs="#eSc_line_4e24ab00" n="3"/>
       a Mad^e Léonie Hubert AntoinetteAmélie Charlot, son ep demt avec lui
      </cell>
      <cell n="6" role="col6"/>
      <cell n="7" role="col7"/>
      <cell n="8" role="misc">
       <lb facs="#eSc_line_0e5e5d56" n="1"/>
       Revocation de donation
      </cell>
     </row>
     <row>
      <cell n="1" role="col1">
       <lb facs="#eSc_line_8ce99343"/>
       1062
      </cell>
      <cell n="2" role="col2">
       <lb facs="#eSc_line_32896c8f"/>
       <date cert="high" when-iso="7">
        7
       </date>
      </cell>
      <cell n="3" role="col3">
       <lb facs="#eSc_line_028e9e12"/>
       Procuration
      </cell>
      <cell n="4" role="col4"/>
      <cell n="5" role="col5">
       <lb facs="#eSc_line_d5775559" n="1"/>
       Allard Theus , par M. Pierre Louis Marie Joseph , avocat a Paris , rue
       <lb facs="#eSc_line_51afaa5b" n="2"/>
       Saunier Leroy en bl. pour vendre vigne à Theus
      </cell>
      <cell n="6" role="col6"/>
      <cell n="7" role="col7"/>
      <cell n="8" role="misc">
       <lb facs="#eSc_line_43e7dec3" n="1"/>
       3.75
       <lb facs="#eSc_line_54723d3e" n="2"/>
       8
      </cell>
     </row>
     <row>
      <cell n="1" role="col1">
       <lb facs="#eSc_line_76d8d594"/>
       1063
      </cell>
      <cell n="2" role="col2">
       <lb facs="#eSc_line_3d6a91dc"/>
       <date cert="high" when-iso="7">
        7
       </date>
      </cell>
      <cell n="3" role="col3">
       <lb facs="#eSc_line_655f59f0"/>
       d°
      </cell>
      <cell n="4" role="col4"/>
      <cell n="5" role="col5">
       <lb facs="#eSc_line_d71b454d" n="1"/>
       Allard Theus par M^me Claire Mille) sans prof même adresse
      </cell>
      <cell n="6" role="col6"/>
      <cell n="7" role="col7"/>
      <cell n="8" role="misc"/>
     </row>
     <row>
      <cell n="1" role="col1">
       <lb facs="#eSc_line_0ba66a37"/>
       1064
      </cell>
      <cell n="2" role="col2">
       <lb facs="#eSc_line_55e060bd"/>
       <date cert="high" when-iso="7">
        7
       </date>
      </cell>
      <cell n="3" role="col3">
       <lb facs="#eSc_line_a034edfa"/>
       d°
      </cell>
      <cell n="4" role="col4"/>
      <cell n="5" role="col5">
       <lb facs="#eSc_line_aa1209f4" n="1"/>
       Allard Theus par M^r) sus nommé pour vendre num. à son frère
      </cell>
      <cell n="6" role="col6"/>
      <cell n="7" role="col7"/>
      <cell n="8" role="misc">
       <lb facs="#eSc_line_433635c8" n="1"/>
       375
       <lb facs="#eSc_line_1045a2f3" n="2"/>
       375
       <lb facs="#eSc_line_7efc3336" n="3"/>
       8
       <lb facs="#eSc_line_23220986" n="4"/>
       8
       <lb facs="#eSc_line_5291b759" n="5"/>
       pour même objet
      </cell>
     </row>
     <row>
      <cell n="1" role="col1">
       <lb facs="#eSc_line_ae2ff139"/>
       1065
      </cell>
      <cell n="2" role="col2">
       <lb facs="#eSc_line_a207befb"/>
       <date cert="high" when-iso="7">
        7
       </date>
      </cell>
      <cell n="3" role="col3"/>
      <cell n="4" role="col4"/>
      <cell n="5" role="col5">
       <lb facs="#eSc_line_a57624c6" n="1"/>
       Theviot pour parvenir à l'adjud^on f^os de C^ie de boulangerie Pablis
       <lb facs="#eSc_line_0b6c29da" n="2"/>
       appar^t a Julienne Deschamps, veuve de M. Lazare) ayant demeuré dans
      </cell>
      <cell n="6" role="col6"/>
      <cell n="7" role="col7"/>
      <cell n="8" role="misc">
       <lb facs="#eSc_line_eecff6c6" n="1"/>
       Cahier des charges
      </cell>
     </row>
     <row>
      <cell n="1" role="col1">
       <lb facs="#eSc_line_751b5e68"/>
       1066
      </cell>
      <cell n="2" role="col2">
       <lb facs="#eSc_line_c1330c3a"/>
       <date cert="high" when-iso="7">
        7
       </date>
      </cell>
      <cell n="3" role="col3"/>
      <cell n="4" role="col4"/>
      <cell n="5" role="col5">
       <lb facs="#eSc_line_cc95054f" n="1"/>
       ledit fonds 39 rue du chemin vert
       <lb facs="#eSc_line_9080a24c" n="2"/>
       Hanoy de testam ologr. de M^elle Louise Estelle) sans prof. décédée en
       <lb facs="#eSc_line_7e47505a" n="3"/>
       son dom. a Paris B^d du Temple 34 le 6 9^bre 1912
      </cell>
      <cell n="6" role="col6"/>
      <cell n="7" role="col7"/>
      <cell n="8" role="misc">
       <lb facs="#eSc_line_6a5003cb" n="1"/>
       3.75
       <lb facs="#eSc_line_1e9d374e" n="2"/>
       23.11
       <lb facs="#eSc_line_77de13c4" n="3"/>
       9
       <lb facs="#eSc_line_4fc4f83d" n="4"/>
       12
       <lb facs="#eSc_line_2ac97a13" n="5"/>
       Depôt Judiciaire
      </cell>
     </row>
     <row>
      <cell n="1" role="col1">
       <lb facs="#eSc_line_c885ae17"/>
       1067
      </cell>
      <cell n="2" role="col2">
       <lb facs="#eSc_line_b3d237cc"/>
       <date cert="high" when-iso="8">
        8
       </date>
      </cell>
      <cell n="3" role="col3"/>
      <cell n="4" role="col4"/>
      <cell n="5" role="col5">
       <lb facs="#eSc_line_f4fa726d" n="1"/>
       Simon (de pièces de séparation de corps et d'entre M Charles Gustave
       <lb facs="#eSc_line_a0c6bcf0" n="2"/>
       Jules Simon dit Jules) attaché au Sénat à Paris 19 rue Turgot et
       <lb facs="#eSc_line_2f0f1cbd" n="3"/>
       M^me Louise Marie Célestine Prost son épouse sans prof. à Villeneuve
      </cell>
      <cell n="6" role="col6"/>
      <cell n="7" role="col7"/>
      <cell n="8" role="misc">
       <lb facs="#eSc_line_143ae525" n="1"/>
       3.75
       <lb facs="#eSc_line_ca3a63a3" n="2"/>
       Depôt
      </cell>
     </row>
     <row>
      <cell n="1" role="col1">
       <lb facs="#eSc_line_4e115d70"/>
       1068
      </cell>
      <cell n="2" role="col2">
       <lb facs="#eSc_line_0811e0e4"/>
       <date cert="high" when-iso="8">
        8
       </date>
      </cell>
      <cell n="3" role="col3"/>
      <cell n="4" role="col4"/>
      <cell n="5" role="col5">
       <lb facs="#eSc_line_ff4d4951" n="1"/>
       Iribe d'inscri^on hypothécaire au profit de  M^me Jeanne Borget
       <lb facs="#eSc_line_e140fead" n="2"/>
       dite Dirys épouse Paul) et ledit M Iribe 44 rue de Bellechasse
       <lb facs="#eSc_line_e1997b1f" n="3"/>
       par M. Camille Arsène Piqueret ppre à Paris 147 B^d Montparnasse
      </cell>
      <cell n="6" role="col6"/>
      <cell n="7" role="col7"/>
      <cell n="8" role="misc">
       <lb facs="#eSc_line_edb9dff8" n="1"/>
       15.75
       <lb facs="#eSc_line_f120ca58" n="2"/>
       9
       <lb facs="#eSc_line_65c73768" n="3"/>
       11
       <lb facs="#eSc_line_a4ce934d" n="4"/>
       Mainlevée
       <lb facs="#eSc_line_e3dc384d" n="5"/>
       4 cours Marigny
      </cell>
     </row>
     <row>
      <cell n="1" role="col1">
       <lb facs="#eSc_line_68367c57"/>
       1069
      </cell>
      <cell n="2" role="col2">
       <lb facs="#eSc_line_33c0d6ae"/>
       <date cert="high" when-iso="8">
        8
       </date>
      </cell>
      <cell n="3" role="col3"/>
      <cell n="4" role="col4"/>
      <cell n="5" role="col5">
       <lb facs="#eSc_line_c0e8fbac" n="1"/>
       Iribe d'inscri^on hypothécaire au profit de M^me et M^r sus-nommés) par Jacques
      </cell>
      <cell n="6" role="col6"/>
      <cell n="7" role="col7"/>
      <cell n="8" role="misc">
       <lb facs="#eSc_line_8e0bc36c" n="1"/>
       24.20
       <lb facs="#eSc_line_3c8c6d17" n="2"/>
       "
       <lb facs="#eSc_line_65f127b1" n="3"/>
       d°
      </cell>
     </row>
     <row>
      <cell n="1" role="col1">
       <lb facs="#eSc_line_7e25b5cd"/>
       1070
      </cell>
      <cell n="2" role="col2">
       <lb facs="#eSc_line_cab07b5a"/>
       <date cert="high" when-iso="8">
        8
       </date>
      </cell>
      <cell n="3" role="col3"/>
      <cell n="4" role="col4"/>
      <cell n="5" role="col5">
       <lb facs="#eSc_line_3aeaae6a" n="1"/>
       Howald entre. de serrurerie à P. rue Daurémont.
       <lb facs="#eSc_line_e025f14a" n="2"/>
       Iribe d'inscri^on hypothécaire au profit de M^r et M^me) sus-n^és par M. Charles Léon
       <lb facs="#eSc_line_29dcb8d2" n="3"/>
       Gilardi entrep. de maçonnerie a Paris 11 aven. de Villiers
      </cell>
      <cell n="6" role="col6"/>
      <cell n="7" role="col7"/>
      <cell n="8" role="misc">
       <lb facs="#eSc_line_6a843364" n="1"/>
       38.20
       <lb facs="#eSc_line_c1dcf6c4" n="2"/>
       "
       <lb facs="#eSc_line_4efb5a90" n="3"/>
       d°
      </cell>
     </row>
     <row>
      <cell n="1" role="col1">
       <lb facs="#eSc_line_f79640ab"/>
       1071
      </cell>
      <cell n="2" role="col2">
       <lb facs="#eSc_line_fb9c78d3"/>
       <date cert="high" when-iso="8">
        8
       </date>
      </cell>
      <cell n="3" role="col3"/>
      <cell n="4" role="col4"/>
      <cell n="5" role="col5">
       <lb facs="#eSc_line_0bd52ae2" n="1"/>
       Iribe d'inscri^on hypothécaire au profit de M^r et M^me) sus-n^és par M. Henri Ar
       <lb facs="#eSc_line_d1926afe" n="2"/>
       mand Housset et Louis Alexandre Guillemant tous deux sculpteurs
      </cell>
      <cell n="6" role="col6"/>
      <cell n="7" role="col7"/>
      <cell n="8" role="misc">
       <lb facs="#eSc_line_7ebec701" n="1"/>
       d°
      </cell>
     </row>
     <row>
      <cell n="1" role="col1">
       <lb facs="#eSc_line_118bb4c6"/>
       1072
      </cell>
      <cell n="2" role="col2">
       <lb facs="#eSc_line_b8f2f913"/>
       <date cert="high" when-iso="8">
        8
       </date>
      </cell>
      <cell n="3" role="col3"/>
      <cell n="4" role="col4"/>
      <cell n="5" role="col5">
       <lb facs="#eSc_line_3db4dd59" n="1"/>
       Iribe d'inscri^on hypothé. au profit de M^r et M^me) sus-n^és par M. Louis François Gau-
       <lb facs="#eSc_line_5011f2bc" n="2"/>
       met et Pierre François Tixier entr. de peinture a P. rue du Bouloi 15
      </cell>
      <cell n="6" role="col6"/>
      <cell n="7" role="col7"/>
      <cell n="8" role="misc">
       <lb facs="#eSc_line_5943b7f0" n="1"/>
       20.35
       <lb facs="#eSc_line_f8e4299f" n="2"/>
       26.50
       <lb facs="#eSc_line_3e876503" n="3"/>
       "
       <lb facs="#eSc_line_f9c848ca" n="4"/>
       "
       <lb facs="#eSc_line_f40c607d" n="5"/>
       a Paris 20 rue Petrelle
       <lb facs="#eSc_line_3f48ca5f" n="6"/>
       d°
      </cell>
     </row>
     <row>
      <cell n="1" role="col1">
       <lb facs="#eSc_line_5b02e881"/>
       1073
       <lb facs="#eSc_line_3c7cfbe2"/>
       1074
      </cell>
      <cell n="2" role="col2">
       <lb facs="#eSc_line_214d2805"/>
       <date cert="high" when-iso="9">
        9
       </date>
       <lb facs="#eSc_line_b00c935e"/>
       <date cert="high" when-iso="9">
        9
       </date>
      </cell>
      <cell n="3" role="col3">
       <lb facs="#eSc_line_f7c7911b"/>
       S^te 17 mars 1909
       <lb facs="#eSc_line_4d798e16"/>
       Substitution
      </cell>
      <cell n="4" role="col4"/>
      <cell n="5" role="col5">
       <lb facs="#eSc_line_88fc45bf" n="1"/>
       C^ie F^se de chem. de f. de l'Equateur de pièces de public. relatives à trans
       <lb facs="#eSc_line_4eda02a7" n="2"/>
       fert siège) a Paris rue des Renaudes 42
       <lb facs="#eSc_line_e503416e" n="3"/>
       Levy par Salomon) ppre rue de Berri 24, en bl. , de pouvoirs à lui
       <lb facs="#eSc_line_44ed94d1" n="4"/>
       conférés par M^me Charlotte Montambeaux épouse Paul Sujorné juge
       <lb facs="#eSc_line_a7cb2c24" n="5"/>
       de Paix à Balleroy (Calvados) pour vendre ferme du Quené
      </cell>
      <cell n="6" role="col6"/>
      <cell n="7" role="col7"/>
      <cell n="8" role="misc">
       <lb facs="#eSc_line_0bf8a3d0" n="1"/>
       3.75
       <lb facs="#eSc_line_c39596c5" n="2"/>
       3.75
       <lb facs="#eSc_line_83fc27f8" n="3"/>
       "
       <lb facs="#eSc_line_05af4237" n="4"/>
       11
       <lb facs="#eSc_line_edebc1aa" n="5"/>
       Depôt
      </cell>
     </row>
     <row>
      <cell n="1" role="col1">
       <lb facs="#eSc_line_f564dade"/>
       1075
      </cell>
      <cell n="2" role="col2">
       <lb facs="#eSc_line_4aa9faab"/>
       <date cert="high" when-iso="9">
        9
       </date>
      </cell>
      <cell n="3" role="col3"/>
      <cell n="4" role="col4"/>
      <cell n="5" role="col5">
       <lb facs="#eSc_line_a116b353" n="1"/>
       Pellerin entre M. Paul Adolphe neg^t a P. 10 rue de la Pépinière
       <lb facs="#eSc_line_d26875dc" n="2"/>
       et M^me Marguerite Renée Louise Daux sans prof. a Paris 5
       <lb facs="#eSc_line_2bb13ec0" n="3"/>
       Square de Latour Maubourg V^ve Charles Léon Gagne (Separ. de biens)
      </cell>
      <cell n="6" role="col6"/>
      <cell n="7" role="col7"/>
      <cell n="8" role="misc">
       <lb facs="#eSc_line_ed1a2a8a" n="1"/>
       398.75
       <lb facs="#eSc_line_7ffc7da8" n="2"/>
       12
       <lb facs="#eSc_line_fb765afb" n="3"/>
       C^at de Mariage
      </cell>
     </row>
     <row>
      <cell n="1" role="col1">
       <lb facs="#eSc_line_293aaa2e"/>
       1076
      </cell>
      <cell n="2" role="col2"/>
      <cell n="3" role="col3">
       <lb facs="#eSc_line_6c506858"/>
       S^e 24 8^bre 1912
      </cell>
      <cell n="4" role="col4"/>
      <cell n="5" role="col5">
       <lb facs="#eSc_line_4ec7c5e8" n="1"/>
       Machat (du prêt de 2000 x par le Crédit foncier de France)
      </cell>
      <cell n="6" role="col6"/>
      <cell n="7" role="col7"/>
      <cell n="8" role="misc">
       <lb facs="#eSc_line_06441d2a" n="1"/>
       25
       <lb facs="#eSc_line_7ee34b24" n="2"/>
       13
       <lb facs="#eSc_line_c261f333" n="3"/>
       Réalisation
      </cell>
     </row>
     <row>
      <cell n="1" role="col1">
       <lb facs="#eSc_line_efe6a55b"/>
       1077
      </cell>
      <cell n="2" role="col2">
       <lb facs="#eSc_line_a101742b"/>
       <date cert="high" when-iso="9">
        9
       </date>
      </cell>
      <cell n="3" role="col3"/>
      <cell n="4" role="col4"/>
      <cell n="5" role="col5">
       <lb facs="#eSc_line_6c5a272d" n="1"/>
       Theisen (de pièces de publi. conc^t adjud^on droit au bail 73 rue Lafayette
      </cell>
      <cell n="6" role="col6"/>
      <cell n="7" role="col7"/>
      <cell n="8" role="misc">
       <lb facs="#eSc_line_8b74e59f" n="1"/>
       3.75
       <lb facs="#eSc_line_7393dc94" n="2"/>
       Depôt
      </cell>
     </row>
     <row>
      <cell n="1" role="col1">
       <lb facs="#eSc_line_d0a9339a"/>
       1078
       <lb facs="#eSc_line_4e8a4c18"/>
       1079
      </cell>
      <cell n="2" role="col2">
       <lb facs="#eSc_line_28fe2fd5"/>
       <date cert="high" when-iso="9">
        9
       </date>
       <lb facs="#eSc_line_e0210398"/>
       <date cert="high" when-iso="11">
        11
       </date>
      </cell>
      <cell n="3" role="col3">
       <lb facs="#eSc_line_fb16fc81"/>
       Procuration
      </cell>
      <cell n="4" role="col4"/>
      <cell n="5" role="col5">
       <lb facs="#eSc_line_21f3ee5a" n="1"/>
       consenti à feu M.) voir 26 7^bre 1912
       <lb facs="#eSc_line_d163b7e3" n="2"/>
       S^té immob. delarue Charles Baudelaire (delaS^te Civile particu
       <lb facs="#eSc_line_ae3d361c" n="3"/>
       lière dite) siège à P. 4 Place des Saussaies
       <lb facs="#eSc_line_b16825e6" n="4"/>
       Levy (par Salomon) ppre et Rosine Bloch son ep a P. rue de
      </cell>
      <cell n="6" role="col6"/>
      <cell n="7" role="col7"/>
      <cell n="8" role="misc">
       <lb facs="#eSc_line_06cf4382" n="1"/>
       9.38
       <lb facs="#eSc_line_92aa7ffd" n="2"/>
       3.75
       <lb facs="#eSc_line_df5475c5" n="3"/>
       13
       <lb facs="#eSc_line_81e1c01c" n="4"/>
       13
       <lb facs="#eSc_line_188cdc1e" n="5"/>
       11
       <lb facs="#eSc_line_4bce2f94" n="6"/>
       Dissolution
      </cell>
     </row>
     <row>
      <cell n="1" role="col1">
       <lb facs="#eSc_line_55ba4029"/>
       1080
      </cell>
      <cell n="2" role="col2">
       <lb facs="#eSc_line_c38c47a2"/>
       <date cert="high" when-iso="11">
        11
       </date>
      </cell>
      <cell n="3" role="col3"/>
      <cell n="4" role="col4"/>
      <cell n="5" role="col5">
       <lb facs="#eSc_line_d7c8c748" n="1"/>
       Berri 24 en bl. pour transporter prix devente
       <lb facs="#eSc_line_ed32b329" n="2"/>
       Maugras par François Gustave Gaston) attaché Ministère
       <lb facs="#eSc_line_89452d14" n="3"/>
       aff. Etrangères 44 av. Trocadéro a M. Charles Gaston Maugras
       <lb facs="#eSc_line_059a6b93" n="4"/>
       son père pp^re même adresse, pour gérer ses biens
      </cell>
      <cell n="6" role="col6"/>
      <cell n="7" role="col7"/>
      <cell n="8" role="misc">
       <lb facs="#eSc_line_daa36578" n="1"/>
       3.75
       <lb facs="#eSc_line_7e399b84" n="2"/>
       12
       <lb facs="#eSc_line_587e3e59" n="3"/>
       Procuration
      </cell>
     </row>
     <row>
      <cell n="1" role="col1">
       <lb facs="#eSc_line_35190de0"/>
       1081
      </cell>
      <cell n="2" role="col2">
       <lb facs="#eSc_line_deb08294"/>
       <date cert="high">
        (11)
       </date>
       <lb facs="#eSc_line_3131428d"/>
       <date cert="low">
        (7 et )
       </date>
      </cell>
      <cell n="3" role="col3"/>
      <cell n="4" role="col4"/>
      <cell n="5" role="col5">
       <lb facs="#eSc_line_d5e1463f" n="1"/>
       Paulet-Tournemire par Thérèse Marie Henriette Bousson sans
       <lb facs="#eSc_line_30ea044f" n="2"/>
       prof. aS^t Quentin rue Jeanne d'Arc 6, ep Georges Ludovic Augustin
       <lb facs="#eSc_line_080cd418" n="3"/>
       rue de l'Enreg^t en disponibilité , a la S^té G^le des C^ons Modernes
       <lb facs="#eSc_line_d4a47668" n="4"/>
       122rue Mozart d'une somme de 309 696 f 15 pp^al et intérêts dont
       <lb facs="#eSc_line_c61f6fc4" n="5"/>
       300500 frs p^x devente terrain à Paris 14 rue Jasmin
      </cell>
      <cell n="6" role="col6"/>
      <cell n="7" role="col7"/>
      <cell n="8" role="misc">
       <lb facs="#eSc_line_d8516be2" n="1"/>
       1962.63
       <lb facs="#eSc_line_da12a82c" n="2"/>
       12
       <lb facs="#eSc_line_9d7f532f" n="3"/>
       Quittance
      </cell>
     </row>
     <row>
      <cell n="1" role="col1">
       <lb facs="#eSc_line_7e517008"/>
       1082
      </cell>
      <cell n="2" role="col2">
       <lb facs="#eSc_line_1d43f68e"/>
       <date cert="high" when-iso="11">
        11
       </date>
      </cell>
      <cell n="3" role="col3"/>
      <cell n="4" role="col4"/>
      <cell n="5" role="col5">
       <lb facs="#eSc_line_48572562" n="1"/>
       300500 frs p^x de vente terrain de M^me Emma Valentine Augustine
       <lb facs="#eSc_line_bfc6fe17" n="2"/>
       Legret, libraire à P. 88 Av des Ternes veuve de Eugène) décédée en
       <lb facs="#eSc_line_0c9076b4" n="3"/>
       son domicile le 16 Octobre 1912
      </cell>
      <cell n="6" role="col6"/>
      <cell n="7" role="col7"/>
      <cell n="8" role="misc">
       <lb facs="#eSc_line_c30eae52" n="1"/>
       3.75
       <lb facs="#eSc_line_04a84aa6" n="2"/>
       12
       <lb facs="#eSc_line_630002b0" n="3"/>
       Notoriété
      </cell>
     </row>
    </table>
   </div>
  </body>
 </text>
</TEI>