<?xml version="1.0" encoding="utf-8"?>
<TEI xmlns="http://www.tei-c.org/ns/1.0">
 <teiHeader>
  <fileDesc>
   <titleStmt>
    <title xml:lang="fr">
     FRAN_0025_6067_L-1-tei
    </title>
    <author>
     Lectaurep
    </author>
    <funder>
     Ministry of Higher Education, Research and Innovation
    </funder>
    <respStmt>
     <resp>
      Edited and encoded by
     </resp>
     <persName>
      <forename>
       Alix
      </forename>
      <surname>
       Chagué
      </surname>
     </persName>
    </respStmt>
    <respStmt>
     <resp>
      Edited and encoded by
     </resp>
     <persName>
      <forename>
       Hugo
      </forename>
      <surname>
       Scheithauer
      </surname>
     </persName>
    </respStmt>
    <respStmt>
     <resp>
      Transcription by
     </resp>
     <orgName>
      Département du Minutier central des notaires de Paris
     </orgName>
    </respStmt>
    <respStmt>
     <resp>
      Digitization by
     </resp>
     <orgName>
      Archives nationales
     </orgName>
    </respStmt>
   </titleStmt>
   <publicationStmt>
    <authority>
     Lectaurep (Archives nationales, Inria)
    </authority>
    <availability>
     <licence target="https://creativecommons.org/licenses/by/4.0/">
      <p>
       Distributed under a Creative Commons Attribution 4.0 International (CC BY 4.0)
      </p>
     </licence>
    </availability>
    <date when-iso="[1902-01-2020, 1902-02-2020]"/>
   </publicationStmt>
   <seriesStmt>
    <title type="main">
     Répertoires de notaires de Paris
    </title>
   </seriesStmt>
   <sourceDesc>
    <p/>
   </sourceDesc>
  </fileDesc>
  <encodingDesc>
   <projectDesc>
    <p>
     L'encodage de ce document s'est fait dans le cadre du projet LECTAUREP
    </p>
   </projectDesc>
   <editorialDecl>
    <correction>
     <p xml:lang="fr">
      Aucune correction
     </p>
    </correction>
    <hyphenation eol="all" rend="sh">
     <p>
      Toutes les coupures de mots pour fin de ligne (indiquées principalement avec un tiretsimple) ont été conservées.
     </p>
    </hyphenation>
   </editorialDecl>
  </encodingDesc>
  <revisionDesc>
   <change when="2021-06-18T13:47:23.598789+00:00">
    Creation
   </change>
   <change when="2021-06-18T13:47:23.598812+00:00">
    Last change
   </change>
  </revisionDesc>
 </teiHeader>
 <sourceDoc>
  <surfaceGrp type="structure_{type:col_1;}" xml:id="eSc_textblock_0c012a51">
   <surface>
    <graphic height="4302px" url="FRAN_0025_6067_L-1.jpg" width="2973px"/>
    <zone points="164,713 168,681 222,673 225,767 200,752 172,760" xml:id="eSc_line_5271f0d6">
     <line>
      181
     </line>
    </zone>
    <zone points="175,1068 197,1039 254,1036 290,1071 279,1107 179,1122" xml:id="eSc_line_8becf532">
     <line>
      182
     </line>
    </zone>
    <zone points="175,1190 193,1168 247,1186 243,1240 182,1233" xml:id="eSc_line_f6f7c8e6">
     <line>
      1
     </line>
    </zone>
    <zone points="168,1308 175,1258 258,1290 265,1308 258,1347 175,1340" xml:id="eSc_line_3b75c8d4">
     <line>
      1
     </line>
    </zone>
    <zone points="190,1451 197,1376 301,1390 308,1451 294,1480 197,1484" xml:id="eSc_line_e91e736f">
     <line>
      185
     </line>
    </zone>
    <zone points="204,1563 211,1530 297,1520 304,1563 286,1598 211,1595" xml:id="eSc_line_3815e707">
     <line>
      186
     </line>
    </zone>
    <zone points="190,1674 197,1613 297,1616 294,1727 193,1724" xml:id="eSc_line_ceea6f95">
     <line>
      187
     </line>
    </zone>
    <zone points="175,1785 190,1731 283,1727 301,1742 308,1792 290,1824 179,1821" xml:id="eSc_line_39a51e75">
     <line>
      188
     </line>
    </zone>
    <zone points="208,1860 215,1828 301,1828 301,1903 247,1914 215,1896" xml:id="eSc_line_6ce25a79">
     <line>
      189
     </line>
    </zone>
    <zone points="190,1978 197,1921 233,1907 279,1925 315,1903 315,2011 251,2036 197,2014" xml:id="eSc_line_1e4953cf">
     <line>
      190
     </line>
    </zone>
    <zone points="204,2107 211,2032 261,2036 297,2014 297,2154 211,2143" xml:id="eSc_line_52b5a036">
     <line>
      191
     </line>
    </zone>
    <zone points="204,2276 211,2204 297,2204 294,2323 208,2326" xml:id="eSc_line_bef024b9">
     <line>
      192
     </line>
    </zone>
    <zone points="197,2398 211,2330 279,2326 326,2366 319,2434 251,2455 200,2441" xml:id="eSc_line_b016d170">
     <line>
      193
     </line>
    </zone>
    <zone points="190,2527 197,2484 301,2484 308,2531 294,2559 215,2570 193,2556" xml:id="eSc_line_a9a2f213">
     <line>
      194
     </line>
    </zone>
    <zone points="186,2656 190,2624 247,2609 268,2609 290,2652 283,2706 236,2710 193,2692" xml:id="eSc_line_dfd23ffd">
     <line>
      195
     </line>
    </zone>
    <zone points="182,2774 190,2738 222,2731 304,2746 312,2774 304,2817 190,2821" xml:id="eSc_line_c2940a27">
     <line>
      196
     </line>
    </zone>
    <zone points="190,2889 204,2850 283,2860 290,2889 283,2950 197,2932" xml:id="eSc_line_faf5fa54">
     <line>
      197
     </line>
    </zone>
    <zone points="193,3018 204,2971 258,2975 290,2946 290,3054 268,3050 233,3083 200,3050" xml:id="eSc_line_7c00f8ec">
     <line>
      198
     </line>
    </zone>
    <zone points="179,3126 204,3090 290,3093 304,3126 283,3187 186,3165" xml:id="eSc_line_fe09ae3e">
     <line>
      199
     </line>
    </zone>
    <zone points="179,3255 186,3215 215,3190 254,3208 294,3194 294,3283 186,3280" xml:id="eSc_line_27976002">
     <line>
      200
     </line>
    </zone>
    <zone points="182,3391 186,3351 218,3351 290,3359 301,3394 276,3441 186,3438" xml:id="eSc_line_8cddd8f8">
     <line>
      201
     </line>
    </zone>
    <zone points="204,3527 222,3434 304,3452 304,3563 211,3567" xml:id="eSc_line_41801a0f">
     <line>
      202
     </line>
    </zone>
    <zone points="193,3660 200,3620 218,3613 301,3620 297,3681 197,3681" xml:id="eSc_line_e738c97f">
     <line>
      203
     </line>
    </zone>
    <zone points="179,3771 186,3699 301,3710 308,3775 286,3803 182,3800" xml:id="eSc_line_e35bd691">
     <line>
      204
     </line>
    </zone>
    <zone points="186,3857 193,3818 215,3807 297,3807 297,3889 236,3904 193,3889" xml:id="eSc_line_405a6530">
     <line>
      205
     </line>
    </zone>
    <zone points="186,3968 197,3896 272,3911 304,3900 297,4011 186,4011" xml:id="eSc_line_8ae6e948">
     <line>
      206
     </line>
    </zone>
   </surface>
  </surfaceGrp>
  <surfaceGrp type="structure_{type:col_7;}" xml:id="eSc_textblock_b71876ea">
   <surface>
    <graphic height="4302px" url="FRAN_0025_6067_L-1.jpg" width="2973px"/>
    <zone points="2567,1140 2567,1043 2643,1050 2668,1036 2693,1053 2707,1132 2696,1147 2610,1186 2574,1172" xml:id="eSc_line_5f969819">
     <line>
      7.50
     </line>
    </zone>
    <zone points="2553,1258 2560,1215 2711,1208 2707,1279 2664,1294 2628,1279 2556,1290" xml:id="eSc_line_e1daf67b">
     <line>
      302.65
     </line>
    </zone>
    <zone points="2596,1373 2603,1330 2707,1337 2704,1419 2600,1398" xml:id="eSc_line_7ec7325c">
     <line>
      6.25
     </line>
    </zone>
    <zone points="2592,1502 2600,1462 2617,1451 2711,1462 2711,1541 2600,1541" xml:id="eSc_line_21eec92b">
     <line>
      52 75
     </line>
    </zone>
    <zone points="2564,1598 2571,1573 2711,1570 2718,1606 2707,1641 2675,1652 2567,1638" xml:id="eSc_line_09220d2d">
     <line>
      15.63
     </line>
    </zone>
    <zone points="2596,1727 2610,1684 2704,1681 2714,1720 2696,1749 2657,1724 2632,1745 2603,1738" xml:id="eSc_line_551c1183">
     <line>
      3.75
     </line>
    </zone>
    <zone points="2564,1792 2567,1753 2607,1738 2696,1753 2707,1738 2718,1788 2696,1821 2571,1796" xml:id="eSc_line_b0b4d897">
     <line>
      43.75
     </line>
    </zone>
    <zone points="2567,1900 2582,1857 2711,1857 2711,1928 2574,1932" xml:id="eSc_line_4c9db9c9">
     <line>
      708.98
     </line>
    </zone>
    <zone points="2524,2011 2528,1989 2585,1975 2650,1986 2678,1960 2704,1960 2714,2004 2704,2029 2635,2029 2596,2061 2531,2057" xml:id="eSc_line_f3b486d7">
     <line>
      400.63
     </line>
    </zone>
    <zone points="2582,2229 2589,2186 2607,2179 2693,2186 2707,2229 2693,2258 2657,2272 2589,2276" xml:id="eSc_line_21e85fcc">
     <line>
      7.50
     </line>
    </zone>
    <zone points="2592,2369 2596,2305 2682,2315 2707,2301 2711,2412 2664,2419 2632,2398 2600,2409" xml:id="eSc_line_f0d93d06">
     <line>
      7.95
     </line>
    </zone>
    <zone points="2592,2498 2596,2470 2628,2459 2650,2473 2700,2455 2718,2502 2707,2552 2596,2538" xml:id="eSc_line_0f2c39b9">
     <line>
      3.75
     </line>
    </zone>
    <zone points="2553,2620 2560,2534 2574,2548 2614,2538 2671,2591 2704,2591 2711,2620 2700,2674 2671,2649 2592,2674 2556,2656" xml:id="eSc_line_fe802b3c">
     <line>
      75."
     </line>
    </zone>
    <zone points="2564,2749 2571,2710 2707,2706 2704,2774 2567,2781" xml:id="eSc_line_eeccb693">
     <line>
      191.25
     </line>
    </zone>
    <zone points="2582,2868 2592,2828 2707,2832 2707,2896 2610,2907 2589,2889" xml:id="eSc_line_5b0eb8f3">
     <line>
      15.63
     </line>
    </zone>
    <zone points="2603,2989 2639,2939 2718,2936 2718,3061 2610,3022" xml:id="eSc_line_ddd09890">
     <line>
      3.75
     </line>
    </zone>
    <zone points="2564,3111 2571,3061 2714,3065 2714,3126 2571,3133" xml:id="eSc_line_6910dd82">
     <line>
      292.38
     </line>
    </zone>
    <zone points="2589,3240 2596,3197 2617,3183 2704,3187 2711,3240 2696,3280 2657,3262 2596,3269" xml:id="eSc_line_1c62b170">
     <line>
      41.25
     </line>
    </zone>
    <zone points="2521,3344 2535,3265 2657,3265 2704,3305 2711,3344 2678,3398 2635,3380 2567,3398 2542,3377 2528,3391" xml:id="eSc_line_8193b4a6">
     <line>
      548.07
     </line>
    </zone>
    <zone points="2596,3470 2628,3423 2704,3423 2714,3438 2704,3538 2678,3509 2600,3509" xml:id="eSc_line_a06fd7e4">
     <line>
      3.75
     </line>
    </zone>
    <zone points="2600,3602 2603,3556 2678,3559 2707,3545 2718,3595 2675,3645 2639,3649 2607,3631" xml:id="eSc_line_ed4ea128">
     <line>
      3.75
     </line>
    </zone>
    <zone points="2578,3710 2589,3653 2704,3649 2696,3739 2660,3753 2582,3746" xml:id="eSc_line_2f6e7dec">
     <line>
      62.50
     </line>
    </zone>
    <zone points="2578,3778 2585,3757 2707,3746 2707,3814 2585,3807" xml:id="eSc_line_c3669b08">
     <line>
      6.30
     </line>
    </zone>
    <zone points="2539,3904 2546,3864 2704,3861 2704,3932 2653,3932 2632,3954 2546,3947" xml:id="eSc_line_36d07175">
     <line>
      4521.13
     </line>
    </zone>
    <zone points="2582,4025 2592,3957 2711,3972 2704,4090 2660,4090 2635,4061 2585,4065" xml:id="eSc_line_a0fabfae">
     <line>
      3.75
     </line>
    </zone>
   </surface>
  </surfaceGrp>
  <surfaceGrp type="structure_{type:col_3;}" xml:id="eSc_textblock_b2c1635f">
   <surface>
    <graphic height="4302px" url="FRAN_0025_6067_L-1.jpg" width="2973px"/>
    <zone points="552,717 559,562 659,663 713,659 742,684 760,666 781,677 835,627 860,652 900,645 925,673 968,681 1007,645 1036,673 1072,677 1079,717 1054,756 885,745 849,749 817,777 735,749 652,745 624,763 555,742" xml:id="eSc_line_d6572273">
     <line>
      31 (S^t du 12 mai 94) Mainlevée
     </line>
    </zone>
    <zone points="509,1064 520,1000 580,1000 580,1093 563,1111 516,1107" xml:id="eSc_line_f6dff8a9">
     <line>
      1^e
     </line>
    </zone>
    <zone points="563,1211 566,1140 616,1140 663,1175 745,1157 828,1175 839,1208 832,1233 810,1240 760,1226 570,1240" xml:id="eSc_line_64f8dd49">
     <line>
      (S^te du 19 9^bre 1901)
     </line>
    </zone>
    <zone points="555,1315 559,1290 624,1272 688,1294 803,1283 832,1322 821,1376 767,1362 695,1376 638,1347 559,1351" xml:id="eSc_line_83e0840d">
     <line>
      (S^te du 25 Juillet 96)
     </line>
    </zone>
    <zone points="494,1573 498,1523 814,1530 824,1570 817,1606 771,1598 713,1616 688,1591 584,1588 555,1613 502,1620" xml:id="eSc_line_6bbb1875">
     <line>
      (S^te du 8 août 1901)
     </line>
    </zone>
    <zone points="502,1674 505,1627 563,1627 595,1656 799,1641 824,1677 814,1699 735,1699 688,1720 659,1710 573,1724 545,1702 505,1724" xml:id="eSc_line_388838cb">
     <line>
      (S^te du précédent
     </line>
    </zone>
    <zone points="505,1796 512,1724 806,1724 817,1799 806,1842 509,1842" xml:id="eSc_line_8973bfab">
     <line>
      (S^te du 18 X^bre 1901)
     </line>
    </zone>
    <zone points="502,2280 509,2215 570,2194 631,2215 667,2215 692,2194 749,2215 799,2194 799,2326 724,2326 677,2301 509,2305" xml:id="eSc_line_b7b2ffb6">
     <line>
      (S^te du 3 aout 74)
     </line>
    </zone>
    <zone points="502,2412 509,2351 559,2355 602,2380 656,2380 681,2355 731,2380 821,2366 839,2373 846,2416 835,2434 505,2434" xml:id="eSc_line_95e07eb7">
     <line>
      Consentement
     </line>
    </zone>
    <zone points="523,2455 555,2423 785,2444 728,2448 674,2505 530,2505" xml:id="eSc_line_77fbf689">
     <line>
      à mariage
     </line>
    </zone>
    <zone points="505,2663 512,2584 663,2584 699,2620 796,2620 803,2663 771,2706 688,2706 634,2681 537,2685 512,2706" xml:id="eSc_line_c10b545b">
     <line>
      (S^te du 11 8^bre 99)
     </line>
    </zone>
    <zone points="509,2900 516,2817 591,2832 649,2817 667,2832 835,2824 835,2946 753,2946 735,2928 516,2928" xml:id="eSc_line_deec7010">
     <line>
      Procuration
     </line>
    </zone>
    <zone points="505,3273 509,3212 563,3226 620,3219 674,3240 785,3240 828,3222 839,3269 803,3308 756,3291 742,3305 699,3291 638,3291 613,3308 512,3298" xml:id="eSc_line_5dae2526">
     <line>
      (S^te du 18 mars 1901)
     </line>
    </zone>
    <zone points="509,3541 516,3452 548,3434 573,3455 641,3455 670,3438 706,3455 738,3455 756,3438 817,3441 814,3556 512,3552" xml:id="eSc_line_791ebf3f">
     <line>
      Desistement
     </line>
    </zone>
    <zone points="512,3577 516,3552 799,3549 817,3570 767,3592 520,3592" xml:id="eSc_line_28d74e10">
     <line>
      de nantissement
     </line>
    </zone>
    <zone points="509,3660 516,3620 541,3602 580,3638 620,3624 821,3628 832,3667 821,3710 771,3696 745,3714 699,3696 645,3717 595,3692 512,3696" xml:id="eSc_line_cf55b402">
     <line>
      (S^te du 19 fév. 1900)
     </line>
    </zone>
    <zone points="505,3782 512,3717 541,3699 627,3714 667,3753 821,3749 828,3782 799,3839 731,3807 620,3818 595,3843 559,3814 512,3825" xml:id="eSc_line_e7a32355">
     <line>
      (S^te du 18 mars 1901)
     </line>
    </zone>
   </surface>
  </surfaceGrp>
  <surfaceGrp type="structure_{type:col_5;}" xml:id="eSc_textblock_093c61d6">
   <surface>
    <graphic height="4302px" url="FRAN_0025_6067_L-1.jpg" width="2973px"/>
    <zone points="1222,641 1230,609 1255,591 1344,609 1395,584 1438,584 1560,609 1620,580 1671,580 1714,609 1757,609 1803,580 1918,580 1965,605 2126,609 2133,641 2123,673 2001,663 1965,677 1940,663 1925,677 1832,677 1724,663 1642,677 1574,663 1524,677 1445,663 1412,677 1230,677" xml:id="eSc_line_7d633250">
     <line>
      An 1902, mois de Janvier
     </line>
    </zone>
    <zone points="1187,717 1190,684 1233,670 1251,684 1301,666 1362,684 1402,684 1423,666 1509,666 1524,681 1631,666 1742,670 1757,684 2015,684 2040,666 2072,684 2108,666 2158,681 2180,663 2352,677 2374,717 2363,745 2262,745 2248,731 2209,745 2155,734 2140,749 2051,734 2015,749 1932,734 1889,749 1685,749 1642,734 1305,749 1287,734 1190,734" xml:id="eSc_line_0bf0bb99">
     <line>
      Hocquet (par Adèle Josephine Antoinette Aline Ruget ep de Constant
     </line>
    </zone>
    <zone points="1158,785 1161,745 1194,731 1276,734 1305,752 1384,752 1420,734 1441,752 1642,734 1667,752 1717,742 1757,756 1900,752 1915,738 1961,738 1979,756 2026,738 2130,756 2148,738 2241,738 2305,756 2316,788 2288,817 2255,803 2184,817 2029,803 2011,820 1968,806 1947,828 1918,817 1893,831 1778,820 1753,799 1699,828 1545,828 1445,799 1395,799 1355,820 1323,799 1265,799 1248,817 1230,806 1161,824" xml:id="eSc_line_631ab882">
     <line>
      Juda Ernest) à Paris rue de g^l foy 8 dansi cf Georges Alexandre Louveau
     </line>
    </zone>
    <zone points="1477,899 1481,853 1513,846 1577,860 1807,860 1821,846 1850,856 1954,842 2004,853 2015,896 1997,914 1886,924 1836,910 1796,921 1696,910 1674,924 1481,917" xml:id="eSc_line_e24edbbe">
     <line>
      Année 1902
     </line>
    </zone>
    <zone points="1495,960 1513,903 1703,942 1732,914 1793,921 1843,896 1875,924 2036,914 2069,950 2054,989 2008,996 1803,978 1768,993 1499,993" xml:id="eSc_line_5e330bc1">
     <line>
      Mois de Février
     </line>
    </zone>
    <zone points="1212,1075 1215,993 1237,985 1298,1007 1344,985 1391,1007 1445,993 1495,1003 1531,985 1653,1003 1689,985 1750,1007 1768,989 1811,1003 1879,985 1983,989 2036,1025 2359,1025 2370,1068 2359,1104 2166,1104 2126,1089 2105,1104 2026,1104 2008,1089 1807,1104 1710,1089 1215,1100" xml:id="eSc_line_e12d114d">
     <line>
      Piéron (après le décès arrivé à Paris b^d S^t Martin 37 le 23 Janv 1902
     </line>
    </zone>
    <zone points="1169,1136 1172,1097 1222,1104 1244,1089 1273,1104 1380,1089 1412,1114 1456,1114 1473,1097 1620,1111 1667,1093 1832,1111 1857,1089 1904,1111 2015,1089 2076,1097 2097,1132 2087,1165 2011,1154 1943,1168 1900,1154 1789,1168 1699,1154 1664,1175 1577,1154 1534,1186 1463,1150 1362,1165 1334,1140 1305,1161 1269,1165 1248,1147 1172,1168" xml:id="eSc_line_d0191db6">
     <line>
      de Charles Edouard) ép de Clémentine Léonie Conte
     </line>
    </zone>
    <zone points="1194,1193 1201,1168 1255,1150 1341,1150 1380,1168 1466,1150 1499,1168 1685,1168 1707,1154 1789,1168 1911,1157 1929,1172 2001,1157 2148,1168 2166,1154 2295,1172 2334,1154 2370,1172 2377,1197 2366,1218 2316,1229 1721,1229 1542,1215 1197,1226" xml:id="eSc_line_bb8b40a7">
     <line>
      Imbault (par Maurice Pavie à Villemomble av. du Raincy 37 et
     </line>
    </zone>
    <zone points="1172,1269 1179,1222 1219,1236 1240,1222 1473,1236 1516,1218 1595,1218 1617,1236 1739,1218 1775,1236 1811,1222 1825,1236 1954,1222 1990,1236 2029,1222 2058,1236 2158,1236 2180,1218 2237,1218 2252,1233 2288,1218 2331,1236 2370,1218 2381,1265 2370,1287 1176,1279" xml:id="eSc_line_2389b9ba">
     <line>
      V^e de Jules Joseph Guilhem Cros legataire universelle de Alfred) de dudit legs
     </line>
    </zone>
    <zone points="1194,1322 1197,1294 1237,1279 1337,1279 1359,1294 1452,1294 1466,1279 1495,1294 1581,1279 1656,1294 1681,1279 1728,1294 1911,1294 2345,1276 2356,1312 2345,1333 2298,1330 2280,1347 2227,1330 2140,1347 2004,1330 1940,1351 1807,1351 1760,1333 1692,1351 1664,1333 1635,1347 1549,1337 1534,1351 1463,1333 1348,1351 1280,1333 1237,1351 1197,1333" xml:id="eSc_line_82cee135">
     <line>
      Muller (pour Jean Charles Louis) et son ép. à Paris Av. de la Motte
     </line>
    </zone>
    <zone points="1165,1390 1169,1340 1237,1355 1359,1344 1373,1358 1473,1358 1491,1340 1524,1358 1549,1340 1577,1358 1846,1340 1918,1358 1929,1387 1875,1419 1832,1401 1771,1416 1753,1401 1610,1405 1560,1419 1538,1401 1463,1419 1280,1419 1233,1401 1215,1419 1169,1419" xml:id="eSc_line_35d5a328">
     <line>
      Piquietz d'inscrip^on hyp^e contre Delmas
     </line>
    </zone>
    <zone points="1183,1451 1187,1419 1233,1401 1280,1419 1491,1419 1531,1401 1563,1419 1610,1401 1660,1419 1685,1401 1753,1401 1789,1419 1875,1419 1911,1401 2011,1401 2029,1419 2072,1401 2101,1416 2173,1401 2191,1419 2280,1419 2316,1401 2356,1444 2345,1473 2262,1473 2244,1455 2126,1469 2105,1455 1922,1455 1889,1473 1775,1473 1757,1455 1710,1469 1685,1455 1646,1469 1574,1459 1560,1473 1187,1462" xml:id="eSc_line_f6a255ec">
     <line>
      Lerminez (par Jules) et son ép. à Paris rue de Charonne 71 et
     </line>
    </zone>
    <zone points="1169,1512 1183,1462 1237,1462 1265,1484 1294,1469 1337,1484 1355,1466 1391,1484 1445,1469 1488,1484 1524,1466 1595,1484 1768,1484 1789,1469 1861,1484 1958,1459 2187,1459 2201,1502 2133,1527 1961,1516 1940,1530 1642,1520 1172,1530" xml:id="eSc_line_8fd118a5">
     <line>
      Etienne Meanley et son ép. à Paris rue de la Boétie 98
     </line>
    </zone>
    <zone points="1190,1563 1194,1534 1219,1523 1448,1534 1470,1520 1484,1534 1552,1534 1635,1516 1667,1534 1696,1516 1846,1516 1864,1534 1976,1516 2026,1516 2044,1534 2216,1516 2234,1534 2284,1534 2366,1516 2377,1559 2320,1588 2241,1570 2198,1584 2176,1570 2123,1584 2097,1570 2001,1570 1986,1584 1961,1570 1925,1588 1868,1573 1742,1588 1703,1570 1620,1570 1563,1588 1542,1570 1459,1588 1194,1588" xml:id="eSc_line_486448cd">
     <line>
      bourdin (par Eugène Achille) et son ép. à Paris r. S^t Romain 9 et
     </line>
    </zone>
    <zone points="1172,1627 1176,1598 1233,1580 1276,1598 1316,1580 1355,1598 1430,1598 1524,1577 1581,1595 1667,1577 1800,1595 1818,1577 1983,1591 2001,1573 2097,1573 2112,1588 2176,1573 2205,1591 2237,1573 2323,1588 2334,1609 2323,1638 2298,1627 2230,1641 1176,1641" xml:id="eSc_line_878228d9">
     <line>
      autres à Armand Ferdinand Trouvé et son ép. à Malakoff de 2500
     </line>
    </zone>
    <zone points="1194,1674 1197,1649 1237,1634 1423,1649 1603,1649 1617,1634 1638,1649 1814,1649 1868,1634 1904,1649 1954,1634 1972,1649 2022,1634 2036,1649 2130,1649 2144,1634 2266,1649 2305,1634 2359,1663 2348,1688 2259,1688 2201,1706 2058,1706 2033,1688 1961,1688 1943,1706 1864,1692 1768,1706 1703,1688 1653,1702 1617,1688 1585,1706 1491,1692 1448,1706 1355,1706 1341,1692 1197,1702" xml:id="eSc_line_260fc536">
     <line>
      Hébert (par Auguste Lucien) et son épouse à Paris rue
     </line>
    </zone>
    <zone points="1172,1742 1176,1699 1226,1713 1291,1699 1308,1717 1441,1717 1488,1695 1520,1695 1538,1713 1563,1699 1577,1713 1610,1695 1811,1710 1857,1692 1875,1710 1943,1710 1954,1731 1922,1753 1179,1760" xml:id="eSc_line_89b581c4">
     <line>
      de Chambery 66 de la dite quittance
     </line>
    </zone>
    <zone points="1204,1788 1226,1756 1470,1767 1484,1753 1520,1767 1671,1753 1689,1767 1760,1767 1775,1753 1796,1767 1893,1753 1943,1767 1993,1753 2126,1753 2151,1767 2169,1753 2201,1767 2227,1753 2252,1785 2219,1814 2158,1803 2097,1817 2026,1803 1943,1803 1925,1817 1889,1803 1857,1817 1721,1803 1707,1817 1678,1803 1585,1803 1567,1817 1208,1810" xml:id="eSc_line_fc871903">
     <line>
      Trouvé (du prêt conditionnel par le C. foncier
     </line>
    </zone>
    <zone points="1204,1853 1208,1821 1255,1803 1305,1821 1463,1821 1477,1806 1556,1821 1585,1803 1667,1803 1703,1821 1742,1803 1821,1803 1846,1821 1868,1803 1915,1821 1965,1821 1983,1803 2065,1821 2158,1803 2176,1821 2216,1821 2234,1806 2244,1817 2259,1803 2334,1803 2402,1821 2413,1846 2381,1878 2331,1864 2169,1878 2076,1878 2062,1864 1904,1864 1886,1878 1843,1864 1699,1864 1685,1878 1208,1878" xml:id="eSc_line_ddec3ade">
     <line>
      Camus (des SS^on confondues de henri Lucien) et son ép. tous deux
     </line>
    </zone>
    <zone points="1172,1925 1179,1874 1330,1885 1352,1867 1405,1885 1452,1885 1470,1867 1520,1885 1560,1867 1628,1867 1646,1885 1696,1885 1721,1867 1760,1885 1839,1871 1879,1885 1936,1867 2001,1882 2062,1867 2080,1885 2166,1885 2184,1871 2230,1885 2302,1867 2323,1903 2305,1928 2230,1925 2216,1939 2194,1925 2076,1925 2054,1939 1983,1925 1872,1939 1635,1925 1592,1939 1373,1939 1287,1925 1273,1939 1176,1939" xml:id="eSc_line_c4207e28">
     <line>
      décédés le 1^er au Parc S^t Maur le 13 mai 92 et Mad à Paris rue Mozart 113
     </line>
    </zone>
    <zone points="1201,1982 1208,1939 1269,1943 1283,1928 1362,1943 1427,1928 1484,1943 1588,1943 1603,1928 1617,1943 1660,1928 1692,1943 1753,1943 1768,1928 1872,1943 1893,1925 1958,1939 2015,1925 2044,1943 2090,1943 2119,1925 2198,1925 2212,1939 2255,1925 2298,1943 2316,1925 2366,1925 2377,1968 2366,1996 2305,1982 2194,1982 2180,1996 2047,1982 1929,1982 1915,1996 1889,1982 1807,1996 1204,1996" xml:id="eSc_line_8485bf43">
     <line>
      Thivent (de Antoine) à Macon (S. et Loire) en de l'héridon 8 et
     </line>
    </zone>
    <zone points="1176,2032 1179,2007 1248,1996 1369,2007 1405,1989 1423,2007 1610,2007 1628,1989 1656,2007 1721,2007 1764,1986 1897,1986 1915,2004 1936,1986 2054,1986 2080,1989 2090,2025 2072,2047 2019,2054 1940,2043 1889,2057 1868,2039 1610,2039 1552,2057 1312,2057 1269,2043 1179,2054" xml:id="eSc_line_f7f2b51a">
     <line>
      Maria Laffon à Paris rue des Boulets 10
     </line>
    </zone>
    <zone points="1201,2104 1204,2064 1251,2043 1316,2057 1344,2047 1380,2064 1438,2064 1456,2047 1516,2064 1620,2064 1642,2043 1868,2043 1893,2064 1940,2047 2015,2061 2065,2047 2087,2064 2140,2064 2201,2043 2230,2064 2341,2064 2352,2097 2341,2122 2313,2125 2209,2125 2191,2111 2173,2125 2094,2111 2044,2125 1979,2111 1950,2125 1857,2111 1742,2111 1721,2125 1703,2111 1606,2125 1204,2125" xml:id="eSc_line_fb1fcaf1">
     <line>
      Bourgeois (par Louis) à Blois (Loir et Cher) et son épouse
     </line>
    </zone>
    <zone points="1169,2161 1172,2125 1197,2118 1215,2136 1244,2122 1291,2136 1330,2118 1377,2136 1402,2115 1438,2115 1463,2136 1524,2136 1545,2118 1574,2136 1649,2136 1689,2115 1735,2136 1836,2136 1857,2115 1889,2133 1972,2118 2015,2136 2062,2115 2169,2133 2201,2115 2234,2136 2262,2115 2302,2115 2327,2136 2356,2133 2366,2161 2356,2183 2298,2179 2280,2197 2248,2179 2158,2197 1936,2179 1879,2179 1857,2197 1753,2179 1567,2179 1534,2197 1326,2197 1287,2183 1273,2197 1222,2179 1204,2197 1172,2197" xml:id="eSc_line_df979727">
     <line>
      d'alexandre Lucien Camus à Paris rue Robera 15 à legs faits par
     </line>
    </zone>
    <zone points="1172,2233 1179,2208 1219,2190 1294,2208 1362,2194 1377,2208 1402,2194 1527,2208 1549,2190 1617,2190 1653,2208 1685,2201 1692,2233 1685,2254 1179,2251" xml:id="eSc_line_4cdc0f70">
     <line>
      Madame veuve Camus
     </line>
    </zone>
    <zone points="1215,2290 1219,2258 1269,2244 1323,2262 1534,2262 1567,2247 1692,2262 1760,2247 1778,2262 1807,2247 1843,2265 1950,2265 1965,2251 2065,2251 2080,2265 2248,2251 2273,2265 2295,2251 2356,2265 2366,2297 2356,2319 2338,2308 2295,2323 2237,2308 2148,2308 2130,2323 2080,2308 1997,2308 1979,2323 1911,2308 1864,2323 1850,2308 1832,2323 1800,2305 1308,2319 1280,2301 1219,2315" xml:id="eSc_line_d8c6ed59">
     <line>
      Séjournée (à la SS^on de Louis) par Pierre Davant à Alger
     </line>
    </zone>
    <zone points="1172,2351 1176,2326 1248,2312 1355,2326 1534,2326 1549,2312 1660,2326 1714,2326 1728,2312 2126,2326 2176,2312 2212,2326 2270,2312 2280,2355 2270,2394 2223,2394 2198,2376 2044,2376 2019,2394 1922,2376 1875,2394 1821,2373 1735,2376 1710,2394 1466,2373 1308,2394 1287,2373 1240,2373 1222,2391 1176,2373" xml:id="eSc_line_b969f3fa">
     <line>
      rue d'Isly 29 et autres de legs particuliers faits par ledit M)
     </line>
    </zone>
    <zone points="1204,2423 1233,2380 1294,2380 1348,2401 1384,2380 1459,2401 1509,2401 1538,2380 1595,2380 1617,2401 1699,2401 1717,2384 1778,2401 1836,2380 1861,2401 1932,2387 2051,2401 2076,2384 2158,2401 2209,2380 2234,2401 2320,2398 2338,2430 2327,2459 2255,2444 2158,2459 2130,2444 2105,2459 2011,2459 1993,2444 1828,2444 1803,2459 1470,2444 1456,2459 1398,2459 1337,2444 1276,2459 1262,2444 1208,2444" xml:id="eSc_line_0fce640c">
     <line>
      Herpin (par Adèle Goussin f^me de Charles Nicolas) à Paris av.
     </line>
    </zone>
    <zone points="1176,2491 1179,2448 1262,2448 1291,2470 1330,2470 1352,2448 1427,2470 1509,2448 1577,2448 1628,2470 1793,2470 1857,2448 1889,2470 1958,2470 1997,2448 2026,2470 2065,2470 2123,2448 2148,2470 2230,2455 2262,2495 2252,2520 1814,2520 1800,2505 1581,2505 1538,2520 1308,2505 1280,2520 1179,2505" xml:id="eSc_line_ac0f5ba4">
     <line>
      Philippe Auguste 7 au mariage de Georges Herpin son fils
     </line>
    </zone>
    <zone points="1187,2552 1194,2505 1280,2520 1391,2505 1409,2523 1466,2509 1502,2523 1803,2509 1818,2523 1882,2513 1897,2527 2280,2516 2341,2527 2348,2559 2327,2588 2201,2566 2173,2588 2076,2588 2062,2574 1961,2588 1940,2570 1886,2588 1861,2563 1818,2581 1785,2563 1631,2563 1606,2581 1534,2566 1516,2584 1456,2584 1434,2563 1395,2577 1348,2559 1301,2574 1276,2559 1190,2559" xml:id="eSc_line_2aecb7e8">
     <line>
      Sigonney (par Victor) à Epinal (Vosges) r. des Jardiniers 9
     </line>
    </zone>
    <zone points="1172,2613 1183,2563 1255,2563 1291,2584 1326,2563 1380,2584 1438,2563 1473,2591 1567,2566 1599,2588 1638,2563 1696,2588 1721,2563 1771,2577 1789,2566 1814,2591 1846,2566 1893,2591 1947,2574 1968,2591 2040,2591 2065,2574 2090,2591 2169,2591 2176,2613 2158,2645 2137,2631 2097,2645 1932,2645 1918,2631 1807,2645 1538,2631 1463,2645 1445,2627 1402,2642 1179,2627" xml:id="eSc_line_40cd438e">
     <line>
      à Ferdinand Grimaldi à Paris b^d Magenta 111 de 5000 +
     </line>
    </zone>
    <zone points="1190,2674 1194,2634 1215,2627 1305,2627 1330,2645 1352,2631 1402,2645 1420,2627 1513,2645 1560,2627 1588,2649 1674,2631 1714,2649 1825,2649 1889,2631 1907,2649 1965,2652 1986,2638 2004,2652 2284,2642 2331,2652 2341,2688 2331,2706 2259,2710 1961,2695 1613,2706 1567,2692 1219,2703 1194,2688" xml:id="eSc_line_5d7ea4d1">
     <line>
      Bloche Ringard et C^ie (entre la S^te) par V^ve de Achille Joseph
     </line>
    </zone>
    <zone points="1172,2742 1176,2699 1262,2713 1520,2699 1538,2717 1563,2703 1667,2703 1692,2717 1710,2699 1796,2717 1828,2703 1850,2717 2011,2717 2029,2703 2054,2717 2069,2703 2140,2699 2184,2717 2359,2713 2370,2742 2359,2764 2277,2767 1742,2767 1724,2749 1560,2764 1545,2749 1477,2749 1402,2767 1176,2749" xml:id="eSc_line_14747f5f">
     <line>
      Hannope à Nanterre place de la fête 3 solid^e avec la SS^on de son mari
     </line>
    </zone>
    <zone points="1208,2785 1240,2753 1273,2771 1348,2756 1398,2771 1581,2756 1595,2771 1667,2774 1900,2774 1961,2760 2004,2778 2280,2764 2359,2778 2370,2803 2359,2828 1212,2810" xml:id="eSc_line_16bd6482">
     <line>
      Herpin (de Georges) à Paris aven. Philippe Auguste 52 et de
     </line>
    </zone>
    <zone points="1172,2860 1176,2814 1194,2810 1330,2810 1355,2828 1398,2810 1459,2810 1477,2828 1585,2828 1599,2814 1681,2828 1721,2810 1742,2828 1775,2814 1818,2828 1872,2814 1893,2828 2047,2828 2072,2810 2090,2828 2155,2828 2166,2857 2158,2882 1628,2882 1610,2868 1430,2868 1416,2882 1373,2868 1237,2868 1179,2882" xml:id="eSc_line_a81a4ae8">
     <line>
      Julie Archimbault à S^t Mandé G^de rue N° 110
     </line>
    </zone>
    <zone points="1204,2914 1212,2875 1244,2864 1352,2868 1387,2885 1456,2885 1509,2864 1610,2868 1631,2885 1714,2875 1728,2889 1864,2889 1889,2871 1965,2871 2004,2889 2029,2871 2058,2893 2108,2878 2123,2889 2151,2871 2209,2871 2227,2889 2366,2871 2374,2928 2348,2950 2298,2954 2130,2939 2029,2954 1961,2936 1846,2950 1681,2950 1628,2932 1208,2936" xml:id="eSc_line_655c630d">
     <line>
      Antoine dit Chevalon (par V^e de Eugène Pierre) à Paris
     </line>
    </zone>
    <zone points="1179,2979 1183,2943 1222,2936 1301,2936 1366,2957 1466,2957 1495,2939 1581,2957 1599,2939 1635,2939 1724,2961 1785,2961 1818,2943 1929,2943 1954,2961 2001,2943 2047,2964 2105,2950 2133,2964 2248,2964 2374,2946 2384,2993 2305,3011 2155,3011 2140,2997 2097,3011 1972,3007 1918,2993 1846,3007 1581,2989 1183,2993" xml:id="eSc_line_7f708f27">
     <line>
      rue Vaucanson 6 en bl. p. recueillir SS^on echue à ses enfants min.
     </line>
    </zone>
    <zone points="1219,3029 1222,3007 1255,2989 1531,3004 1581,2993 1699,3011 1889,3011 1907,2993 1961,3011 2047,3011 2140,2993 2158,3011 2359,3011 2370,3040 2352,3068 2320,3054 2291,3068 2180,3068 2166,3054 2011,3054 1993,3068 1954,3054 1843,3068 1793,3054 1775,3068 1678,3068 1660,3054 1617,3068 1563,3054 1484,3068 1441,3050 1380,3065 1352,3050 1222,3054" xml:id="eSc_line_8bf70ef4">
     <line>
      Matuchet (à Florentin Michel) à Paris rue de Bercy 161 par
     </line>
    </zone>
    <zone points="1179,3097 1183,3054 1244,3054 1258,3068 1305,3054 1373,3068 1412,3054 1456,3068 1538,3054 1592,3068 1653,3054 1681,3068 1993,3068 2022,3054 2069,3068 2166,3054 2187,3068 2234,3054 2244,3101 2234,3126 2001,3111 1936,3111 1922,3126 1843,3111 1814,3126 1183,3118" xml:id="eSc_line_01ab70fa">
     <line>
      Théophile Marie Vincent et son ép. et consorts de 46.379 +
     </line>
    </zone>
    <zone points="1230,3151 1237,3115 1298,3122 1319,3108 1337,3122 1445,3111 1495,3126 1628,3115 1721,3129 1857,3115 1893,3133 2054,3118 2069,3133 2123,3122 2140,3136 2259,3122 2316,3136 2338,3122 2366,3136 2374,3165 2345,3190 2291,3183 2252,3197 2072,3197 2044,3179 1879,3190 1861,3176 1699,3194 1678,3176 1620,3172 1592,3190 1233,3187" xml:id="eSc_line_f3cd57ab">
     <line>
      Grimaldi (par Ferdinand) à Paris boul. Magenta 111 à Alexandre
     </line>
    </zone>
    <zone points="1179,3222 1183,3187 1201,3179 1226,3197 1255,3183 1330,3194 1344,3179 1398,3197 1430,3179 1470,3201 1527,3179 1560,3201 1610,3179 1664,3201 1760,3201 1782,3179 1821,3179 1846,3201 1907,3179 1929,3197 2001,3201 2040,3179 2072,3201 2155,3187 2173,3226 2162,3251 1183,3240" xml:id="eSc_line_b275771d">
     <line>
      Clément Quedeville à Paris rue Erhard 28 de 6000+
     </line>
    </zone>
    <zone points="1204,3273 1219,3244 1248,3251 1298,3226 1334,3251 1380,3230 1448,3255 1671,3255 1707,3240 1907,3258 1922,3244 2026,3244 2062,3262 2126,3244 2212,3255 2230,3237 2352,3237 2363,3291 2331,3319 2230,3305 2205,3323 2169,3305 2137,3305 2119,3323 2058,3305 2019,3323 1997,3301 1965,3323 1807,3323 1728,3298 1681,3301 1664,3319 1613,3301 1592,3319 1538,3305 1434,3319 1395,3294 1208,3305" xml:id="eSc_line_532bf87f">
     <line>
      Méillion (au profit de Jean Joseph dit Emile) à Paris
     </line>
    </zone>
    <zone points="1176,3348 1179,3316 1215,3323 1248,3305 1298,3323 1326,3301 1402,3301 1434,3323 1499,3323 1513,3308 1664,3319 1692,3301 1742,3319 1785,3298 1803,3298 1814,3348 1803,3366 1768,3369 1642,3355 1620,3369 1552,3359 1516,3373 1298,3373 1240,3359 1179,3373" xml:id="eSc_line_3907c77e">
     <line>
      rue de Bondy 36 moy^t 20.100 +
     </line>
    </zone>
    <zone points="1204,3409 1208,3380 1240,3362 1280,3362 1301,3380 1316,3366 1441,3380 1481,3362 1513,3380 1556,3380 1574,3362 1595,3380 1628,3362 1671,3380 1760,3366 1793,3380 1850,3362 2022,3380 2040,3362 2080,3362 2126,3380 2305,3369 2366,3380 2377,3412 2366,3441 2327,3427 2298,3441 2158,3441 2119,3427 2065,3441 2029,3427 1893,3427 1875,3441 1800,3427 1696,3427 1681,3441 1624,3427 1563,3441 1208,3430" xml:id="eSc_line_47a8c34a">
     <line>
      Dumas Descombles (présenté par V^e de Emile Joseph) au Mans
     </line>
    </zone>
    <zone points="1172,3484 1176,3430 1265,3448 1316,3430 1369,3448 1653,3445 1703,3430 1750,3452 1803,3438 1861,3452 1889,3434 2029,3434 2058,3452 2133,3452 2155,3438 2216,3452 2244,3434 2345,3434 2374,3477 2363,3502 2015,3491 1965,3509 1950,3495 1929,3506 1864,3491 1750,3509 1707,3506 1689,3488 1620,3488 1499,3506 1276,3506 1251,3488 1176,3506" xml:id="eSc_line_5d3d7a1b">
     <line>
      (Sarthe) b^d Negrier 59 conc^t M^elle Joséphine Marie Dumas Descombes la fille
     </line>
    </zone>
    <zone points="1222,3545 1233,3495 1355,3513 1377,3495 1427,3495 1445,3513 1552,3513 1674,3491 1710,3509 1832,3506 1857,3491 1993,3509 2026,3491 2054,3509 2094,3488 2180,3506 2273,3488 2288,3502 2331,3495 2352,3531 2313,3570 2284,3549 2191,3577 2019,3581 1986,3559 1943,3581 1889,3559 1872,3574 1800,3563 1778,3581 1721,3556 1703,3570 1326,3556 1305,3574 1248,3556 1226,3577" xml:id="eSc_line_244d4445">
     <line>
      Grimaldi (par Ferdinand) à Paris boul^d Magenta 111
     </line>
    </zone>
    <zone points="1176,3602 1179,3559 1212,3577 1244,3559 1323,3577 1348,3559 1398,3559 1427,3577 1570,3577 1599,3559 1628,3577 1707,3567 1717,3599 1707,3628 1179,3628" xml:id="eSc_line_94fb555d">
     <line>
      contre Pierre Boucherells
     </line>
    </zone>
    <zone points="1208,3663 1212,3635 1251,3620 1398,3635 1667,3620 1681,3635 1875,3635 1907,3620 1932,3635 2176,3635 2356,3620 2366,3667 2348,3688 2313,3696 2284,3681 2266,3699 2123,3699 2094,3681 2051,3681 2026,3699 1904,3699 1886,3681 1832,3699 1800,3685 1660,3699 1613,3681 1567,3699 1445,3681 1380,3699 1240,3681 1212,3696" xml:id="eSc_line_c8e0c305">
     <line>
      Petit (par Louis Désiré) à Mitry Mory (S. et M.) à M. Louis
     </line>
    </zone>
    <zone points="1187,3731 1190,3706 1215,3688 1269,3688 1283,3703 1330,3688 1348,3706 1484,3688 1506,3710 1617,3710 1646,3692 1724,3710 1746,3688 1918,3710 1940,3696 1990,3706 2036,3692 2054,3710 2115,3710 2126,3724 2054,3749 2033,3735 2001,3749 1911,3735 1854,3749 1746,3749 1732,3735 1703,3749 1581,3749 1545,3735 1499,3749 1305,3749 1291,3735 1190,3749" xml:id="eSc_line_4e78413c">
     <line>
      Segrain à Paris rue Coriolis 30 de 10.000 +
     </line>
    </zone>
    <zone points="1208,3782 1215,3749 1280,3735 1312,3757 1412,3742 1488,3757 1527,3735 1567,3757 1703,3753 1717,3739 1760,3757 1854,3757 1875,3739 1997,3757 2033,3739 2054,3757 2083,3731 2205,3731 2216,3778 2205,3814 2008,3814 1993,3800 1893,3814 1753,3814 1717,3800 1660,3814 1638,3800 1402,3814 1244,3800 1226,3814 1212,3800" xml:id="eSc_line_ac9c4c64">
     <line>
      Dumas Descombes (de l'Etat liquidatif)
     </line>
    </zone>
    <zone points="1237,3853 1240,3821 1312,3821 1337,3800 1387,3821 1477,3821 1513,3803 1581,3821 1613,3800 1703,3821 1739,3800 1796,3818 1828,3800 1879,3818 1915,3800 1993,3800 2015,3821 2080,3821 2115,3800 2137,3821 2227,3807 2270,3821 2291,3803 2370,3800 2381,3843 2341,3875 1240,3868" xml:id="eSc_line_a3204393">
     <line>
      Lebrun (de Albert François) à Paris rue Vaneau 45 et M^lles
     </line>
    </zone>
    <zone points="1179,3911 1183,3871 1757,3882 1893,3868 2305,3868 2338,3878 2348,3904 2338,3939 2270,3925 2227,3939 2087,3939 2072,3925 1832,3939 1764,3925 1717,3943 1560,3943 1502,3925 1466,3939 1441,3925 1359,3925 1344,3939 1330,3925 1248,3925 1230,3943 1183,3943" xml:id="eSc_line_f05ad2f9">
     <line>
      Jeanne Emilie Marguerite Novoit à Paris rue de la Planche 4
     </line>
    </zone>
    <zone points="1222,3975 1240,3932 1305,3932 1326,3950 1352,3932 1412,3932 1445,3954 1470,3932 1574,3954 1660,3954 1714,3936 1825,3954 1850,3932 1925,3954 1954,3939 1972,3954 2019,3932 2080,3932 2101,3954 2280,3954 2323,3939 2366,3950 2377,3990 2366,4011 2244,4011 2205,3997 2155,4011 1986,4011 1958,3997 1936,4011 1918,3993 1782,4011 1768,3997 1750,4011 1732,3993 1341,3993 1316,4011 1291,3997 1226,4011" xml:id="eSc_line_b6e1e9a5">
     <line>
      Deschamps (par Jacques Charles) à Ris Orangis (S et O)
     </line>
    </zone>
    <zone points="1179,4036 1187,4015 1251,4018 1276,4004 1326,4018 1344,4000 1506,4000 1545,4018 1567,4000 1642,4004 1656,4018 1692,4000 1753,4015 1771,4000 1793,4018 1907,4000 1947,4018 2090,4018 2108,4004 2162,4015 2212,4000 2252,4011 2270,4036 2262,4079 2237,4061 2115,4061 2072,4079 1968,4079 1947,4061 1854,4079 1782,4079 1760,4061 1689,4079 1276,4061 1262,4076 1187,4079" xml:id="eSc_line_cd9774d2">
     <line>
      rue du Pont 6^bis à Emilie Deschamps à Paris rue Marine 21
     </line>
    </zone>
   </surface>
  </surfaceGrp>
  <surfaceGrp type="structure_{type:header;}" xml:id="eSc_textblock_130eb65c">
   <surface>
    <graphic height="4302px" url="FRAN_0025_6067_L-1.jpg" width="2973px"/>
    <zone points="2409,283 2413,250 2427,247 2660,243 2689,250 2696,286 2686,326 2657,336 2589,308 2539,308 2510,336 2460,322 2413,336" xml:id="eSc_line_81861265">
     <line>
      RELATION
     </line>
    </zone>
    <zone points="333,315 340,250 444,247 491,261 498,319 484,329 337,326" xml:id="eSc_line_8c2cc303">
     <line>
      DATES
     </line>
    </zone>
    <zone points="588,315 591,268 616,258 767,268 835,254 1086,254 1097,308 1086,344 595,340" xml:id="eSc_line_b5103713">
     <line>
      NATURE ET ESPECE
     </line>
    </zone>
    <zone points="1219,319 1230,265 1391,276 1405,261 1506,279 1685,268 1785,283 2062,268 2094,286 2130,272 2341,283 2348,333 2338,358 2320,344 2123,358 2044,340 1864,354 1753,336 1506,351 1491,336 1409,333 1380,347 1222,347" xml:id="eSc_line_e4b561cc">
     <line>
      NOMS, PRENOMS ET DOMICILES DES PARTIES
     </line>
    </zone>
    <zone points="197,336 200,258 283,258 286,344 204,354" xml:id="eSc_line_52d8ef3f">
     <line>
      Nos
     </line>
    </zone>
    <zone points="2528,340 2535,308 2574,301 2574,358 2535,354" xml:id="eSc_line_412073b4">
     <line>
      DE
     </line>
    </zone>
    <zone points="717,380 720,347 749,340 932,344 957,376 946,397 921,401 720,390" xml:id="eSc_line_ace48f2a">
     <line>
      DES ACTES :
     </line>
    </zone>
    <zone points="383,394 390,351 448,351 451,401 387,412" xml:id="eSc_line_84349cb1">
     <line>
      DES
     </line>
    </zone>
    <zone points="2381,383 2388,347 2417,340 2449,354 2700,351 2711,390 2700,412 2384,401" xml:id="eSc_line_e805f195">
     <line>
      l'Enregistrement.
     </line>
    </zone>
    <zone points="215,419 222,362 265,362 272,419 222,430" xml:id="eSc_line_b7b82276">
     <line>
      DU
     </line>
    </zone>
    <zone points="1373,469 1377,412 1405,430 1445,408 1502,430 1685,433 1753,408 1879,408 1900,426 2173,415 2184,480 2169,512 2137,516 2069,494 1990,494 1968,516 1775,512 1714,491 1678,505 1646,494 1628,512 1534,491 1377,501" xml:id="eSc_line_84a3604e">
     <line>
      INDICATIONS, SITUATIONS ET PRIX DES BIENS
     </line>
    </zone>
    <zone points="182,498 186,458 204,451 315,455 326,494 240,519 186,509" xml:id="eSc_line_dd05e5b0">
     <line>
      REPERTOIRE
     </line>
    </zone>
    <zone points="351,491 358,433 466,412 473,491 358,498" xml:id="eSc_line_1499514e">
     <line>
      ACTES
     </line>
    </zone>
    <zone points="552,494 559,469 602,458 659,455 692,473 742,458 785,476 792,505 742,526 555,512" xml:id="eSc_line_dec16717">
     <line>
      EN BREVETS
     </line>
    </zone>
    <zone points="896,494 907,455 1118,451 1111,516 900,523" xml:id="eSc_line_f958f7f0">
     <line>
      EN MINUTES
     </line>
    </zone>
    <zone points="2377,505 2381,466 2485,451 2488,562 2384,570" xml:id="eSc_line_0c500898">
     <line>
      DATES
     </line>
    </zone>
    <zone points="2528,498 2531,466 2574,451 2671,458 2664,519 2531,523" xml:id="eSc_line_f3cd7106">
     <line>
      DROITS
     </line>
    </zone>
   </surface>
  </surfaceGrp>
  <surfaceGrp type="structure_{type:col_4;}" xml:id="eSc_textblock_3afa722b">
   <surface>
    <graphic height="4302px" url="FRAN_0025_6067_L-1.jpg" width="2973px"/>
    <zone points="832,1075 839,1003 860,989 907,1007 957,993 1147,993 1154,1082 1136,1107 1072,1104 1032,1136 982,1104 835,1107" xml:id="eSc_line_ee8ad13f">
     <line>
      Inventaire
     </line>
    </zone>
    <zone points="835,1197 857,1129 932,1129 957,1157 1022,1175 1144,1175 1151,1197 1140,1229 946,1215 839,1226" xml:id="eSc_line_7fd96c00">
     <line>
      Délivrance
     </line>
    </zone>
    <zone points="878,1240 882,1226 953,1215 1000,1218 1022,1243 986,1272 882,1251" xml:id="eSc_line_894014bb">
     <line>
      legs
     </line>
    </zone>
    <zone points="839,1326 842,1279 875,1247 925,1258 957,1287 1022,1251 1068,1251 1072,1347 957,1362 846,1351" xml:id="eSc_line_480e9a0b">
     <line>
      Mainlevée
     </line>
    </zone>
    <zone points="828,1451 849,1358 900,1373 982,1373 1004,1358 1047,1373 1151,1369 1151,1469 835,1469" xml:id="eSc_line_1e43189e">
     <line>
      Cession de bail
     </line>
    </zone>
    <zone points="835,1563 846,1491 1115,1498 1122,1563 1108,1591 957,1584 907,1606 842,1606" xml:id="eSc_line_18266db2">
     <line>
      Quittance
     </line>
    </zone>
    <zone points="839,1674 842,1616 867,1609 1144,1609 1151,1681 1122,1710 1072,1699 1022,1713 982,1695 953,1717 903,1717 842,1699" xml:id="eSc_line_6179f476">
     <line>
      Ratification
     </line>
    </zone>
    <zone points="846,1792 849,1735 875,1724 1047,1735 1093,1713 1154,1713 1154,1814 849,1810" xml:id="eSc_line_b0610fb5">
     <line>
      Réalisation
     </line>
    </zone>
    <zone points="839,1853 857,1806 892,1803 918,1824 982,1806 1065,1824 1083,1810 1100,1828 1151,1828 1161,1857 1151,1882 1007,1867 842,1874" xml:id="eSc_line_1af7494b">
     <line>
      Liquidation
     </line>
    </zone>
    <zone points="860,1896 882,1871 1007,1867 1057,1874 1075,1900 1065,1928 1018,1928 993,1903 928,1921 864,1914" xml:id="eSc_line_d4f58208">
     <line>
      et partage
     </line>
    </zone>
    <zone points="839,1978 842,1921 910,1921 939,1943 996,1925 1061,1950 1183,1939 1194,1975 1179,2021 1122,2021 1104,2004 903,2021 885,2004 842,2004" xml:id="eSc_line_2834e87a">
     <line>
      Contrat de mariage
     </line>
    </zone>
    <zone points="835,2104 842,2039 896,2039 928,2072 1014,2072 1126,2047 1158,2061 1165,2104 1158,2136 1004,2122 842,2133" xml:id="eSc_line_f1fd61e0">
     <line>
      Renonciation
     </line>
    </zone>
    <zone points="900,2151 907,2129 943,2122 1011,2129 1022,2151 1014,2204 907,2201" xml:id="eSc_line_10a6e715">
     <line>
      à legs
     </line>
    </zone>
    <zone points="842,2283 846,2201 907,2201 925,2219 964,2204 1068,2219 1104,2204 1108,2315 1000,2326 975,2301 849,2301" xml:id="eSc_line_db7f0e24">
     <line>
      Décharge
     </line>
    </zone>
    <zone points="871,2326 878,2301 982,2305 1004,2326 996,2376 878,2380" xml:id="eSc_line_84544f34">
     <line>
      de legs
     </line>
    </zone>
    <zone points="839,2534 846,2466 882,2455 946,2455 964,2470 1083,2455 1140,2466 1136,2570 842,2570" xml:id="eSc_line_5805a156">
     <line>
      Transport
     </line>
    </zone>
    <zone points="832,2670 835,2602 896,2602 932,2634 953,2624 971,2642 1140,2631 1165,2667 1154,2710 1133,2717 1090,2699 989,2699 968,2721 835,2710" xml:id="eSc_line_c5bd70eb">
     <line>
      Engagement
     </line>
    </zone>
    <zone points="835,2781 839,2724 853,2717 875,2735 900,2721 957,2735 989,2713 1065,2713 1093,2742 1183,2742 1194,2785 1183,2814 839,2814" xml:id="eSc_line_8ae3b0d2">
     <line>
      Contrat de mariage
     </line>
    </zone>
    <zone points="839,3025 846,2936 885,2936 903,2954 957,2939 1004,2939 1018,2957 1129,2954 1126,3058 842,3061" xml:id="eSc_line_de3df8e7">
     <line>
      Quittance
     </line>
    </zone>
    <zone points="835,3140 849,3104 900,3118 975,3115 1011,3097 1136,3118 1147,3140 1136,3172 1108,3176 979,3154 839,3169" xml:id="eSc_line_d3167c64">
     <line>
      Ouverture
     </line>
    </zone>
    <zone points="867,3183 871,3161 1022,3161 1057,3179 1004,3204 871,3204" xml:id="eSc_line_850511e2">
     <line>
      de crédit
     </line>
    </zone>
    <zone points="849,3276 853,3197 1154,3201 1154,3301 953,3280 928,3305 878,3305 853,3283" xml:id="eSc_line_55e78957">
     <line>
      Adjudication
     </line>
    </zone>
    <zone points="936,3301 943,3280 1061,3283 1108,3301 1100,3330 943,3326" xml:id="eSc_line_dda4fdf7">
     <line>
      licitation
     </line>
    </zone>
    <zone points="835,3398 842,3337 885,3337 918,3359 1011,3355 1043,3373 1158,3362 1179,3405 1169,3459 1129,3459 1072,3423 932,3416 885,3455 839,3452" xml:id="eSc_line_5210873c">
     <line>
      Dépôt de Compte
     </line>
    </zone>
    <zone points="918,3445 943,3423 1043,3416 1093,3445 1086,3509 971,3524 925,3509" xml:id="eSc_line_5b4d8802">
     <line>
      d'emploi
     </line>
    </zone>
    <zone points="853,3660 860,3588 1140,3602 1140,3706 1115,3688 1036,3699 989,3685 860,3706" xml:id="eSc_line_25fd68f6">
     <line>
      Quittance
     </line>
    </zone>
    <zone points="853,3775 860,3717 975,3714 1122,3714 1136,3767 1126,3796 860,3800" xml:id="eSc_line_b86641e9">
     <line>
      Règlement
     </line>
    </zone>
    <zone points="903,3814 918,3789 1068,3789 1104,3810 1072,3832 907,3818" xml:id="eSc_line_48966767">
     <line>
      définitif
     </line>
    </zone>
    <zone points="832,3861 835,3807 885,3807 939,3832 961,3818 1086,3832 1129,3810 1165,3828 1176,3853 1151,3878 839,3871" xml:id="eSc_line_1323ec07">
     <line>
      Contrat de mariage
     </line>
    </zone>
    <zone points="842,3982 846,3929 882,3929 900,3947 971,3947 1004,3929 1047,3947 1179,3929 1190,3979 1183,4015 1129,4029 1054,4029 1022,4008 961,4008 939,4029 849,4022" xml:id="eSc_line_63f716fc">
     <line>
      Compte de tutelle
     </line>
    </zone>
   </surface>
  </surfaceGrp>
  <surfaceGrp type="structure_{type:col_6;}" xml:id="eSc_textblock_77dc0801">
   <surface>
    <graphic height="4302px" url="FRAN_0025_6067_L-1.jpg" width="2973px"/>
    <zone points="2413,1122 2420,1093 2445,1082 2481,1097 2488,1129 2478,1161 2413,1168" xml:id="eSc_line_13bfe23f">
     <line>
      3
     </line>
    </zone>
    <zone points="2406,1261 2406,1172 2470,1172 2485,1258 2474,1283 2413,1297" xml:id="eSc_line_78a21814">
     <line>
      5
     </line>
    </zone>
    <zone points="2406,1365 2409,1333 2431,1326 2467,1358 2463,1408 2417,1405" xml:id="eSc_line_ae6de202">
     <line>
      3
     </line>
    </zone>
    <zone points="2399,1491 2409,1408 2481,1423 2474,1534 2402,1534" xml:id="eSc_line_a2372291">
     <line>
      10
     </line>
    </zone>
    <zone points="2395,1613 2395,1530 2460,1530 2467,1641 2402,1641" xml:id="eSc_line_97e28d36">
     <line>
      4
     </line>
    </zone>
    <zone points="2384,1720 2395,1645 2467,1645 2467,1814 2442,1810 2413,1835 2392,1824" xml:id="eSc_line_fab4699b">
     <line>
      4
     </line>
    </zone>
    <zone points="2413,1785 2417,1767 2474,1778 2460,1821 2438,1810 2424,1824" xml:id="eSc_line_8a766a39">
     <line>
      7
     </line>
    </zone>
    <zone points="2409,1903 2417,1831 2478,1817 2478,1935 2456,1928 2417,1957" xml:id="eSc_line_887fbf68">
     <line>
      5
     </line>
    </zone>
    <zone points="2399,2000 2413,1953 2474,1939 2463,2039 2438,2054 2399,2043" xml:id="eSc_line_15117d73">
     <line>
      4
     </line>
    </zone>
    <zone points="2395,2215 2420,2179 2452,2179 2474,2222 2463,2254 2395,2262" xml:id="eSc_line_72d27ba1">
     <line>
      4
     </line>
    </zone>
    <zone points="2381,2358 2413,2319 2449,2312 2456,2401 2388,2391" xml:id="eSc_line_aa01d256">
     <line>
      4
     </line>
    </zone>
    <zone points="2377,2487 2384,2470 2438,2452 2474,2491 2463,2527 2381,2527" xml:id="eSc_line_41b689d3">
     <line>
      4
     </line>
    </zone>
    <zone points="2388,2624 2395,2591 2431,2577 2470,2588 2470,2656 2395,2660" xml:id="eSc_line_58e38992">
     <line>
      5
     </line>
    </zone>
    <zone points="2395,2746 2399,2713 2424,2703 2467,2717 2478,2742 2470,2771 2402,2771" xml:id="eSc_line_3e09cd77">
     <line>
      10
     </line>
    </zone>
    <zone points="2392,2875 2395,2850 2445,2821 2449,2907 2399,2911" xml:id="eSc_line_d372bf31">
     <line>
      5
     </line>
    </zone>
    <zone points="2406,2993 2406,2950 2463,2896 2478,3018 2417,3025" xml:id="eSc_line_3100d221">
     <line>
      6
     </line>
    </zone>
    <zone points="2399,3104 2399,3025 2463,3029 2467,3147 2406,3133" xml:id="eSc_line_3ea552b2">
     <line>
      6
     </line>
    </zone>
    <zone points="2384,3233 2438,3183 2474,3208 2481,3233 2474,3269 2392,3269" xml:id="eSc_line_56c8fee5">
     <line>
      8
     </line>
    </zone>
    <zone points="2392,3359 2392,3305 2420,3269 2452,3273 2467,3394 2399,3377" xml:id="eSc_line_a1835305">
     <line>
      14
     </line>
    </zone>
    <zone points="2395,3470 2402,3398 2456,3387 2467,3498 2402,3520" xml:id="eSc_line_da414868">
     <line>
      7
     </line>
    </zone>
    <zone points="2388,3595 2395,3567 2406,3577 2449,3549 2470,3556 2460,3631 2424,3642 2392,3606" xml:id="eSc_line_81edd708">
     <line>
      6
     </line>
    </zone>
    <zone points="2377,3714 2384,3681 2452,3681 2481,3714 2470,3749 2384,3753" xml:id="eSc_line_eb4980de">
     <line>
      8
     </line>
    </zone>
    <zone points="2402,3785 2438,3739 2467,3749 2478,3778 2474,3821 2413,3821" xml:id="eSc_line_f1f4a111">
     <line>
      7
     </line>
    </zone>
    <zone points="2377,3896 2449,3825 2474,3821 2481,3929 2384,3943" xml:id="eSc_line_27e698f5">
     <line>
      8
     </line>
    </zone>
    <zone points="2388,4033 2395,3947 2485,3957 2485,4083 2435,4097 2395,4086" xml:id="eSc_line_904d4325">
     <line>
      14
     </line>
    </zone>
   </surface>
  </surfaceGrp>
  <surfaceGrp type="structure_{type:col_2;}" xml:id="eSc_textblock_0e5b7186">
   <surface>
    <graphic height="4302px" url="FRAN_0025_6067_L-1.jpg" width="2973px"/>
    <zone points="351,1430 426,1362 416,1480 355,1473" xml:id="eSc_line_5a40d0bc">
     <line>
      1
     </line>
    </zone>
    <zone points="355,1566 358,1530 390,1505 433,1563 416,1598 380,1606 358,1591" xml:id="eSc_line_951ecfb7">
     <line>
      1
     </line>
    </zone>
    <zone points="355,1674 362,1609 423,1606 423,1720 362,1713" xml:id="eSc_line_da9ae62b">
     <line>
      1
     </line>
    </zone>
    <zone points="340,1781 347,1724 412,1720 412,1831 347,1824" xml:id="eSc_line_e458484c">
     <line>
      1
     </line>
    </zone>
    <zone points="362,1860 362,1821 383,1817 423,1853 408,1910 372,1907" xml:id="eSc_line_0cf2287a">
     <line>
      3
     </line>
    </zone>
    <zone points="351,1978 355,1907 430,1907 433,2014 358,2007" xml:id="eSc_line_95c5a22a">
     <line>
      3
     </line>
    </zone>
    <zone points="358,2093 358,2025 433,2025 444,2136 369,2136" xml:id="eSc_line_426a1732">
     <line>
      3
     </line>
    </zone>
    <zone points="347,2276 365,2201 437,2204 433,2326 401,2308 351,2312" xml:id="eSc_line_383fdbd2">
     <line>
      3
     </line>
    </zone>
    <zone points="355,2394 365,2323 441,2333 441,2448 362,2452" xml:id="eSc_line_6ed9c57d">
     <line>
      4
     </line>
    </zone>
    <zone points="351,2505 365,2452 423,2444 412,2556 351,2556" xml:id="eSc_line_9a6b9569">
     <line>
      4
     </line>
    </zone>
    <zone points="365,2642 372,2559 419,2588 437,2581 437,2688 372,2688" xml:id="eSc_line_fe712151">
     <line>
      4
     </line>
    </zone>
    <zone points="344,2764 351,2703 376,2713 416,2688 412,2803 347,2803" xml:id="eSc_line_8c0cc6a3">
     <line>
      4
     </line>
    </zone>
    <zone points="344,2893 347,2846 365,2828 387,2814 426,2821 430,2950 383,2925 351,2943" xml:id="eSc_line_921eedf2">
     <line>
      4
     </line>
    </zone>
    <zone points="347,3007 347,2921 423,2928 426,3061 355,3068" xml:id="eSc_line_8a158df3">
     <line>
      4
     </line>
    </zone>
    <zone points="355,3133 362,3101 412,3101 412,3165 362,3176" xml:id="eSc_line_4714701d">
     <line>
      4
     </line>
    </zone>
    <zone points="362,3255 362,3183 423,3194 430,3294 408,3287 372,3316" xml:id="eSc_line_4a6dad7a">
     <line>
      4
     </line>
    </zone>
    <zone points="351,3398 358,3366 433,3362 433,3445 358,3448" xml:id="eSc_line_fc8f49bd">
     <line>
      4
     </line>
    </zone>
    <zone points="372,3545 380,3448 430,3445 430,3581 380,3595" xml:id="eSc_line_6b3c697a">
     <line>
      5
     </line>
    </zone>
    <zone points="362,3663 369,3595 430,3595 430,3706 369,3706" xml:id="eSc_line_8310aa9c">
     <line>
      5
     </line>
    </zone>
    <zone points="365,3785 369,3749 423,3703 430,3810 372,3828" xml:id="eSc_line_a7fe0542">
     <line>
      5
     </line>
    </zone>
    <zone points="344,3864 351,3839 405,3821 444,3846 451,3871 441,3896 390,3907 347,3889" xml:id="eSc_line_8d034071">
     <line>
      5
     </line>
    </zone>
    <zone points="358,3968 408,3904 441,3904 448,4018 365,4004" xml:id="eSc_line_c7f2a525">
     <line>
      6
     </line>
    </zone>
   </surface>
  </surfaceGrp>
  <surfaceGrp type="structure_{type:marginal;}" xml:id="eSc_textblock_e2fd107e">
   <surface>
    <graphic height="4302px" url="FRAN_0025_6067_L-1.jpg" width="2973px"/>
    <zone points="2209,157 2212,60 2399,64 2442,43 2467,60 2521,57 2542,32 2574,60 2592,39 2617,57 2643,32 2689,60 2729,46 2757,64 2800,57 2811,139 2653,190 2621,164 2521,164 2460,186 2420,168 2237,182 2216,164" xml:id="eSc_line_3fc31576">
     <line>
      soixante quatrième feuillet
     </line>
    </zone>
    <zone points="2022,175 2029,71 2151,64 2151,247 2029,250" xml:id="eSc_line_73f58214">
     <line>
      ¥
     </line>
    </zone>
    <zone points="2743,200 2739,164 2764,146 2840,143 2854,179 2847,225 2754,218" xml:id="eSc_line_e5b7b406">
     <line>
      64
     </line>
    </zone>
   </surface>
  </surfaceGrp>
  <surfaceGrp type="structure_{type:marginal;}" xml:id="eSc_textblock_163eb1af">
   <surface>
    <graphic height="4302px" url="FRAN_0025_6067_L-1.jpg" width="2973px"/>
    <zone points="21,1211 28,1147 60,1168 132,1168 129,1258 25,1236" xml:id="eSc_line_870c16b4">
     <line>
      183
     </line>
    </zone>
    <zone points="46,1319 53,1290 114,1283 132,1322 121,1358 50,1358" xml:id="eSc_line_64e1e081">
     <line>
      184
     </line>
    </zone>
   </surface>
  </surfaceGrp>
 </sourceDoc>
 <text>
  <body>
   <div type="main">
    <table cols="8" rows="26">
     <row n="0" role="label">
      <cell n="1" role="label1">
       Numéros du répertoire
      </cell>
      <cell n="2" role="label2">
       Dates des actes
      </cell>
      <cell n="3" role="label3">
       Actes en brevets
      </cell>
      <cell n="4" role="label4">
       Actes en minutes
      </cell>
      <cell n="5" role="label5">
       Noms, prénms et domiciles des parties ; indication, situations et prix des biens
      </cell>
      <cell n="6" role="label6">
       Date de l'enregistrement
      </cell>
      <cell n="7" role="label7">
       Droits de l'enregistrement
      </cell>
      <cell n="8" role="label8">
       Autres
      </cell>
     </row>
     <row>
      <cell n="1" role="col1">
       <lb facs="#eSc_line_5271f0d6"/>
       181
      </cell>
      <cell n="2" role="col2"/>
      <cell n="3" role="col3">
       <lb facs="#eSc_line_d6572273"/>
       31 (S^t du 12 mai 94) Mainlevée
      </cell>
      <cell n="4" role="col4"/>
      <cell n="5" role="col5">
       <lb facs="#eSc_line_0bf0bb99" n="1"/>
       Hocquet (par Adèle Josephine Antoinette Aline Ruget ep de Constant
       <lb facs="#eSc_line_631ab882" n="2"/>
       Juda Ernest) à Paris rue de g^l foy 8 dansi cf Georges Alexandre Louveau
       <lb facs="#eSc_line_e24edbbe" n="3"/>
       Année 1902
       <lb facs="#eSc_line_5e330bc1" n="4"/>
       Mois de Février
      </cell>
      <cell n="6" role="col6"/>
      <cell n="7" role="col7"/>
      <cell n="8" role="misc"/>
     </row>
     <row>
      <cell n="1" role="col1">
       <lb facs="#eSc_line_8becf532"/>
       182
      </cell>
      <cell n="2" role="col2"/>
      <cell n="3" role="col3">
       <lb facs="#eSc_line_f6dff8a9"/>
       1^e
      </cell>
      <cell n="4" role="col4">
       <lb facs="#eSc_line_ee8ad13f"/>
       Inventaire
      </cell>
      <cell n="5" role="col5">
       <lb facs="#eSc_line_e12d114d" n="1"/>
       Piéron (après le décès arrivé à Paris b^d S^t Martin 37 le 23 Janv 1902
       <lb facs="#eSc_line_d0191db6" n="2"/>
       de Charles Edouard) ép de Clémentine Léonie Conte
      </cell>
      <cell n="6" role="col6">
       <lb facs="#eSc_line_13bfe23f"/>
       <date cert="high" when-iso="[1902-01-3, 1902-02-3]">
        3
       </date>
      </cell>
      <cell n="7" role="col7">
       <lb facs="#eSc_line_5f969819"/>
       7.50
      </cell>
      <cell n="8" role="misc"/>
     </row>
     <row>
      <cell n="1" role="col1">
       <lb facs="#eSc_line_f6f7c8e6"/>
       1
      </cell>
      <cell n="2" role="col2"/>
      <cell n="3" role="col3">
       <lb facs="#eSc_line_64f8dd49"/>
       (S^te du 19 9^bre 1901)
      </cell>
      <cell n="4" role="col4">
       <lb facs="#eSc_line_7fd96c00"/>
       Délivrance
       <lb facs="#eSc_line_894014bb"/>
       legs
      </cell>
      <cell n="5" role="col5">
       <lb facs="#eSc_line_bb8b40a7" n="1"/>
       Imbault (par Maurice Pavie à Villemomble av. du Raincy 37 et
       <lb facs="#eSc_line_2389b9ba" n="2"/>
       V^e de Jules Joseph Guilhem Cros legataire universelle de Alfred) de dudit legs
      </cell>
      <cell n="6" role="col6">
       <lb facs="#eSc_line_78a21814"/>
       <date cert="high" when-iso="[1902-01-5, 1902-02-5]">
        5
       </date>
      </cell>
      <cell n="7" role="col7">
       <lb facs="#eSc_line_e1daf67b"/>
       302.65
      </cell>
      <cell n="8" role="misc">
       <lb facs="#eSc_line_870c16b4" n="1"/>
       183
      </cell>
     </row>
     <row>
      <cell n="1" role="col1">
       <lb facs="#eSc_line_3b75c8d4"/>
       1
      </cell>
      <cell n="2" role="col2"/>
      <cell n="3" role="col3">
       <lb facs="#eSc_line_83e0840d"/>
       (S^te du 25 Juillet 96)
      </cell>
      <cell n="4" role="col4">
       <lb facs="#eSc_line_480e9a0b"/>
       Mainlevée
      </cell>
      <cell n="5" role="col5">
       <lb facs="#eSc_line_82cee135" n="1"/>
       Muller (pour Jean Charles Louis) et son ép. à Paris Av. de la Motte
       <lb facs="#eSc_line_35d5a328" n="2"/>
       Piquietz d'inscrip^on hyp^e contre Delmas
      </cell>
      <cell n="6" role="col6">
       <lb facs="#eSc_line_ae6de202"/>
       <date cert="high" when-iso="[1902-01-3, 1902-02-3]">
        3
       </date>
      </cell>
      <cell n="7" role="col7">
       <lb facs="#eSc_line_7ec7325c"/>
       6.25
      </cell>
      <cell n="8" role="misc">
       <lb facs="#eSc_line_64e1e081" n="1"/>
       184
      </cell>
     </row>
     <row>
      <cell n="1" role="col1">
       <lb facs="#eSc_line_e91e736f"/>
       185
      </cell>
      <cell n="2" role="col2">
       <lb facs="#eSc_line_5a40d0bc"/>
       <date cert="high" when-iso="[1902-01-1, 1902-02-1]">
        1
       </date>
      </cell>
      <cell n="3" role="col3"/>
      <cell n="4" role="col4">
       <lb facs="#eSc_line_1e43189e"/>
       Cession de bail
      </cell>
      <cell n="5" role="col5">
       <lb facs="#eSc_line_f6a255ec" n="1"/>
       Lerminez (par Jules) et son ép. à Paris rue de Charonne 71 et
       <lb facs="#eSc_line_8fd118a5" n="2"/>
       Etienne Meanley et son ép. à Paris rue de la Boétie 98
      </cell>
      <cell n="6" role="col6">
       <lb facs="#eSc_line_a2372291"/>
       <date cert="high" when-iso="[1902-01-10, 1902-02-10]">
        10
       </date>
      </cell>
      <cell n="7" role="col7">
       <lb facs="#eSc_line_21eec92b"/>
       52 75
      </cell>
      <cell n="8" role="misc"/>
     </row>
     <row>
      <cell n="1" role="col1">
       <lb facs="#eSc_line_3815e707"/>
       186
      </cell>
      <cell n="2" role="col2">
       <lb facs="#eSc_line_951ecfb7"/>
       <date cert="high" when-iso="[1902-01-1, 1902-02-1]">
        1
       </date>
      </cell>
      <cell n="3" role="col3">
       <lb facs="#eSc_line_6bbb1875"/>
       (S^te du 8 août 1901)
      </cell>
      <cell n="4" role="col4">
       <lb facs="#eSc_line_18266db2"/>
       Quittance
      </cell>
      <cell n="5" role="col5">
       <lb facs="#eSc_line_486448cd" n="1"/>
       bourdin (par Eugène Achille) et son ép. à Paris r. S^t Romain 9 et
       <lb facs="#eSc_line_878228d9" n="2"/>
       autres à Armand Ferdinand Trouvé et son ép. à Malakoff de 2500
      </cell>
      <cell n="6" role="col6">
       <lb facs="#eSc_line_97e28d36"/>
       <date cert="high" when-iso="[1902-01-4, 1902-02-4]">
        4
       </date>
      </cell>
      <cell n="7" role="col7">
       <lb facs="#eSc_line_09220d2d"/>
       15.63
      </cell>
      <cell n="8" role="misc"/>
     </row>
     <row>
      <cell n="1" role="col1">
       <lb facs="#eSc_line_ceea6f95"/>
       187
      </cell>
      <cell n="2" role="col2">
       <lb facs="#eSc_line_da9ae62b"/>
       <date cert="high" when-iso="[1902-01-1, 1902-02-1]">
        1
       </date>
      </cell>
      <cell n="3" role="col3">
       <lb facs="#eSc_line_388838cb"/>
       (S^te du précédent
      </cell>
      <cell n="4" role="col4">
       <lb facs="#eSc_line_6179f476"/>
       Ratification
      </cell>
      <cell n="5" role="col5">
       <lb facs="#eSc_line_260fc536" n="1"/>
       Hébert (par Auguste Lucien) et son épouse à Paris rue
       <lb facs="#eSc_line_89b581c4" n="2"/>
       de Chambery 66 de la dite quittance
      </cell>
      <cell n="6" role="col6">
       <lb facs="#eSc_line_fab4699b"/>
       <date cert="high" when-iso="[1902-01-4, 1902-02-4]">
        4
       </date>
      </cell>
      <cell n="7" role="col7">
       <lb facs="#eSc_line_551c1183"/>
       3.75
      </cell>
      <cell n="8" role="misc"/>
     </row>
     <row>
      <cell n="1" role="col1">
       <lb facs="#eSc_line_39a51e75"/>
       188
      </cell>
      <cell n="2" role="col2">
       <lb facs="#eSc_line_e458484c"/>
       <date cert="high" when-iso="[1902-01-1, 1902-02-1]">
        1
       </date>
      </cell>
      <cell n="3" role="col3">
       <lb facs="#eSc_line_8973bfab"/>
       (S^te du 18 X^bre 1901)
      </cell>
      <cell n="4" role="col4">
       <lb facs="#eSc_line_b0610fb5"/>
       Réalisation
      </cell>
      <cell n="5" role="col5">
       <lb facs="#eSc_line_fc871903" n="1"/>
       Trouvé (du prêt conditionnel par le C. foncier
      </cell>
      <cell n="6" role="col6">
       <lb facs="#eSc_line_8a766a39"/>
       <date cert="high" when-iso="[1902-01-7, 1902-02-7]">
        7
       </date>
      </cell>
      <cell n="7" role="col7">
       <lb facs="#eSc_line_b0b4d897"/>
       43.75
      </cell>
      <cell n="8" role="misc"/>
     </row>
     <row>
      <cell n="1" role="col1">
       <lb facs="#eSc_line_6ce25a79"/>
       189
      </cell>
      <cell n="2" role="col2">
       <lb facs="#eSc_line_0cf2287a"/>
       <date cert="high" when-iso="[1902-01-3, 1902-02-3]">
        3
       </date>
      </cell>
      <cell n="3" role="col3"/>
      <cell n="4" role="col4">
       <lb facs="#eSc_line_1af7494b"/>
       Liquidation
       <lb facs="#eSc_line_d4f58208"/>
       et partage
      </cell>
      <cell n="5" role="col5">
       <lb facs="#eSc_line_ddec3ade" n="1"/>
       Camus (des SS^on confondues de henri Lucien) et son ép. tous deux
       <lb facs="#eSc_line_c4207e28" n="2"/>
       décédés le 1^er au Parc S^t Maur le 13 mai 92 et Mad à Paris rue Mozart 113
      </cell>
      <cell n="6" role="col6">
       <lb facs="#eSc_line_887fbf68"/>
       <date cert="high" when-iso="[1902-01-5, 1902-02-5]">
        5
       </date>
      </cell>
      <cell n="7" role="col7">
       <lb facs="#eSc_line_4c9db9c9"/>
       708.98
      </cell>
      <cell n="8" role="misc"/>
     </row>
     <row>
      <cell n="1" role="col1">
       <lb facs="#eSc_line_1e4953cf"/>
       190
      </cell>
      <cell n="2" role="col2">
       <lb facs="#eSc_line_95c5a22a"/>
       <date cert="high" when-iso="[1902-01-3, 1902-02-3]">
        3
       </date>
      </cell>
      <cell n="3" role="col3"/>
      <cell n="4" role="col4">
       <lb facs="#eSc_line_2834e87a"/>
       Contrat de mariage
      </cell>
      <cell n="5" role="col5">
       <lb facs="#eSc_line_8485bf43" n="1"/>
       Thivent (de Antoine) à Macon (S. et Loire) en de l'héridon 8 et
       <lb facs="#eSc_line_f7f2b51a" n="2"/>
       Maria Laffon à Paris rue des Boulets 10
      </cell>
      <cell n="6" role="col6">
       <lb facs="#eSc_line_15117d73"/>
       <date cert="high" when-iso="[1902-01-4, 1902-02-4]">
        4
       </date>
      </cell>
      <cell n="7" role="col7">
       <lb facs="#eSc_line_f3b486d7"/>
       400.63
      </cell>
      <cell n="8" role="misc"/>
     </row>
     <row>
      <cell n="1" role="col1">
       <lb facs="#eSc_line_52b5a036"/>
       191
      </cell>
      <cell n="2" role="col2">
       <lb facs="#eSc_line_426a1732"/>
       <date cert="high" when-iso="[1902-01-3, 1902-02-3]">
        3
       </date>
      </cell>
      <cell n="3" role="col3"/>
      <cell n="4" role="col4">
       <lb facs="#eSc_line_f1fd61e0"/>
       Renonciation
       <lb facs="#eSc_line_10a6e715"/>
       à legs
      </cell>
      <cell n="5" role="col5">
       <lb facs="#eSc_line_fb1fcaf1" n="1"/>
       Bourgeois (par Louis) à Blois (Loir et Cher) et son épouse
       <lb facs="#eSc_line_df979727" n="2"/>
       d'alexandre Lucien Camus à Paris rue Robera 15 à legs faits par
       <lb facs="#eSc_line_4cdc0f70" n="3"/>
       Madame veuve Camus
      </cell>
      <cell n="6" role="col6">
       <lb facs="#eSc_line_72d27ba1"/>
       <date cert="high" when-iso="[1902-01-4, 1902-02-4]">
        4
       </date>
      </cell>
      <cell n="7" role="col7">
       <lb facs="#eSc_line_21e85fcc"/>
       7.50
      </cell>
      <cell n="8" role="misc"/>
     </row>
     <row>
      <cell n="1" role="col1">
       <lb facs="#eSc_line_bef024b9"/>
       192
      </cell>
      <cell n="2" role="col2">
       <lb facs="#eSc_line_383fdbd2"/>
       <date cert="high" when-iso="[1902-01-3, 1902-02-3]">
        3
       </date>
      </cell>
      <cell n="3" role="col3">
       <lb facs="#eSc_line_b7b2ffb6"/>
       (S^te du 3 aout 74)
      </cell>
      <cell n="4" role="col4">
       <lb facs="#eSc_line_db7f0e24"/>
       Décharge
       <lb facs="#eSc_line_84544f34"/>
       de legs
      </cell>
      <cell n="5" role="col5">
       <lb facs="#eSc_line_d8c6ed59" n="1"/>
       Séjournée (à la SS^on de Louis) par Pierre Davant à Alger
       <lb facs="#eSc_line_b969f3fa" n="2"/>
       rue d'Isly 29 et autres de legs particuliers faits par ledit M)
      </cell>
      <cell n="6" role="col6">
       <lb facs="#eSc_line_aa01d256"/>
       <date cert="high" when-iso="[1902-01-4, 1902-02-4]">
        4
       </date>
      </cell>
      <cell n="7" role="col7">
       <lb facs="#eSc_line_f0d93d06"/>
       7.95
      </cell>
      <cell n="8" role="misc"/>
     </row>
     <row>
      <cell n="1" role="col1">
       <lb facs="#eSc_line_b016d170"/>
       193
      </cell>
      <cell n="2" role="col2">
       <lb facs="#eSc_line_6ed9c57d"/>
       <date cert="high" when-iso="[1902-01-4, 1902-02-4]">
        4
       </date>
       <lb facs="#eSc_line_9a6b9569"/>
       <date cert="high" when-iso="[1902-01-4, 1902-02-4]">
        4
       </date>
      </cell>
      <cell n="3" role="col3">
       <lb facs="#eSc_line_95e07eb7"/>
       Consentement
       <lb facs="#eSc_line_77fbf689"/>
       à mariage
      </cell>
      <cell n="4" role="col4"/>
      <cell n="5" role="col5">
       <lb facs="#eSc_line_0fce640c" n="1"/>
       Herpin (par Adèle Goussin f^me de Charles Nicolas) à Paris av.
       <lb facs="#eSc_line_ac0f5ba4" n="2"/>
       Philippe Auguste 7 au mariage de Georges Herpin son fils
      </cell>
      <cell n="6" role="col6">
       <lb facs="#eSc_line_41b689d3"/>
       <date cert="high" when-iso="[1902-01-4, 1902-02-4]">
        4
       </date>
      </cell>
      <cell n="7" role="col7">
       <lb facs="#eSc_line_0f2c39b9"/>
       3.75
      </cell>
      <cell n="8" role="misc"/>
     </row>
     <row>
      <cell n="1" role="col1">
       <lb facs="#eSc_line_a9a2f213"/>
       194
      </cell>
      <cell n="2" role="col2"/>
      <cell n="3" role="col3"/>
      <cell n="4" role="col4">
       <lb facs="#eSc_line_5805a156"/>
       Transport
      </cell>
      <cell n="5" role="col5">
       <lb facs="#eSc_line_2aecb7e8" n="1"/>
       Sigonney (par Victor) à Epinal (Vosges) r. des Jardiniers 9
       <lb facs="#eSc_line_40cd438e" n="2"/>
       à Ferdinand Grimaldi à Paris b^d Magenta 111 de 5000 +
      </cell>
      <cell n="6" role="col6">
       <lb facs="#eSc_line_58e38992"/>
       <date cert="high" when-iso="[1902-01-5, 1902-02-5]">
        5
       </date>
      </cell>
      <cell n="7" role="col7">
       <lb facs="#eSc_line_fe802b3c"/>
       75."
      </cell>
      <cell n="8" role="misc"/>
     </row>
     <row>
      <cell n="1" role="col1">
       <lb facs="#eSc_line_dfd23ffd"/>
       195
      </cell>
      <cell n="2" role="col2">
       <lb facs="#eSc_line_fe712151"/>
       <date cert="high" when-iso="[1902-01-4, 1902-02-4]">
        4
       </date>
      </cell>
      <cell n="3" role="col3">
       <lb facs="#eSc_line_c10b545b"/>
       (S^te du 11 8^bre 99)
      </cell>
      <cell n="4" role="col4">
       <lb facs="#eSc_line_c5bd70eb"/>
       Engagement
      </cell>
      <cell n="5" role="col5">
       <lb facs="#eSc_line_5d7ea4d1" n="1"/>
       Bloche Ringard et C^ie (entre la S^te) par V^ve de Achille Joseph
       <lb facs="#eSc_line_14747f5f" n="2"/>
       Hannope à Nanterre place de la fête 3 solid^e avec la SS^on de son mari
      </cell>
      <cell n="6" role="col6">
       <lb facs="#eSc_line_3e09cd77"/>
       <date cert="high" when-iso="[1902-01-10, 1902-02-10]">
        10
       </date>
      </cell>
      <cell n="7" role="col7">
       <lb facs="#eSc_line_eeccb693"/>
       191.25
      </cell>
      <cell n="8" role="misc"/>
     </row>
     <row>
      <cell n="1" role="col1">
       <lb facs="#eSc_line_c2940a27"/>
       196
      </cell>
      <cell n="2" role="col2">
       <lb facs="#eSc_line_8c0cc6a3"/>
       <date cert="high" when-iso="[1902-01-4, 1902-02-4]">
        4
       </date>
      </cell>
      <cell n="3" role="col3"/>
      <cell n="4" role="col4">
       <lb facs="#eSc_line_8ae3b0d2"/>
       Contrat de mariage
      </cell>
      <cell n="5" role="col5">
       <lb facs="#eSc_line_16bd6482" n="1"/>
       Herpin (de Georges) à Paris aven. Philippe Auguste 52 et de
       <lb facs="#eSc_line_a81a4ae8" n="2"/>
       Julie Archimbault à S^t Mandé G^de rue N° 110
      </cell>
      <cell n="6" role="col6"/>
      <cell n="7" role="col7"/>
      <cell n="8" role="misc"/>
     </row>
     <row>
      <cell n="1" role="col1">
       <lb facs="#eSc_line_faf5fa54"/>
       197
      </cell>
      <cell n="2" role="col2">
       <lb facs="#eSc_line_921eedf2"/>
       <date cert="high" when-iso="[1902-01-4, 1902-02-4]">
        4
       </date>
      </cell>
      <cell n="3" role="col3">
       <lb facs="#eSc_line_deec7010"/>
       Procuration
      </cell>
      <cell n="4" role="col4"/>
      <cell n="5" role="col5">
       <lb facs="#eSc_line_655c630d" n="1"/>
       Antoine dit Chevalon (par V^e de Eugène Pierre) à Paris
       <lb facs="#eSc_line_7f708f27" n="2"/>
       rue Vaucanson 6 en bl. p. recueillir SS^on echue à ses enfants min.
      </cell>
      <cell n="6" role="col6">
       <lb facs="#eSc_line_d372bf31"/>
       <date cert="high" when-iso="[1902-01-5, 1902-02-5]">
        5
       </date>
       <lb facs="#eSc_line_3100d221"/>
       <date cert="high" when-iso="[1902-01-6, 1902-02-6]">
        6
       </date>
      </cell>
      <cell n="7" role="col7">
       <lb facs="#eSc_line_5b0eb8f3"/>
       15.63
       <lb facs="#eSc_line_ddd09890"/>
       3.75
      </cell>
      <cell n="8" role="misc"/>
     </row>
     <row>
      <cell n="1" role="col1">
       <lb facs="#eSc_line_7c00f8ec"/>
       198
      </cell>
      <cell n="2" role="col2">
       <lb facs="#eSc_line_8a158df3"/>
       <date cert="high" when-iso="[1902-01-4, 1902-02-4]">
        4
       </date>
      </cell>
      <cell n="3" role="col3"/>
      <cell n="4" role="col4">
       <lb facs="#eSc_line_de3df8e7"/>
       Quittance
      </cell>
      <cell n="5" role="col5">
       <lb facs="#eSc_line_8bf70ef4" n="1"/>
       Matuchet (à Florentin Michel) à Paris rue de Bercy 161 par
       <lb facs="#eSc_line_01ab70fa" n="2"/>
       Théophile Marie Vincent et son ép. et consorts de 46.379 +
      </cell>
      <cell n="6" role="col6">
       <lb facs="#eSc_line_3ea552b2"/>
       <date cert="high" when-iso="[1902-01-6, 1902-02-6]">
        6
       </date>
      </cell>
      <cell n="7" role="col7"/>
      <cell n="8" role="misc"/>
     </row>
     <row>
      <cell n="1" role="col1">
       <lb facs="#eSc_line_fe09ae3e"/>
       199
      </cell>
      <cell n="2" role="col2">
       <lb facs="#eSc_line_4714701d"/>
       <date cert="high" when-iso="[1902-01-4, 1902-02-4]">
        4
       </date>
      </cell>
      <cell n="3" role="col3"/>
      <cell n="4" role="col4">
       <lb facs="#eSc_line_d3167c64"/>
       Ouverture
       <lb facs="#eSc_line_850511e2"/>
       de crédit
      </cell>
      <cell n="5" role="col5">
       <lb facs="#eSc_line_f3cd57ab" n="1"/>
       Grimaldi (par Ferdinand) à Paris boul. Magenta 111 à Alexandre
       <lb facs="#eSc_line_b275771d" n="2"/>
       Clément Quedeville à Paris rue Erhard 28 de 6000+
      </cell>
      <cell n="6" role="col6"/>
      <cell n="7" role="col7">
       <lb facs="#eSc_line_6910dd82"/>
       292.38
      </cell>
      <cell n="8" role="misc"/>
     </row>
     <row>
      <cell n="1" role="col1">
       <lb facs="#eSc_line_27976002"/>
       200
      </cell>
      <cell n="2" role="col2">
       <lb facs="#eSc_line_4a6dad7a"/>
       <date cert="high" when-iso="[1902-01-4, 1902-02-4]">
        4
       </date>
      </cell>
      <cell n="3" role="col3">
       <lb facs="#eSc_line_5dae2526"/>
       (S^te du 18 mars 1901)
      </cell>
      <cell n="4" role="col4">
       <lb facs="#eSc_line_55e78957"/>
       Adjudication
       <lb facs="#eSc_line_dda4fdf7"/>
       licitation
      </cell>
      <cell n="5" role="col5">
       <lb facs="#eSc_line_532bf87f" n="1"/>
       Méillion (au profit de Jean Joseph dit Emile) à Paris
       <lb facs="#eSc_line_3907c77e" n="2"/>
       rue de Bondy 36 moy^t 20.100 +
      </cell>
      <cell n="6" role="col6">
       <lb facs="#eSc_line_56c8fee5"/>
       <date cert="high" when-iso="[1902-01-8, 1902-02-8]">
        8
       </date>
       <lb facs="#eSc_line_a1835305"/>
       <date cert="high" when-iso="[1902-01-14, 1902-02-14]">
        14
       </date>
      </cell>
      <cell n="7" role="col7">
       <lb facs="#eSc_line_1c62b170"/>
       41.25
       <lb facs="#eSc_line_8193b4a6"/>
       548.07
      </cell>
      <cell n="8" role="misc"/>
     </row>
     <row>
      <cell n="1" role="col1">
       <lb facs="#eSc_line_8cddd8f8"/>
       201
      </cell>
      <cell n="2" role="col2">
       <lb facs="#eSc_line_fc8f49bd"/>
       <date cert="high" when-iso="[1902-01-4, 1902-02-4]">
        4
       </date>
      </cell>
      <cell n="3" role="col3"/>
      <cell n="4" role="col4">
       <lb facs="#eSc_line_5210873c"/>
       Dépôt de Compte
       <lb facs="#eSc_line_5b4d8802"/>
       d'emploi
      </cell>
      <cell n="5" role="col5">
       <lb facs="#eSc_line_47a8c34a" n="1"/>
       Dumas Descombles (présenté par V^e de Emile Joseph) au Mans
       <lb facs="#eSc_line_5d3d7a1b" n="2"/>
       (Sarthe) b^d Negrier 59 conc^t M^elle Joséphine Marie Dumas Descombes la fille
      </cell>
      <cell n="6" role="col6">
       <lb facs="#eSc_line_da414868"/>
       <date cert="high" when-iso="[1902-01-7, 1902-02-7]">
        7
       </date>
      </cell>
      <cell n="7" role="col7">
       <lb facs="#eSc_line_a06fd7e4"/>
       3.75
      </cell>
      <cell n="8" role="misc"/>
     </row>
     <row>
      <cell n="1" role="col1">
       <lb facs="#eSc_line_41801a0f"/>
       202
      </cell>
      <cell n="2" role="col2">
       <lb facs="#eSc_line_6b3c697a"/>
       <date cert="high" when-iso="[1902-01-5, 1902-02-5]">
        5
       </date>
      </cell>
      <cell n="3" role="col3">
       <lb facs="#eSc_line_791ebf3f"/>
       Desistement
       <lb facs="#eSc_line_28d74e10"/>
       de nantissement
      </cell>
      <cell n="4" role="col4"/>
      <cell n="5" role="col5">
       <lb facs="#eSc_line_244d4445" n="1"/>
       Grimaldi (par Ferdinand) à Paris boul^d Magenta 111
       <lb facs="#eSc_line_94fb555d" n="2"/>
       contre Pierre Boucherells
      </cell>
      <cell n="6" role="col6">
       <lb facs="#eSc_line_81edd708"/>
       <date cert="high" when-iso="[1902-01-6, 1902-02-6]">
        6
       </date>
      </cell>
      <cell n="7" role="col7">
       <lb facs="#eSc_line_ed4ea128"/>
       3.75
      </cell>
      <cell n="8" role="misc"/>
     </row>
     <row>
      <cell n="1" role="col1">
       <lb facs="#eSc_line_e738c97f"/>
       203
      </cell>
      <cell n="2" role="col2">
       <lb facs="#eSc_line_8310aa9c"/>
       <date cert="high" when-iso="[1902-01-5, 1902-02-5]">
        5
       </date>
      </cell>
      <cell n="3" role="col3">
       <lb facs="#eSc_line_cf55b402"/>
       (S^te du 19 fév. 1900)
      </cell>
      <cell n="4" role="col4">
       <lb facs="#eSc_line_25fd68f6"/>
       Quittance
      </cell>
      <cell n="5" role="col5">
       <lb facs="#eSc_line_c8e0c305" n="1"/>
       Petit (par Louis Désiré) à Mitry Mory (S. et M.) à M. Louis
       <lb facs="#eSc_line_4e78413c" n="2"/>
       Segrain à Paris rue Coriolis 30 de 10.000 +
      </cell>
      <cell n="6" role="col6">
       <lb facs="#eSc_line_eb4980de"/>
       <date cert="high" when-iso="[1902-01-8, 1902-02-8]">
        8
       </date>
      </cell>
      <cell n="7" role="col7">
       <lb facs="#eSc_line_2f6e7dec"/>
       62.50
      </cell>
      <cell n="8" role="misc"/>
     </row>
     <row>
      <cell n="1" role="col1">
       <lb facs="#eSc_line_e35bd691"/>
       204
      </cell>
      <cell n="2" role="col2">
       <lb facs="#eSc_line_a7fe0542"/>
       <date cert="high" when-iso="[1902-01-5, 1902-02-5]">
        5
       </date>
      </cell>
      <cell n="3" role="col3">
       <lb facs="#eSc_line_e7a32355"/>
       (S^te du 18 mars 1901)
      </cell>
      <cell n="4" role="col4">
       <lb facs="#eSc_line_b86641e9"/>
       Règlement
      </cell>
      <cell n="5" role="col5">
       <lb facs="#eSc_line_ac9c4c64" n="1"/>
       Dumas Descombes (de l'Etat liquidatif)
      </cell>
      <cell n="6" role="col6">
       <lb facs="#eSc_line_f1f4a111"/>
       <date cert="high" when-iso="[1902-01-7, 1902-02-7]">
        7
       </date>
      </cell>
      <cell n="7" role="col7">
       <lb facs="#eSc_line_c3669b08"/>
       6.30
      </cell>
      <cell n="8" role="misc"/>
     </row>
     <row>
      <cell n="1" role="col1">
       <lb facs="#eSc_line_405a6530"/>
       205
      </cell>
      <cell n="2" role="col2">
       <lb facs="#eSc_line_8d034071"/>
       <date cert="high" when-iso="[1902-01-5, 1902-02-5]">
        5
       </date>
      </cell>
      <cell n="3" role="col3"/>
      <cell n="4" role="col4">
       <lb facs="#eSc_line_48966767"/>
       définitif
       <lb facs="#eSc_line_1323ec07"/>
       Contrat de mariage
      </cell>
      <cell n="5" role="col5">
       <lb facs="#eSc_line_a3204393" n="1"/>
       Lebrun (de Albert François) à Paris rue Vaneau 45 et M^lles
       <lb facs="#eSc_line_f05ad2f9" n="2"/>
       Jeanne Emilie Marguerite Novoit à Paris rue de la Planche 4
      </cell>
      <cell n="6" role="col6">
       <lb facs="#eSc_line_27e698f5"/>
       <date cert="high" when-iso="[1902-01-8, 1902-02-8]">
        8
       </date>
      </cell>
      <cell n="7" role="col7">
       <lb facs="#eSc_line_36d07175"/>
       4521.13
      </cell>
      <cell n="8" role="misc"/>
     </row>
     <row>
      <cell n="1" role="col1">
       <lb facs="#eSc_line_8ae6e948"/>
       206
      </cell>
      <cell n="2" role="col2">
       <lb facs="#eSc_line_c7f2a525"/>
       <date cert="high" when-iso="[1902-01-6, 1902-02-6]">
        6
       </date>
      </cell>
      <cell n="3" role="col3"/>
      <cell n="4" role="col4">
       <lb facs="#eSc_line_63f716fc"/>
       Compte de tutelle
      </cell>
      <cell n="5" role="col5">
       <lb facs="#eSc_line_b6e1e9a5" n="1"/>
       Deschamps (par Jacques Charles) à Ris Orangis (S et O)
       <lb facs="#eSc_line_cd9774d2" n="2"/>
       rue du Pont 6^bis à Emilie Deschamps à Paris rue Marine 21
      </cell>
      <cell n="6" role="col6">
       <lb facs="#eSc_line_904d4325"/>
       <date cert="high" when-iso="[1902-01-14, 1902-02-14]">
        14
       </date>
      </cell>
      <cell n="7" role="col7">
       <lb facs="#eSc_line_a0fabfae"/>
       3.75
      </cell>
      <cell n="8" role="misc"/>
     </row>
    </table>
   </div>
  </body>
 </text>
</TEI>