<?xml version="1.0" encoding="UTF-8"?>
<TEI xmlns="http://www.tei-c.org/ns/1.0">
   <teiHeader>
      <fileDesc>
         <titleStmt>
            <title/>
            <author>escriptorium</author>
         </titleStmt>
         <publicationStmt>
            <p/>
         </publicationStmt>
         <sourceDesc>
            <p/>
         </sourceDesc>
      </fileDesc>
      <revisionDesc>
         <change when="2021-06-18T13:47:22.907689+00:00">Creation</change>
         <change when="2021-06-18T13:47:22.907712+00:00">Last change</change>
      </revisionDesc>
   </teiHeader>
   <sourceDoc>
      <surfaceGrp xml:id="eSc_textblock_2e39cb10" type="structure_{type:header;}">
         <surface>
            <graphic url="FRAN_0025_1290_L-1.jpg" width="3044px" height="4393px"/>
            <zone xml:id="eSc_line_e039e12c"
                  points="2446,413 2450,366 2472,362 2677,366 2688,410 2677,446 2582,442 2567,428 2450,439">
               <line>RELATION</line>
            </zone>
            <zone xml:id="eSc_line_f54521fb"
                  points="205,446 212,410 278,399 285,446 212,461">
               <line>Nos</line>
            </zone>
            <zone xml:id="eSc_line_c1a41ea4"
                  points="340,446 347,402 417,406 413,464 344,461">
               <line>DATES</line>
            </zone>
            <zone xml:id="eSc_line_90ae2b27"
                  points="1589,446 1593,395 1666,395 1681,380 1721,395 2128,380 2234,395 2267,380 2285,391 2296,442 2285,464 2219,464 2205,450 2172,464 2062,453 1985,464 1959,450 1926,464 1750,464 1732,450 1622,464 1597,450">
               <line>ET DOMICILE DES PARTIES</line>
            </zone>
            <zone xml:id="eSc_line_1c3bf7f9"
                  points="2538,453 2564,428 2586,435 2586,461 2545,468">
               <line>DE</line>
            </zone>
            <zone xml:id="eSc_line_be601ad5"
                  points="212,516 223,468 249,468 238,560 212,567">
               <line>DU</line>
            </zone>
            <zone xml:id="eSc_line_3dce8fe3"
                  points="2395,505 2406,453 2674,457 2714,464 2725,501 2692,523 2399,519">
               <line>l'Enregistrement.</line>
            </zone>
            <zone xml:id="eSc_line_17b33004"
                  points="358,523 366,475 399,464 399,549 366,549">
               <line>DES</line>
            </zone>
            <zone xml:id="eSc_line_f61ddcf5"
                  points="161,593 164,527 296,512 304,772 263,768 197,702 172,702">
               <line>REPERTOIRE</line>
            </zone>
            <zone xml:id="eSc_line_367bf081"
                  points="326,585 351,552 421,552 428,585 421,757 333,757">
               <line>ACTES</line>
            </zone>
            <zone xml:id="eSc_line_92bfdff8"
                  points="1586,596 1589,545 1644,560 1717,545 1765,560 2102,560 2124,545 2135,593 2069,600 2051,618 1919,600 1871,618 1776,600 1750,618 1663,600 1589,611">
               <line>SITUATIONS ET PRIX DES BIENS</line>
            </zone>
            <zone xml:id="eSc_line_794b69c0"
                  points="2369,618 2373,582 2410,567 2457,574 2461,633 2373,629">
               <line>DATES</line>
            </zone>
            <zone xml:id="eSc_line_f44032c9"
                  points="2549,611 2575,585 2641,582 2681,611 2655,633 2556,626">
               <line>DROITS</line>
            </zone>
         </surface>
      </surfaceGrp>
      <surfaceGrp xml:id="eSc_textblock_c3d77b3d" type="structure_{type:col_1;}">
         <surface>
            <graphic url="FRAN_0025_1290_L-1.jpg" width="3044px" height="4393px"/>
            <zone xml:id="eSc_line_20f814f4"
                  points="172,812 201,787 267,798 274,820 263,849 234,860 175,856">
               <line>
      292
     </line>
            </zone>
            <zone xml:id="eSc_line_0bf2d2b0"
                  points="172,929 179,907 234,904 267,907 278,937 267,970 245,977 175,970">
               <line>
      293
     </line>
            </zone>
            <zone xml:id="eSc_line_64947134"
                  points="161,1131 172,1087 234,1090 230,1149 164,1149">
               <line>
      294
     </line>
            </zone>
            <zone xml:id="eSc_line_50735760"
                  points="128,1310 131,1284 161,1266 183,1277 212,1259 234,1295 238,1394 186,1380 150,1409">
               <line>
      295
     </line>
            </zone>
            <zone xml:id="eSc_line_3d1eb359"
                  points="172,1427 179,1380 267,1380 282,1409 260,1449 241,1438 216,1457 183,1453">
               <line>
      296
     </line>
            </zone>
            <zone xml:id="eSc_line_c88e85f2"
                  points="186,1515 238,1493 285,1526 271,1555 186,1559">
               <line>
      297
     </line>
            </zone>
            <zone xml:id="eSc_line_fb6f6c38"
                  points="172,1588 179,1563 208,1555 271,1555 285,1588 278,1629 252,1640 179,1629">
               <line>
      298
     </line>
            </zone>
            <zone xml:id="eSc_line_2a98b74d"
                  points="186,1705 194,1673 274,1673 271,1742 194,1735">
               <line>
      299
     </line>
            </zone>
            <zone xml:id="eSc_line_8e0d6577"
                  points="201,1888 219,1848 278,1859 285,1892 274,1918 249,1907 205,1929">
               <line>
      300
     </line>
            </zone>
            <zone xml:id="eSc_line_33474fee"
                  points="186,2053 194,2028 234,2024 285,2031 293,2057 282,2090 245,2104 190,2090">
               <line>
      301
     </line>
            </zone>
            <zone xml:id="eSc_line_d8e5ba71"
                  points="179,2163 186,2137 212,2134 282,2159 274,2203 186,2200">
               <line>
      302
     </line>
            </zone>
            <zone xml:id="eSc_line_9bd663fb"
                  points="186,2463 194,2394 289,2383 289,2504 194,2507">
               <line>
      303
     </line>
            </zone>
            <zone xml:id="eSc_line_f42223c0"
                  points="186,2569 197,2551 249,2547 282,2555 289,2573 278,2624 190,2621">
               <line>
      304
     </line>
            </zone>
            <zone xml:id="eSc_line_4d34b619"
                  points="201,2687 223,2668 278,2668 296,2698 282,2741 201,2741">
               <line>
      305
     </line>
            </zone>
            <zone xml:id="eSc_line_36b72207"
                  points="194,2815 201,2793 227,2785 289,2789 296,2818 278,2851 197,2851">
               <line>
      306
     </line>
            </zone>
            <zone xml:id="eSc_line_caa22d71"
                  points="201,2892 212,2851 285,2855 282,2925 205,2932">
               <line>
      307
     </line>
            </zone>
            <zone xml:id="eSc_line_5ec60be3"
                  points="194,2987 201,2957 278,2957 296,2994 285,3020 197,3034">
               <line>
      308
     </line>
            </zone>
            <zone xml:id="eSc_line_3e81e507"
                  points="179,3181 194,3137 282,3144 282,3214 186,3206">
               <line>
      309
     </line>
            </zone>
            <zone xml:id="eSc_line_c3426e3a"
                  points="172,3236 194,3203 271,3210 282,3228 263,3261 179,3261">
               <line>
      310
     </line>
            </zone>
            <zone xml:id="eSc_line_0cc3bd86"
                  points="175,3474 194,3441 263,3444 274,3463 267,3496 183,3496">
               <line>
      311
     </line>
            </zone>
            <zone xml:id="eSc_line_656db443"
                  points="186,3532 190,3503 208,3496 274,3499 289,3529 278,3572 194,3561">
               <line>
      312
     </line>
            </zone>
            <zone xml:id="eSc_line_9dd770c8"
                  points="175,3649 179,3620 197,3613 271,3616 282,3638 267,3675 183,3675">
               <line>
      313
     </line>
            </zone>
            <zone xml:id="eSc_line_281c8013"
                  points="186,3756 223,3730 289,3737 296,3770 282,3796 186,3796">
               <line>
      314
     </line>
            </zone>
            <zone xml:id="eSc_line_e7dd1fdf"
                  points="194,3891 201,3851 285,3854 296,3887 285,3917 197,3909">
               <line>
      315
     </line>
            </zone>
            <zone xml:id="eSc_line_25316fe1"
                  points="201,3990 208,3972 282,3972 307,4004 293,4030 256,4041 201,4034">
               <line>
      316
     </line>
            </zone>
            <zone xml:id="eSc_line_dd88191a"
                  points="186,4136 205,4092 278,4096 285,4136 271,4173 194,4173">
               <line>
      317
     </line>
            </zone>
         </surface>
      </surfaceGrp>
      <surfaceGrp xml:id="eSc_textblock_08a57fef" type="structure_{type:col_2;}">
         <surface>
            <graphic url="FRAN_0025_1290_L-1.jpg" width="3044px" height="4393px"/>
            <zone xml:id="eSc_line_5ea8678e"
                  points="333,812 395,783 421,816 410,849 337,852">
               <line>
      15
     </line>
            </zone>
            <zone xml:id="eSc_line_eedc63e6"
                  points="337,933 344,907 395,900 413,940 377,977 340,973">
               <line>
      15
     </line>
            </zone>
            <zone xml:id="eSc_line_ce20b6c6"
                  points="340,1413 347,1376 410,1376 410,1457 347,1457">
               <line>
      17
     </line>
            </zone>
            <zone xml:id="eSc_line_ec24a885"
                  points="333,1526 340,1508 395,1497 395,1563 340,1555">
               <line>
      17
     </line>
            </zone>
            <zone xml:id="eSc_line_a6e0d1ef"
                  points="329,1599 347,1566 410,1577 417,1599 391,1625 337,1618">
               <line>
      17
     </line>
            </zone>
            <zone xml:id="eSc_line_346a90a8"
                  points="322,1705 333,1673 417,1687 402,1757 326,1727">
               <line>
      17
     </line>
            </zone>
            <zone xml:id="eSc_line_f457348b"
                  points="340,1874 380,1848 424,1881 406,1929 340,1921">
               <line>
      17
     </line>
            </zone>
            <zone xml:id="eSc_line_c3135d36"
                  points="351,2061 358,2024 417,2024 417,2101 358,2112">
               <line>
      17
     </line>
            </zone>
            <zone xml:id="eSc_line_2f2a9081"
                  points="351,2167 358,2137 402,2137 413,2159 410,2211 362,2222">
               <line>
      17
     </line>
            </zone>
            <zone xml:id="eSc_line_914d0da8"
                  points="337,2463 358,2434 399,2438 406,2463 399,2518 344,2500">
               <line>
      17
     </line>
            </zone>
            <zone xml:id="eSc_line_a27999fb"
                  points="333,2569 366,2551 417,2558 424,2573 384,2628 337,2610">
               <line>
      17
     </line>
            </zone>
            <zone xml:id="eSc_line_58f4cb41"
                  points="344,2701 351,2668 406,2668 424,2701 417,2734 351,2730">
               <line>
      18
     </line>
            </zone>
            <zone xml:id="eSc_line_71125f9f"
                  points="340,2829 351,2789 388,2785 410,2815 410,2844 351,2851">
               <line>
      18
     </line>
            </zone>
            <zone xml:id="eSc_line_53ee098c"
                  points="337,2877 344,2851 373,2848 406,2855 413,2877 406,2925 344,2925">
               <line>
      18
     </line>
            </zone>
            <zone xml:id="eSc_line_6dea4d0a"
                  points="337,2994 369,2961 421,2972 428,2994 421,3034 362,3027 344,3042">
               <line>
      18
     </line>
            </zone>
            <zone xml:id="eSc_line_74697802"
                  points="326,3173 344,3140 410,3148 406,3199 333,3195">
               <line>
      18
     </line>
            </zone>
            <zone xml:id="eSc_line_bb57c193"
                  points="329,3228 369,3199 406,3203 413,3228 406,3265 337,3258">
               <line>
      18
     </line>
            </zone>
            <zone xml:id="eSc_line_7c5e594f"
                  points="326,3466 355,3437 424,3444 432,3466 424,3496 333,3507">
               <line>
      18
     </line>
            </zone>
            <zone xml:id="eSc_line_df9c5ccd"
                  points="337,3536 347,3503 391,3503 402,3532 384,3569 344,3561">
               <line>
      20
     </line>
            </zone>
            <zone xml:id="eSc_line_d23e8c24"
                  points="333,3646 355,3613 391,3627 399,3649 388,3686 337,3682">
               <line>
      20
     </line>
            </zone>
            <zone xml:id="eSc_line_5a632525"
                  points="337,3766 337,3701 388,3697 395,3803 344,3796">
               <line>
      20
     </line>
            </zone>
            <zone xml:id="eSc_line_4eaf8389"
                  points="333,3887 347,3854 395,3858 395,3913 340,3917">
               <line>
      21
     </line>
            </zone>
            <zone xml:id="eSc_line_66dd14dc"
                  points="337,4001 344,3972 391,3968 391,4030 344,4041">
               <line>
      21
     </line>
            </zone>
            <zone xml:id="eSc_line_65c838a6"
                  points="347,4114 355,4092 399,4089 417,4114 406,4166 355,4166">
               <line>
      21
     </line>
            </zone>
         </surface>
      </surfaceGrp>
      <surfaceGrp xml:id="eSc_textblock_1845e379" type="structure_{type:col_3;}">
         <surface>
            <graphic url="FRAN_0025_1290_L-1.jpg" width="3044px" height="4393px"/>
            <zone xml:id="eSc_line_9028c7cf"
                  points="421,816 432,779 545,801 706,783 747,801 758,827 728,871 534,845 479,889 424,889">
               <line>
      P. V. ouv. Cof.
     </line>
            </zone>
            <zone xml:id="eSc_line_4ddec319"
                  points="534,1116 549,1087 567,1101 589,1090 600,1109 597,1149 545,1149">
               <line>
      16
     </line>
            </zone>
            <zone xml:id="eSc_line_fc4b9c2c"
                  points="527,1299 534,1226 560,1211 575,1226 674,1233 772,1215 769,1358 674,1350 615,1321 549,1339 531,1328">
               <line>
      17 Certif Sign.
     </line>
            </zone>
            <zone xml:id="eSc_line_0bd72723"
                  points="446,1416 450,1354 512,1354 549,1391 736,1372 750,1416 739,1449 703,1453 641,1438 450,1442">
               <line>
      Procuration
     </line>
            </zone>
            <zone xml:id="eSc_line_707118b3"
                  points="446,1530 468,1489 556,1489 652,1508 725,1497 732,1537 721,1566 681,1566 663,1585 556,1581 520,1563 498,1577 450,1559">
               <line>
      Certi ppté
     </line>
            </zone>
            <zone xml:id="eSc_line_ac1ed116"
                  points="435,3540 443,3459 509,3459 567,3507 747,3492 754,3543 743,3580 684,3561 483,3580 439,3561">
               <line>
      Procuration
     </line>
            </zone>
            <zone xml:id="eSc_line_bff12dfd"
                  points="428,3657 432,3605 476,3605 512,3627 542,3613 608,3627 714,3616 754,3624 765,3653 754,3679 659,3679 641,3697 432,3686">
               <line>
      Copie Collat.
     </line>
            </zone>
            <zone xml:id="eSc_line_acca9a20"
                  points="538,3766 578,3737 608,3737 630,3766 615,3807 545,3796">
               <line>
      d^o
     </line>
            </zone>
            <zone xml:id="eSc_line_92313a0a"
                  points="432,3895 439,3829 527,3832 564,3862 684,3858 714,3865 721,3895 714,3931 677,3917 659,3931 439,3917">
               <line>
      Substitution
     </line>
            </zone>
            <zone xml:id="eSc_line_5430065a"
                  points="428,4004 435,3953 476,3953 512,3986 600,3990 659,3968 717,3993 725,4015 710,4111 677,4122 641,4096 571,4092 487,4166 428,4162">
               <line>
      Procuration
     </line>
            </zone>
         </surface>
      </surfaceGrp>
      <surfaceGrp xml:id="eSc_textblock_87f6c099" type="structure_{type:col_4;}">
         <surface>
            <graphic url="FRAN_0025_1290_L-1.jpg" width="3044px" height="4393px"/>
            <zone xml:id="eSc_line_75874075"
                  points="794,940 805,900 908,918 1000,900 1021,918 1069,904 1087,951 1076,981 996,977 981,962 919,962 904,977 798,970">
               <line>
      Inventaire
     </line>
            </zone>
            <zone xml:id="eSc_line_e2d2d4b4"
                  points="846,1105 853,1046 1000,1046 996,1142 849,1142">
               <line>
      Vente
     </line>
            </zone>
            <zone xml:id="eSc_line_858257d7"
                  points="831,1588 838,1515 908,1515 952,1497 1011,1515 1021,1504 1021,1621 838,1621">
               <line>
      Dépôt
     </line>
            </zone>
            <zone xml:id="eSc_line_e6e332e9"
                  points="772,1709 776,1640 857,1640 904,1680 996,1665 1080,1676 1091,1705 1084,1731 1047,1757 989,1753 970,1735 915,1749 901,1738 886,1753 780,1738">
               <line>
      Déliv de Legs
     </line>
            </zone>
            <zone xml:id="eSc_line_be475cda"
                  points="772,1896 780,1845 875,1845 897,1859 1018,1859 1040,1845 1095,1859 1102,1888 1091,1936 1018,1936 967,1903 776,1910">
               <line>
      Contr. Mariag.
     </line>
            </zone>
            <zone xml:id="eSc_line_06d60fdc"
                  points="780,2068 783,2024 901,2031 930,2017 1029,2024 1040,2057 1032,2086 1011,2093 937,2083 886,2097 868,2083 842,2101 787,2086">
               <line>
      Ouv. coffre
     </line>
            </zone>
            <zone xml:id="eSc_line_345a73bc"
                  points="842,2178 846,2141 875,2134 915,2148 1014,2137 1029,2174 1021,2207 849,2203">
               <line>
      Vente
     </line>
            </zone>
            <zone xml:id="eSc_line_a78d3a70"
                  points="772,2482 776,2394 893,2394 956,2441 1087,2441 1098,2474 1069,2504 780,2504">
               <line>
      Ddéclaration
     </line>
            </zone>
            <zone xml:id="eSc_line_4f5a8ae2"
                  points="776,2588 783,2544 835,2558 956,2544 970,2558 1051,2547 1080,2591 1051,2617 780,2617">
               <line>
      Contr. Mari.
     </line>
            </zone>
            <zone xml:id="eSc_line_82b5166e"
                  points="772,2701 776,2654 816,2654 849,2683 919,2683 963,2665 1000,2679 1029,2665 1069,2683 1080,2712 1069,2734 776,2734">
               <line>
      Donation
     </line>
            </zone>
            <zone xml:id="eSc_line_aa14005a"
                  points="783,2829 791,2785 846,2804 915,2804 948,2785 1003,2793 1043,2804 1051,2829 1043,2855 791,2848">
               <line>
      Donation
     </line>
            </zone>
            <zone xml:id="eSc_line_0cde07f6"
                  points="787,2881 794,2844 824,2862 967,2848 1043,2866 1054,2888 1036,2921 791,2910">
               <line>
      Donation
     </line>
            </zone>
            <zone xml:id="eSc_line_9a79b781"
                  points="846,3005 853,2961 1007,2968 1003,3038 849,3020">
               <line>
      Vente
     </line>
            </zone>
            <zone xml:id="eSc_line_ec3ae8c3"
                  points="787,3184 791,3126 831,3126 871,3155 937,3155 963,3137 996,3151 1021,3137 1043,3177 1032,3203 791,3195">
               <line>
      Donation
     </line>
            </zone>
            <zone xml:id="eSc_line_7de37f0f"
                  points="765,3239 769,3195 813,3210 948,3199 967,3214 1000,3199 1014,3214 1073,3214 1084,3236 1065,3265 772,3272">
               <line>
      Ces. dr. SS^ifs. Imm.
     </line>
            </zone>
            <zone xml:id="eSc_line_8637ac70"
                  points="783,3481 791,3448 893,3463 945,3437 1007,3444 1032,3422 1076,3422 1087,3474 1073,3503 937,3492 926,3507 791,3507">
               <line>
      " " " Mob.
     </line>
            </zone>
            <zone xml:id="eSc_line_13c9e77b"
                  points="824,4118 835,4034 882,4052 941,4041 981,4059 974,4162 827,4162">
               <line>
      Vente
     </line>
            </zone>
         </surface>
      </surfaceGrp>
      <surfaceGrp xml:id="eSc_textblock_6b8ac22b" type="structure_{type:col_5;}">
         <surface>
            <graphic url="FRAN_0025_1290_L-1.jpg" width="3044px" height="4393px"/>
            <zone xml:id="eSc_line_b9c8adac"
                  points="1175,757 1183,706 1271,732 1344,710 1399,728 1446,713 1465,732 1523,732 1556,710 1582,724 1608,706 1670,732 1714,706 1739,732 1769,732 1809,706 1868,706 1897,732 2000,732 2007,761 1996,787 1945,790 1179,787">
               <line>
      An 1939, mois de Mars
     </line>
            </zone>
            <zone xml:id="eSc_line_e9501276"
                  points="1109,827 1113,783 1190,783 1212,798 1230,779 1329,798 1373,783 1468,798 1516,783 1560,798 1578,783 1619,798 1652,776 1710,798 1794,798 1809,783 1827,798 1959,798 1985,783 2058,794 2084,776 2135,798 2263,798 2285,776 2351,776 2362,823 2351,849 1113,849">
               <line>
      Bajul au décès de Désiré Alexandre Marius à Romainville
     </line>
            </zone>
            <zone xml:id="eSc_line_2e9c52b4"
                  points="1102,885 1106,856 1164,849 1223,863 1285,849 1439,863 1454,849 1659,860 1695,845 1769,860 1783,845 1930,845 1952,874 1941,904 1886,907 1106,900">
               <line>
      7 et 9 rue des Oseraies arrivé le 10 8^bre 1938
     </line>
            </zone>
            <zone xml:id="eSc_line_023f01ac"
                  points="1109,937 1117,904 1157,915 1172,900 1197,915 1311,915 1326,900 1373,915 1479,900 1545,915 1604,900 1633,915 1681,900 1703,915 1791,915 1864,896 1886,915 1978,893 2069,893 2087,911 2157,893 2179,915 2329,904 2340,944 2318,966 1113,955">
               <line>
      Jadin au décès de Dieudonné Joseph Adolphe à Paris 6 rue
     </line>
            </zone>
            <zone xml:id="eSc_line_336cc1bb"
                  points="1109,999 1117,955 1164,977 1190,962 1216,977 1337,977 1366,955 1428,977 1487,977 1501,962 1556,977 1630,955 1670,973 1728,973 1743,959 1761,977 1794,977 1890,959 1912,977 1978,977 2080,959 2146,977 2161,962 2252,955 2300,977 2337,955 2402,955 2410,1006 2337,1046 2245,1046 2212,1017 2146,1017 2113,1036 2073,1017 2051,1036 1941,1046 1857,1017 1809,1046 1780,1021 1692,1021 1670,1036 1564,1017 1501,1046 1435,1046 1373,1021 1344,1043 1282,1017 1252,1039 1216,1028 1175,1046 1113,1025">
               <line>
      des Batigolles y arrivé le 22-12-1938 ep^x de Henriette Eugénie
     </line>
            </zone>
            <zone xml:id="eSc_line_1820d578"
                  points="1102,1057 1109,1025 1128,1039 1194,1039 1296,1021 1337,1061 1326,1087 1146,1087 1106,1072">
               <line>
      Montigny
     </line>
            </zone>
            <zone xml:id="eSc_line_920c6d23"
                  points="1106,1127 1113,1072 1179,1098 1300,1076 1373,1098 1417,1076 1465,1098 1501,1098 1523,1076 1560,1094 1637,1072 1750,1072 1780,1098 1930,1098 1956,1079 1996,1098 2040,1083 2062,1098 2219,1098 2263,1079 2282,1098 2351,1090 2362,1123 2348,1145 1109,1138">
               <line>
      Pierrat et Anderson à Jules Menny à Drancy 11 rue Daisy
     </line>
            </zone>
            <zone xml:id="eSc_line_3b56b155"
                  points="1106,1178 1109,1142 1344,1153 1358,1138 1424,1153 1461,1138 1483,1153 1589,1138 1772,1153 1787,1138 1875,1138 1890,1153 1915,1138 1930,1153 2289,1138 2337,1153 2351,1138 2362,1175 2351,1208 2300,1193 2219,1193 2197,1208 2157,1193 2025,1208 1945,1193 1875,1208 1750,1208 1736,1193 1695,1208 1476,1208 1410,1193 1109,1204">
               <line>
      de 297^f 02 terrain etoile Drancy n°203 du plan XXX A. P n°110
     </line>
            </zone>
            <zone xml:id="eSc_line_4e45652e"
                  points="1109,1233 1120,1200 1373,1200 1380,1233 1373,1262 1315,1273 1274,1259 1249,1273 1117,1266">
               <line>
      prix 9756,65
     </line>
            </zone>
            <zone xml:id="eSc_line_edcb11f4"
                  points="1102,1306 1109,1262 1388,1270 1435,1248 1531,1262 1553,1241 1630,1241 1695,1270 1780,1252 1842,1270 1875,1252 1897,1270 1963,1270 1985,1252 2022,1270 2073,1270 2098,1252 2161,1266 2201,1241 2348,1241 2359,1303 2344,1325 1699,1310 1586,1310 1553,1325 1512,1310 1454,1325 1413,1310 1380,1325 1322,1310 1208,1325 1179,1310 1153,1325 1106,1310">
               <line>
      Baer conct Berthe Isabelle Henriette Bourdin ep^se de Richard
     </line>
            </zone>
            <zone xml:id="eSc_line_31d608fb"
                  points="1098,1350 1113,1310 1153,1328 1179,1314 1201,1328 1289,1328 1311,1314 1377,1328 1395,1310 1450,1328 1589,1317 1604,1332 1710,1317 1791,1332 1813,1314 1897,1332 2014,1314 2029,1358 2018,1383 1798,1372 1754,1387 1611,1387 1564,1369 1531,1383 1102,1380">
               <line>
      Philippe André à Paris 20 B^d de Courcelles
     </line>
            </zone>
            <zone xml:id="eSc_line_2b63505d"
                  points="1098,1409 1117,1372 1150,1391 1168,1376 1241,1391 1278,1372 1318,1391 1454,1391 1487,1376 1619,1394 1659,1380 1769,1394 1802,1376 1860,1376 1897,1394 1970,1376 2018,1394 2054,1376 2106,1394 2124,1376 2153,1394 2256,1394 2274,1376 2322,1376 2333,1398 2322,1449 2208,1449 2183,1431 2142,1449 2051,1431 1959,1431 1923,1449 1871,1431 1831,1449 1772,1435 1644,1449 1578,1431 1300,1446 1227,1427 1102,1446">
               <line>
      Cote p. Raymond à Paris 6 rue d'Amsterdam en bl.
     </line>
            </zone>
            <zone xml:id="eSc_line_969deaf9"
                  points="1102,1475 1106,1427 1172,1449 1208,1424 1245,1446 1307,1446 1318,1467 1293,1497 1164,1500 1109,1486">
               <line>
      p^r vendre
     </line>
            </zone>
            <zone xml:id="eSc_line_e629b960"
                  points="1102,1533 1106,1489 1201,1489 1234,1511 1501,1511 1520,1493 1644,1511 1685,1493 1714,1508 1728,1493 1772,1511 1959,1511 1974,1497 2022,1508 2054,1493 2073,1511 2098,1493 2142,1504 2157,1530 2102,1563 2011,1548 1989,1563 1937,1548 1278,1563 1179,1544 1106,1559">
               <line>
      Haltz conct prorat. div. pens. au nom de Louis
     </line>
            </zone>
            <zone xml:id="eSc_line_8aa6b8da"
                  points="1113,1577 1117,1552 1289,1566 1520,1566 1545,1552 1582,1566 1747,1566 1761,1552 2106,1566 2190,1552 2205,1566 2318,1563 2329,1585 2318,1610 2230,1618 1685,1607 1578,1618 1549,1603 1351,1618 1322,1603 1117,1603">
               <line>
      Seba de grosse env. en poss. SS^ion de Suzanne Rebecca
     </line>
            </zone>
            <zone xml:id="eSc_line_40028965"
                  points="1106,1651 1109,1607 1153,1625 1205,1607 1293,1610 1311,1625 1369,1625 1402,1607 1659,1625 1692,1607 1747,1625 1765,1607 1809,1625 1857,1610 1912,1610 1926,1625 2000,1625 2022,1610 2047,1625 2065,1607 2109,1621 2190,1607 2212,1625 2271,1625 2311,1607 2340,1651 2329,1676 1109,1665">
               <line>
      Rachel Carvallo à Paris 200 fg S^t Denis V^e de Fernand
     </line>
            </zone>
            <zone xml:id="eSc_line_1c86af64"
                  points="1102,1709 1113,1665 1135,1683 1219,1683 1234,1669 1256,1683 1326,1669 1362,1680 1377,1665 1424,1683 1450,1665 1637,1665 1695,1683 1747,1669 1772,1683 1791,1665 1824,1680 1868,1665 1886,1683 1952,1683 1981,1665 2007,1683 2183,1683 2201,1665 2326,1683 2359,1665 2377,1705 2362,1731 2282,1735 1106,1727">
               <line>
      Raer p. Berthe Isabelle Henriette Bourdin epse de Richard
     </line>
            </zone>
            <zone xml:id="eSc_line_83031166"
                  points="1095,1768 1098,1724 1150,1738 1190,1727 1216,1746 1282,1731 1307,1746 1461,1746 1494,1724 1567,1746 1582,1731 1619,1742 1677,1727 1736,1749 1787,1749 1809,1731 1919,1749 1985,1727 2014,1749 2080,1749 2102,1727 2157,1749 2194,1727 2333,1727 2355,1731 2366,1775 2337,1797 2234,1786 2197,1804 2076,1786 2025,1804 1728,1786 1560,1801 1542,1782 1450,1782 1406,1801 1098,1793">
               <line>
      Philippe André à Paris 20 B^d de Courcelles à Angele Miller
     </line>
            </zone>
            <zone xml:id="eSc_line_298912b9"
                  points="1106,1837 1109,1804 1142,1786 1190,1804 1267,1790 1421,1804 1439,1786 1681,1804 1717,1786 1791,1804 1809,1786 1875,1786 1923,1804 1934,1834 1923,1852 1109,1845">
               <line>
      à Paris 81 rue de la Pompe Villa Hérau
     </line>
            </zone>
            <zone xml:id="eSc_line_b0fead6b"
                  points="1128,1892 1139,1845 1190,1863 1318,1863 1388,1845 1413,1863 1439,1845 1472,1859 1498,1845 1516,1863 1575,1845 1611,1863 1681,1863 1721,1841 1952,1863 1992,1826 2029,1863 2073,1845 2106,1856 2135,1826 2355,1826 2366,1888 2329,1910 1131,1910">
               <line>
      Janson entre Georges Marcel Marie à Orbec Calvados 125
     </line>
            </zone>
            <zone xml:id="eSc_line_8dc53e41"
                  points="1102,1947 1106,1921 1179,1921 1194,1907 1373,1921 1417,1903 1450,1921 1509,1903 1608,1903 1637,1921 1666,1903 1791,1918 1857,1903 1886,1921 1934,1907 2069,1921 2087,1903 2157,1918 2219,1903 2249,1921 2307,1903 2318,1940 2307,1973 1106,1969">
               <line>
      rue Grande et Mathilde Colette Laguerre à Neuilly s/
     </line>
            </zone>
            <zone xml:id="eSc_line_c0f24594"
                  points="1098,2002 1117,1969 1161,1984 1282,1969 1311,1984 1362,1969 1391,1984 1435,1969 1483,1984 1575,1969 1633,1984 1868,1969 1923,1984 1978,1969 1992,1984 2036,1973 2058,2002 2051,2024 1970,2031 1721,2031 1699,2017 1674,2031 1106,2020">
               <line>
      Seine 11 rue Berteaux Dumas sép de Biens
     </line>
            </zone>
            <zone xml:id="eSc_line_56240c69"
                  points="1098,2068 1102,2028 1421,2046 1479,2024 1520,2024 1542,2042 1589,2028 1637,2042 1681,2024 1736,2042 1776,2024 1831,2042 1849,2020 1912,2039 2219,2039 2293,2035 2311,2017 2355,2028 2369,2057 2362,2097 2329,2079 2102,2101 2062,2083 2036,2097 2014,2083 2000,2093 1897,2075 1871,2097 1802,2104 1780,2086 1717,2079 1695,2093 1644,2079 1564,2093 1549,2079 1476,2075 1380,2097 1344,2079 1326,2093 1234,2079 1216,2097 1194,2079 1135,2079 1106,2101">
               <line>
      Holtz au décès de Louis à Paris 1^ter rue Chanez y arrivé
     </line>
            </zone>
            <zone xml:id="eSc_line_48212246"
                  points="1102,2126 1117,2083 1153,2097 1179,2083 1205,2097 1366,2086 1384,2119 1373,2141 1106,2141">
               <line>
      le 5-12.1938
     </line>
            </zone>
            <zone xml:id="eSc_line_4d656e63"
                  points="1102,2181 1124,2141 1172,2156 1197,2137 1271,2134 1311,2156 1344,2137 1424,2156 1443,2137 1512,2134 1575,2156 1652,2156 1666,2141 1736,2156 1758,2134 1809,2148 1842,2134 1871,2156 1945,2137 1996,2156 2076,2156 2135,2134 2238,2152 2252,2137 2274,2156 2344,2156 2351,2181 2329,2200 2201,2203 1109,2203">
               <line>
      Chapée p. Henri Alexandre André etMarie Léonie -
     </line>
            </zone>
            <zone xml:id="eSc_line_222a3cc3"
                  points="1095,2236 1098,2207 1120,2196 1172,2200 1190,2218 1315,2218 1337,2196 1380,2211 1443,2196 1476,2218 1516,2200 1619,2196 1688,2218 1714,2196 1739,2214 1761,2200 1890,2214 1912,2192 1985,2192 2003,2211 2029,2196 2051,2207 2146,2192 2175,2214 2293,2214 2304,2229 2293,2258 1098,2251">
               <line>
      Klepper à Levallois Perret 59 rue du Présid. Wilson à
     </line>
            </zone>
            <zone xml:id="eSc_line_d32abc70"
                  points="1106,2306 1109,2255 1124,2251 1183,2269 1241,2269 1263,2251 1300,2269 1366,2251 1435,2269 1468,2255 1604,2269 1622,2251 1641,2269 1717,2269 1736,2251 1765,2269 1831,2251 1875,2269 1923,2251 2087,2269 2212,2269 2249,2255 2278,2269 2311,2247 2362,2247 2424,2266 2435,2295 2417,2317 2293,2328 2267,2313 2157,2328 1860,2313 1754,2328 1688,2309 1553,2309 1534,2328 1476,2309 1432,2328 1340,2313 1157,2313 1113,2328">
               <line>
      Lucien René Breton et Marthe Elisabeth Wertz à Levallois
     </line>
            </zone>
            <zone xml:id="eSc_line_5fed2879"
                  points="1098,2361 1102,2324 1175,2335 1227,2317 1271,2335 1304,2317 1337,2335 1351,2320 1424,2335 1443,2317 1523,2335 1545,2317 1637,2313 1688,2313 1710,2331 1838,2331 1853,2317 1882,2331 1970,2331 1985,2317 2164,2331 2205,2309 2263,2309 2285,2328 2311,2313 2322,2350 2307,2372 2274,2379 2186,2368 2146,2383 1893,2383 1879,2368 1641,2368 1523,2386 1443,2386 1417,2372 1307,2372 1282,2386 1212,2372 1183,2386 1102,2379">
               <line>
      Perret 61 rue du Présid^t Wilson de 406^m terrain à S^te Gen
     </line>
            </zone>
            <zone xml:id="eSc_line_b4f4e090"
                  points="1084,2412 1087,2383 1106,2375 1509,2386 1553,2372 1930,2383 1948,2368 2102,2368 2113,2405 2098,2434 1091,2430">
               <line>
      des Bois "Le Donjon" XXX B n°62 P p^x 8.000^f
     </line>
            </zone>
            <zone xml:id="eSc_line_a96facac"
                  points="1109,2474 1113,2430 1183,2430 1205,2452 1271,2452 1296,2430 1348,2434 1366,2452 1395,2452 1417,2430 1457,2430 1479,2452 1501,2438 1538,2452 1655,2452 1692,2430 1765,2434 1783,2452 1934,2452 1956,2430 2022,2430 2065,2452 2128,2430 2172,2445 2234,2430 2267,2452 2326,2452 2337,2471 2311,2496 1113,2489">
               <line>
      S^té Procédés Spéciaux et travaux à Paris 54 Av^e de
     </line>
            </zone>
            <zone xml:id="eSc_line_831da235"
                  points="1109,2529 1113,2493 1333,2493 1351,2507 1652,2493 1681,2507 1721,2493 2183,2504 2234,2489 2267,2522 2256,2555 1772,2555 1736,2540 1578,2558 1421,2558 1402,2544 1340,2558 1113,2544">
               <line>
      la Motte Picquet cap. 100.000 (de sous et Vers^t)
     </line>
            </zone>
            <zone xml:id="eSc_line_eeb9eb14"
                  points="1109,2584 1120,2544 1150,2562 1227,2547 1260,2562 1322,2547 1384,2562 1413,2544 1494,2566 1553,2547 1578,2562 1761,2547 1802,2566 1827,2547 1846,2566 1868,2555 1923,2569 2183,2551 2223,2569 2340,2562 2348,2599 2337,2621 2208,2621 2168,2606 2011,2621 1901,2602 1461,2613 1413,2599 1358,2613 1282,2599 1241,2613 1113,2613">
               <line>
      Pappé entre André Désiré à Paris 44 rue de Montmorency
     </line>
            </zone>
            <zone xml:id="eSc_line_7653c135"
                  points="1098,2654 1102,2617 1227,2624 1241,2610 1556,2621 1608,2606 1663,2621 1717,2606 1732,2621 1875,2602 1890,2617 1956,2617 1967,2643 1956,2672 1428,2665 1413,2679 1245,2679 1230,2665 1102,2665">
               <line>
      et Marcelle Hélène Bouchet sép. de Biens.
     </line>
            </zone>
            <zone xml:id="eSc_line_c6d24b8f"
                  points="1106,2705 1113,2661 1216,2687 1304,2668 1322,2683 1373,2668 1395,2687 1446,2687 1472,2665 1505,2687 1575,2687 1608,2661 1655,2665 1674,2683 1787,2690 1831,2690 1864,2665 1890,2683 1952,2668 1985,2690 2011,2668 2040,2690 2120,2665 2296,2665 2322,2690 2344,2687 2351,2712 2326,2734 2241,2727 2227,2741 2186,2727 2022,2727 2007,2741 1959,2727 1780,2727 1765,2741 1717,2723 1670,2738 1589,2723 1549,2738 1443,2723 1380,2738 1109,2727">
               <line>
      Desevre p. Pierre Marcel Georges à Paris 107 rue du chateau
     </line>
            </zone>
            <zone xml:id="eSc_line_edaddaa9"
                  points="1095,2774 1098,2727 1186,2741 1388,2741 1424,2727 1509,2741 1564,2727 1619,2741 1813,2741 1827,2727 2003,2741 2018,2727 2098,2727 2124,2756 2113,2785 2062,2793 1098,2782">
               <line>
      à Marie Madeleine Pichon sa f^e toute ppté
     </line>
            </zone>
            <zone xml:id="eSc_line_a7f17d29"
                  points="1095,2826 1098,2785 1139,2800 1285,2800 1300,2785 1366,2785 1380,2800 1424,2785 1472,2800 1813,2785 1842,2800 1901,2785 1956,2789 1967,2818 1934,2855 1912,2840 1882,2855 1802,2840 1703,2840 1677,2855 1494,2855 1472,2840 1428,2855 1201,2855 1098,2840">
               <line>
      Desèvre p la f^e au mari toute ppté
     </line>
            </zone>
            <zone xml:id="eSc_line_d572cefd"
                  points="1113,2881 1135,2844 1164,2866 1212,2848 1300,2866 1373,2866 1391,2848 1417,2866 1582,2866 1611,2848 1725,2866 1750,2844 1816,2844 1871,2866 1915,2844 1945,2866 1963,2851 2011,2866 2051,2844 2128,2862 2153,2844 2230,2859 2245,2844 2271,2862 2329,2855 2348,2884 2333,2903 2227,2899 2197,2914 2098,2914 2080,2895 1956,2914 1864,2895 1809,2914 1739,2895 1674,2914 1586,2899 1472,2914 1410,2895 1377,2895 1358,2914 1230,2914 1157,2895 1117,2914">
               <line>
      Théveneau p. Ernest Anatole à Paris 18 rue Bonnet
     </line>
            </zone>
            <zone xml:id="eSc_line_4711a78b"
                  points="1102,2946 1106,2921 1146,2903 1197,2921 1340,2921 1369,2903 1509,2921 1571,2899 1630,2917 1710,2917 1728,2899 1761,2917 1827,2917 1846,2899 1956,2914 2080,2895 2106,2932 2076,2965 1106,2961">
               <line>
      à Simonne Jeanne Douzal sa f^e toute ppté
     </line>
            </zone>
            <zone xml:id="eSc_line_161c1c85"
                  points="1095,2998 1098,2961 1117,2954 1150,2976 1289,2976 1304,2961 1333,2972 1348,2957 1373,2976 1417,2976 1439,2957 1479,2976 1571,2976 1725,2957 1743,2979 1798,2965 1864,2979 1882,2961 2040,2979 2205,2961 2223,2976 2311,2972 2329,2994 2304,3031 2249,3012 2190,3027 2043,3012 1996,3031 1842,3031 1780,3012 1652,3023 1637,3009 1593,3027 1146,3027 1098,3009">
               <line>
      Romero p. Antonio et Cathalina Gutierrez à Drancy
     </line>
            </zone>
            <zone xml:id="eSc_line_e0ec4658"
                  points="1102,3060 1109,3020 1146,3038 1205,3038 1238,3020 1282,3038 1402,3038 1450,3020 1472,3038 1542,3038 1556,3023 1586,3038 1604,3020 1644,3020 1663,3038 1721,3020 1831,3020 1853,3038 2040,3020 2080,3038 2139,3020 2179,3038 2197,3020 2267,3020 2285,3038 2329,3038 2340,3064 2260,3093 2190,3093 2175,3078 1919,3078 1904,3093 1882,3078 1824,3093 1794,3078 1725,3078 1706,3093 1476,3093 1461,3078 1399,3093 1106,3086">
               <line>
      16 rue Daisy à Ernest Anatole Theneveau etsa f^e sus
     </line>
            </zone>
            <zone xml:id="eSc_line_5572eae1"
                  points="1106,3115 1131,3086 1238,3097 1318,3082 1369,3097 1439,3078 1498,3100 1615,3100 1659,3082 1692,3100 1747,3100 1769,3082 1809,3100 1864,3082 1901,3097 1919,3082 1985,3097 2073,3082 2131,3100 2168,3082 2179,3111 2168,3137 2139,3144 1109,3140">
               <line>
      née maison à Drancy 16 rue Daisy p^rx 25000^f
     </line>
            </zone>
            <zone xml:id="eSc_line_18427899"
                  points="1102,3170 1109,3137 1157,3137 1183,3155 1348,3155 1369,3137 1424,3137 1443,3155 1479,3137 1538,3155 1750,3155 1780,3137 1857,3151 1879,3137 1915,3155 1959,3137 2003,3148 2014,3170 2003,3195 1919,3206 1816,3206 1802,3192 1637,3192 1622,3206 1578,3192 1501,3206 1421,3192 1388,3206 1219,3206 1161,3192 1106,3206">
               <line>
      Theneveau p la f^e au mari toute ppté
     </line>
            </zone>
            <zone xml:id="eSc_line_44d7905f"
                  points="1098,3236 1106,3217 1161,3199 1212,3199 1230,3217 1388,3217 1406,3199 1472,3217 1516,3203 1534,3217 1571,3203 1655,3214 1670,3199 1780,3199 1798,3217 1846,3217 1875,3199 1912,3217 1948,3199 1985,3217 2073,3217 2117,3199 2282,3199 2296,3214 2366,3199 2410,3236 2377,3265 1106,3261">
               <line>
      Feltmann p. Jean Baptiste Eugène Bernard au Kremlin
     </line>
            </zone>
            <zone xml:id="eSc_line_b8104e80"
                  points="1095,3294 1098,3258 1135,3276 1172,3258 1223,3276 1267,3258 1329,3258 1348,3276 1443,3276 1461,3258 1509,3276 1578,3276 1593,3261 1652,3276 1670,3258 1750,3276 1816,3258 1871,3276 1919,3276 1937,3258 2069,3258 2084,3272 2164,3258 2197,3272 2340,3276 2351,3294 2322,3320 2216,3324 2043,3309 1989,3324 1890,3309 1871,3324 1849,3309 1809,3324 1765,3309 1721,3324 1677,3309 1648,3324 1468,3309 1439,3324 1098,3324">
               <line>
      Bicêtre 5 rue Pasteur et autres à Marie Collin à Ivry sur
     </line>
            </zone>
            <zone xml:id="eSc_line_5c3b5799"
                  points="1098,3356 1117,3316 1161,3335 1358,3335 1454,3313 1523,3331 1553,3313 1619,3338 1659,3316 1699,3331 1736,3316 1835,3316 1849,3331 1912,3316 1937,3338 1959,3320 2065,3320 2087,3342 2179,3342 2227,3320 2245,3338 2271,3324 2293,3342 2337,3342 2348,3360 2318,3382 2219,3389 2164,3375 1992,3389 1945,3371 1838,3371 1824,3386 1761,3371 1728,3386 1699,3371 1626,3386 1388,3371 1267,3382 1252,3367 1234,3382 1102,3378">
               <line>
      Seine 43 rue Barbès V^e de Charles  Victor Feltmann p^rx -
     </line>
            </zone>
            <zone xml:id="eSc_line_5ed1130e"
                  points="1102,3422 1106,3382 1219,3393 1238,3375 1293,3393 1362,3393 1380,3375 1424,3375 1446,3393 1597,3378 1630,3393 1670,3375 1776,3393 1835,3375 2087,3393 2161,3375 2216,3393 2289,3375 2333,3419 2300,3441 1106,3441">
               <line>
      4.000^f dans biens sis à Pont de l'Arche rue S^te Marie
     </line>
            </zone>
            <zone xml:id="eSc_line_43e2dbc4"
                  points="1095,3477 1117,3441 1205,3441 1219,3455 1304,3441 1322,3455 1399,3441 1428,3455 1457,3441 1479,3455 1567,3437 1608,3452 1728,3437 1750,3452 1820,3452 1835,3437 1934,3452 1948,3437 2219,3448 2263,3433 2285,3466 2260,3499 1098,3496">
               <line>
      Feltmann p. les mêmes à la même prx 40.000^f
     </line>
            </zone>
            <zone xml:id="eSc_line_4ec074d1"
                  points="1102,3540 1106,3492 1139,3507 1157,3496 1175,3514 1241,3496 1278,3514 1307,3492 1362,3514 1509,3492 1545,3514 1743,3514 1765,3492 1919,3514 1945,3492 2036,3510 2062,3492 2128,3488 2146,3507 2190,3488 2230,3510 2315,3488 2333,3521 2318,3554 2282,3565 2252,3551 2212,3565 2106,3551 1974,3569 1608,3569 1578,3554 1417,3569 1358,3554 1256,3554 1241,3569 1146,3554 1131,3569 1106,3554">
               <line>
      Binet p. Maurice Emmanuel Hippolyte à Vichy 115^bis
     </line>
            </zone>
            <zone xml:id="eSc_line_af1b9298"
                  points="1113,3591 1117,3569 1150,3554 1186,3572 1337,3558 1479,3572 1527,3554 1582,3554 1600,3572 1776,3572 1816,3558 1835,3576 1974,3576 2011,3558 2062,3558 2076,3572 2164,3558 2194,3576 2260,3558 2278,3591 2267,3616 2201,3627 2179,3613 2117,3613 2098,3627 2073,3613 1912,3613 1897,3627 1791,3613 1750,3627 1717,3609 1655,3624 1117,3620">
               <line>
      B^d des Etats Unis età Paris 2 rue Greuze en bl. p^r toucher
     </line>
            </zone>
            <zone xml:id="eSc_line_7edc5988"
                  points="1098,3653 1102,3616 1124,3631 1413,3631 1479,3616 1586,3616 1615,3631 1681,3631 1695,3616 1739,3631 2076,3616 2095,3631 2128,3616 2142,3631 2216,3631 2230,3616 2326,3616 2391,3646 2380,3679 2333,3668 2289,3682 2230,3668 2150,3682 2069,3682 2054,3668 2036,3682 1941,3668 1886,3682 1479,3668 1461,3682 1410,3668 1358,3682 1102,3679">
               <line>
      Meyer req. des H^rs de Marcel à Paris 32 B^d S^t Marcel décédé
     </line>
            </zone>
            <zone xml:id="eSc_line_e420bec3"
                  points="1095,3708 1106,3675 1157,3675 1172,3690 1300,3679 1344,3693 1395,3679 1509,3693 1523,3679 1575,3679 1586,3715 1575,3734 1516,3741 1098,3734">
               <line>
      le 30 septembre 1938
     </line>
            </zone>
            <zone xml:id="eSc_line_4ff61444"
                  points="1098,3774 1102,3734 1146,3730 1230,3748 1369,3748 1395,3734 1479,3734 1494,3748 1582,3734 1604,3748 1622,3730 1710,3730 1736,3748 1783,3734 1802,3748 1901,3748 1919,3730 2040,3748 2183,3730 2329,3748 2366,3730 2384,3770 2373,3810 2307,3810 2289,3796 2095,3810 2051,3792 2011,3807 1989,3788 1897,3803 1827,3788 1791,3810 1743,3810 1717,3788 1611,3803 1560,3788 1534,3803 1472,3788 1395,3803 1282,3788 1245,3807 1120,3796 1102,3810">
               <line>
      Hirts req des H^rs de Marthe Meyer a Paris 19 B^d S^t Marcel
     </line>
            </zone>
            <zone xml:id="eSc_line_a6e2fc00"
                  points="1109,3832 1120,3796 1245,3810 1282,3792 1362,3810 1560,3792 1633,3810 1655,3796 1732,3814 1794,3814 1816,3796 1838,3814 2087,3796 2098,3832 2084,3869 2051,3851 1992,3865 1967,3851 1926,3869 1835,3854 1813,3869 1743,3854 1648,3869 1630,3851 1516,3865 1439,3847 1355,3865 1315,3847 1172,3865 1113,3847">
               <line>
      decedée le 30 sept 1938 ep^se de Jacques Hirtz
     </line>
            </zone>
            <zone xml:id="eSc_line_c8f65c7f"
                  points="1102,3895 1106,3851 1175,3865 1194,3851 1219,3865 1395,3858 1417,3873 1450,3873 1468,3854 1509,3873 1575,3854 1641,3873 1714,3869 1728,3854 1772,3873 1981,3873 2007,3854 2058,3854 2076,3873 2098,3854 2150,3873 2205,3873 2230,3854 2296,3873 2322,3854 2337,3898 2315,3931 2186,3931 2135,3913 2018,3931 1959,3917 1772,3931 1758,3917 1728,3928 1611,3913 1549,3913 1523,3931 1487,3913 1402,3931 1322,3917 1296,3931 1278,3913 1223,3931 1190,3913 1106,3909">
               <line>
      Penel p Frantz à Paris 93 rue S^t Lazare en bl. dans  pouv.
     </line>
            </zone>
            <zone xml:id="eSc_line_491806a4"
                  points="1095,3950 1102,3913 1223,3931 1263,3931 1282,3913 1300,3931 1326,3917 1369,3931 1450,3931 1468,3913 1509,3931 1553,3913 1615,3913 1637,3931 1677,3917 1703,3950 1695,3975 1604,3968 1589,3982 1494,3968 1443,3982 1102,3975">
               <line>
      Didier p^r accep bénéf. Inv.
     </line>
            </zone>
            <zone xml:id="eSc_line_47fee035"
                  points="1109,4008 1113,3968 1164,3986 1311,3972 1465,3986 1487,3964 1597,3986 1655,3972 1717,3986 1747,3964 1864,3972 1886,3990 1989,3990 2032,3968 2157,3968 2179,3990 2216,3990 2271,3972 2326,3986 2337,4008 2326,4037 2227,4030 2208,4045 2164,4030 2011,4030 1985,4045 1945,4030 1538,4041 1472,4026 1402,4041 1164,4041 1113,4023">
               <line>
      Guesdon p. Henri Jules Eugène à Paris 23 rue de Rôme etsa
     </line>
            </zone>
            <zone xml:id="eSc_line_b91f33b8"
                  points="1102,4063 1106,4034 1153,4048 1208,4034 1446,4048 1479,4034 1505,4067 1494,4096 1106,4085">
               <line>
      f^e en bl. p^r mainl.
     </line>
            </zone>
            <zone xml:id="eSc_line_92523646"
                  points="1095,4129 1098,4089 1161,4089 1175,4103 1721,4103 1747,4089 1765,4103 1835,4089 1956,4103 1992,4089 2131,4103 2150,4089 2190,4103 2208,4089 2318,4089 2344,4133 2311,4158 1098,4147">
               <line>
      Delaye p. Raymond Louis etMarie Angèle Denise Maury à Noisy
     </line>
            </zone>
            <zone xml:id="eSc_line_396c18ea"
                  points="1098,4180 1102,4151 1139,4166 1388,4166 1406,4151 1465,4166 1512,4151 1527,4166 1586,4151 1706,4151 1721,4166 2003,4151 2069,4166 2223,4151 2267,4166 2406,4158 2417,4206 2406,4228 2285,4228 2208,4198 2161,4198 2113,4228 2051,4198 2032,4217 1978,4202 1959,4220 1919,4198 1882,4213 1791,4198 1747,4228 1685,4202 1608,4202 1593,4217 1549,4206 1520,4228 1479,4206 1450,4224 1432,4206 1413,4220 1161,4206 1124,4224 1102,4206">
               <line>
      le Grand 24 rue Henri Navier a Pierre Reynier à Paris 18 rue de L'Orillon maison
     </line>
            </zone>
            <zone xml:id="eSc_line_97654246"
                  points="1109,4235 1113,4209 1304,4202 1337,4217 1479,4206 1501,4220 1644,4209 1666,4224 1692,4209 1706,4224 1879,4213 1923,4246 1912,4268 1769,4264 1754,4279 1739,4264 1699,4279 1615,4264 1553,4279 1512,4264 1406,4279 1351,4279 1337,4264 1113,4268">
               <line>
      à Noisy le Grand 24 rue Piere Navier prix 35000
     </line>
            </zone>
         </surface>
      </surfaceGrp>
      <surfaceGrp xml:id="eSc_textblock_a5c20245" type="structure_{type:col_6;}">
         <surface>
            <graphic url="FRAN_0025_1290_L-1.jpg" width="3044px" height="4393px"/>
            <zone xml:id="eSc_line_f3e82aca"
                  points="2391,871 2395,841 2446,841 2476,874 2465,907 2395,907">
               <line>
      22
     </line>
            </zone>
            <zone xml:id="eSc_line_79f940c3"
                  points="2369,1054 2377,1028 2454,1017 2450,1083 2373,1087">
               <line>
      22
     </line>
            </zone>
            <zone xml:id="eSc_line_12ccdae2"
                  points="2369,1222 2373,1204 2406,1193 2454,1197 2465,1215 2461,1270 2380,1270">
               <line>
      23
     </line>
            </zone>
            <zone xml:id="eSc_line_02b0f9aa"
                  points="2366,1350 2395,1317 2432,1317 2465,1339 2461,1372 2377,1387">
               <line>
      23
     </line>
            </zone>
            <zone xml:id="eSc_line_5ff25cb6"
                  points="2366,1471 2373,1442 2468,1435 2468,1508 2373,1493">
               <line>
      23
     </line>
            </zone>
            <zone xml:id="eSc_line_f7344803"
                  points="2410,1537 2421,1508 2461,1541 2413,1555">
               <line>
      -
     </line>
            </zone>
            <zone xml:id="eSc_line_cbabfe53"
                  points="2384,1647 2395,1610 2461,1618 2461,1683 2391,1673">
               <line>
      22
     </line>
            </zone>
            <zone xml:id="eSc_line_6e12e5a0"
                  points="2373,1823 2377,1797 2399,1786 2454,1793 2465,1819 2454,1856 2380,1856">
               <line>
      23
     </line>
            </zone>
            <zone xml:id="eSc_line_3a3ae1a8"
                  points="2377,1995 2388,1969 2439,1965 2476,1998 2465,2039 2380,2024">
               <line>
      22
     </line>
            </zone>
            <zone xml:id="eSc_line_052babf1"
                  points="2369,2112 2417,2083 2465,2115 2454,2156 2373,2148">
               <line>
      22
     </line>
            </zone>
            <zone xml:id="eSc_line_a11c5881"
                  points="2380,2397 2406,2368 2443,2372 2450,2397 2443,2441 2388,2441">
               <line>
      23
     </line>
            </zone>
            <zone xml:id="eSc_line_e2bac409"
                  points="2399,2514 2410,2489 2443,2489 2461,2525 2446,2555 2399,2547">
               <line>
      22
     </line>
            </zone>
            <zone xml:id="eSc_line_e852979e"
                  points="2388,2635 2406,2606 2457,2606 2465,2635 2457,2672 2395,2679">
               <line>
      22
     </line>
            </zone>
            <zone xml:id="eSc_line_8fa8419a"
                  points="2402,2756 2424,2734 2457,2760 2443,2793 2406,2804">
               <line>
      -
     </line>
            </zone>
            <zone xml:id="eSc_line_0cf032a6"
                  points="2399,2833 2413,2804 2461,2822 2450,2848 2410,2855">
               <line>
      -
     </line>
            </zone>
            <zone xml:id="eSc_line_8a7c2302"
                  points="2402,2939 2417,2917 2479,2939 2468,2972 2410,2965">
               <line>
      -
     </line>
            </zone>
            <zone xml:id="eSc_line_7bba311b"
                  points="2369,3097 2395,3075 2443,3075 2468,3104 2457,3140 2373,3137">
               <line>
      23
     </line>
            </zone>
            <zone xml:id="eSc_line_ad15093e"
                  points="2402,3173 2479,3133 2476,3214 2406,3203">
               <line>
      -
     </line>
            </zone>
            <zone xml:id="eSc_line_b1d7407e"
                  points="2373,3404 2377,3378 2406,3371 2446,3378 2457,3400 2446,3433 2380,3433">
               <line>
      23
     </line>
            </zone>
            <zone xml:id="eSc_line_e952229e"
                  points="2355,3474 2359,3452 2450,3441 2446,3488 2406,3503 2359,3496">
               <line>
      23
     </line>
            </zone>
            <zone xml:id="eSc_line_0d507669"
                  points="2399,3591 2417,3561 2450,3565 2461,3583 2457,3613 2406,3616">
               <line>
      23
     </line>
            </zone>
            <zone xml:id="eSc_line_ae0f6f2d"
                  points="2395,3719 2402,3701 2424,3701 2454,3723 2435,3759 2399,3748">
               <line>
      -
     </line>
            </zone>
            <zone xml:id="eSc_line_4e91520b"
                  points="2384,3825 2399,3803 2457,3825 2450,3854 2391,3858">
               <line>
      -
     </line>
            </zone>
            <zone xml:id="eSc_line_40d9e580"
                  points="2384,3935 2402,3917 2446,3920 2454,3935 2446,3968 2391,3979">
               <line>
      23
     </line>
            </zone>
            <zone xml:id="eSc_line_144da58d"
                  points="2369,4063 2373,3990 2457,3986 2461,4100 2377,4089">
               <line>
      23
     </line>
            </zone>
            <zone xml:id="eSc_line_5ca472ce"
                  points="2391,4242 2417,4206 2455,4203 2457,4261 2399,4261">
               <line>
      23
     </line>
            </zone>
         </surface>
      </surfaceGrp>
      <surfaceGrp xml:id="eSc_textblock_e060024a" type="structure_{type:col_7;}">
         <surface>
            <graphic url="FRAN_0025_1290_L-1.jpg" width="3044px" height="4393px"/>
            <zone xml:id="eSc_line_0d5bfaf4"
                  points="2567,885 2575,856 2633,860 2666,827 2732,856 2754,841 2750,933 2571,915">
               <line>
      -|-
     </line>
            </zone>
            <zone xml:id="eSc_line_187af570"
                  points="2589,1061 2597,1025 2652,1025 2674,1003 2703,1003 2743,1028 2750,1068 2688,1094 2593,1079">
               <line>
      35|-
     </line>
            </zone>
            <zone xml:id="eSc_line_3048a17c"
                  points="2531,1233 2556,1197 2652,1211 2728,1200 2758,1233 2750,1266 2699,1288 2593,1288 2571,1266 2538,1266">
               <line>
      1747|04
     </line>
            </zone>
            <zone xml:id="eSc_line_4a3dab38"
                  points="2589,1343 2597,1284 2728,1277 2725,1376 2593,1380">
               <line>
      35|-
     </line>
            </zone>
            <zone xml:id="eSc_line_8a7f5b24"
                  points="2589,1460 2600,1398 2681,1387 2743,1427 2750,1471 2725,1497 2593,1493">
               <line>
      35|-
     </line>
            </zone>
            <zone xml:id="eSc_line_442e51c2"
                  points="2538,1548 2545,1522 2575,1519 2747,1522 2754,1548 2747,1574 2545,1563">
               <line>
      -|-
     </line>
            </zone>
            <zone xml:id="eSc_line_c3e4d0b9"
                  points="2575,1632 2589,1610 2728,1618 2754,1625 2761,1647 2747,1687 2721,1687 2696,1662 2578,1673">
               <line>
      35|-
     </line>
            </zone>
            <zone xml:id="eSc_line_b9e039d5"
                  points="2578,1819 2589,1786 2648,1790 2685,1768 2750,1779 2750,1870 2717,1870 2685,1841 2622,1848 2604,1867 2586,1852">
               <line>
      275|55
     </line>
            </zone>
            <zone xml:id="eSc_line_85c098f6"
                  points="2589,1987 2597,1958 2692,1954 2732,1965 2739,1998 2728,2024 2593,2017">
               <line>
      88|-
     </line>
            </zone>
            <zone xml:id="eSc_line_e40543a2"
                  points="2516,2115 2520,2097 2560,2079 2615,2093 2674,2072 2703,2075 2714,2115 2706,2163 2582,2145 2560,2167 2523,2145">
               <line>
      gratis
     </line>
            </zone>
            <zone xml:id="eSc_line_6a7181f7"
                  points="2505,2408 2509,2368 2589,2372 2670,2299 2758,2295 2754,2467 2710,2452 2644,2467 2608,2438 2509,2463">
               <line>
      6004|58
     </line>
            </zone>
            <zone xml:id="eSc_line_96a43df3"
                  points="2582,2522 2589,2460 2736,2460 2732,2551 2666,2566 2626,2547 2586,2562">
               <line>
      70|-
     </line>
            </zone>
            <zone xml:id="eSc_line_b9c9ab41"
                  points="2575,2643 2611,2606 2692,2610 2710,2632 2736,2632 2743,2654 2732,2679 2578,2665">
               <line>
      35|-
     </line>
            </zone>
            <zone xml:id="eSc_line_e96dd27e"
                  points="2538,2763 2553,2730 2611,2745 2677,2730 2696,2749 2743,2734 2750,2774 2739,2804 2542,2796">
               <line>
      -|-
     </line>
            </zone>
            <zone xml:id="eSc_line_cd22aa89"
                  points="2549,2826 2564,2807 2633,2800 2648,2815 2714,2807 2743,2833 2685,2866 2648,2866 2619,2844 2586,2862 2553,2851">
               <line>
      -|-
     </line>
            </zone>
            <zone xml:id="eSc_line_dfc73a64"
                  points="2549,2946 2578,2925 2717,2925 2732,2946 2725,2968 2556,2961">
               <line>
      -|-
     </line>
            </zone>
            <zone xml:id="eSc_line_a37be5dc"
                  points="2520,3111 2527,3042 2600,3042 2663,2983 2739,2994 2736,3130 2703,3144 2644,3130 2622,3151 2523,3140">
               <line>
      4214|58
     </line>
            </zone>
            <zone xml:id="eSc_line_898df777"
                  points="2549,3184 2556,3148 2637,3159 2655,3137 2736,3137 2747,3177 2739,3214 2699,3232 2644,3232 2604,3203 2556,3203">
               <line>
      -|-
     </line>
            </zone>
            <zone xml:id="eSc_line_179113bf"
                  points="2549,3415 2575,3375 2630,3378 2652,3400 2739,3404 2747,3426 2736,3448 2553,3437">
               <line>
      584|-
     </line>
            </zone>
            <zone xml:id="eSc_line_05ef4e2a"
                  points="2556,3466 2582,3433 2743,3441 2736,3507 2681,3532 2615,3529 2589,3496 2560,3496">
               <line>
      337|92
     </line>
            </zone>
            <zone xml:id="eSc_line_a08c5317"
                  points="2589,3587 2608,3521 2644,3525 2666,3507 2736,3529 2728,3616 2593,3624">
               <line>
      35|-
     </line>
            </zone>
            <zone xml:id="eSc_line_73b5ea84"
                  points="2520,3715 2549,3686 2652,3701 2721,3682 2728,3723 2685,3756 2589,3730 2523,3752">
               <line>
      -|-
     </line>
            </zone>
            <zone xml:id="eSc_line_7ba2051b"
                  points="2549,3843 2567,3814 2659,3821 2666,3843 2633,3862 2556,3858">
               <line>
      -
     </line>
            </zone>
            <zone xml:id="eSc_line_512f555f"
                  points="2575,3942 2582,3917 2608,3909 2677,3906 2699,3924 2743,3909 2750,3953 2736,3975 2578,3972">
               <line>
      35|-
     </line>
            </zone>
            <zone xml:id="eSc_line_c159ae3d"
                  points="2578,4056 2593,4023 2622,4037 2648,4026 2659,4041 2739,4041 2747,4074 2732,4111 2578,4096">
               <line>
      35|-
     </line>
            </zone>
            <zone xml:id="eSc_line_7a7059a8"
                  points="2534,4239 2538,4213 2560,4206 2626,4206 2648,4224 2703,4206 2765,4242 2754,4268 2538,4268">
               <line>
      1250|50
     </line>
            </zone>
         </surface>
      </surfaceGrp>
      <surfaceGrp xml:id="eSc_textblock_7033aba4" type="structure_{type:marginal;}">
         <surface>
            <graphic url="FRAN_0025_1290_L-1.jpg" width="3044px" height="4393px"/>
            <zone xml:id="eSc_line_aaba3702"
                  points="2747,201 2754,102 2783,87 2835,102 2835,215 2754,212">
               <line>71</line>
            </zone>
            <zone xml:id="eSc_line_a6fa5f12"
                  points="2157,307 2161,237 2245,226 2340,256 2391,230 2439,248 2534,248 2619,245 2652,212 2703,215 2725,237 2783,215 2831,234 2842,281 2835,296 2743,300 2201,307">
               <line>Soixante onzième feuillet</line>
            </zone>
         </surface>
      </surfaceGrp>
      <surfaceGrp xml:id="eSc_textblock_68d1cd92" type="structure_{type:Stamp;}">
         <surface>
            <graphic url="FRAN_0025_1290_L-1.jpg" width="3044px" height="4393px"/>
         </surface>
      </surfaceGrp>
      <surfaceGrp xml:id="eSc_textblock_9c2f1bbd" type="structure_{type:Stamp;}">
         <surface>
            <graphic url="FRAN_0025_1290_L-1.jpg" width="3044px" height="4393px"/>
         </surface>
      </surfaceGrp>
   </sourceDoc>
</TEI>
