<?xml version="1.0" encoding="UTF-8"?>
<TEI xmlns="http://www.tei-c.org/ns/1.0">
   <teiHeader>
      <fileDesc>
         <titleStmt>
            <title/>
            <author>escriptorium</author>
         </titleStmt>
         <publicationStmt>
            <p/>
         </publicationStmt>
         <sourceDesc>
            <p/>
         </sourceDesc>
      </fileDesc>
      <revisionDesc>
         <change when="2021-06-18T13:47:22.770812+00:00">Creation</change>
         <change when="2021-06-18T13:47:22.770842+00:00">Last change</change>
      </revisionDesc>
   </teiHeader>
   <sourceDoc>
      <surfaceGrp xml:id="eSc_textblock_afbab800" type="structure_{type:col_1;}">
         <surface>
            <graphic url="FRAN_0025_3056_L-0.jpg" width="2894px" height="4393px"/>
            <zone xml:id="eSc_line_86b00a8e"
                  points="285,838 293,812 322,798 380,801 377,863 289,874">
               <line>198</line>
            </zone>
            <zone xml:id="eSc_line_4218ebcd"
                  points="278,981 285,940 311,929 380,948 384,992 359,1028 318,1028 282,1006">
               <line>199</line>
            </zone>
            <zone xml:id="eSc_line_8c08ca3b"
                  points="271,1120 300,1068 366,1076 377,1112 369,1167 344,1145 278,1160">
               <line>200</line>
            </zone>
            <zone xml:id="eSc_line_b059c524"
                  points="285,1252 296,1211 340,1204 373,1211 384,1244 377,1284 293,1277">
               <line>201</line>
            </zone>
            <zone xml:id="eSc_line_2e0de67f"
                  points="318,1380 322,1343 355,1339 391,1372 388,1431 369,1416 351,1431 329,1424">
               <line>202</line>
            </zone>
            <zone xml:id="eSc_line_41fc839d"
                  points="293,1511 304,1478 351,1467 377,1478 384,1515 373,1548 296,1559">
               <line>203</line>
            </zone>
            <zone xml:id="eSc_line_be62a627"
                  points="282,1654 304,1607 369,1607 413,1647 395,1698 289,1683">
               <line>204</line>
            </zone>
            <zone xml:id="eSc_line_d0a52565"
                  points="274,1914 285,1845 369,1834 388,1848 380,1958 351,1973 278,1958">
               <line>205</line>
            </zone>
            <zone xml:id="eSc_line_82225deb"
                  points="304,2189 300,2108 359,2108 373,2236 315,2233">
               <line>206</line>
            </zone>
            <zone xml:id="eSc_line_cb2cae15"
                  points="274,2386 282,2299 304,2317 377,2317 377,2445 344,2456 282,2438">
               <line>207</line>
            </zone>
            <zone xml:id="eSc_line_35c1de98"
                  points="263,2588 274,2522 307,2496 333,2514 359,2500 380,2522 362,2635 289,2639 263,2621">
               <line>208</line>
            </zone>
            <zone xml:id="eSc_line_3330c8a4"
                  points="267,2734 274,2661 359,2657 359,2771 333,2785 274,2774">
               <line>209</line>
            </zone>
            <zone xml:id="eSc_line_d3692559"
                  points="256,2862 293,2826 348,2837 355,2862 344,2906 263,2899">
               <line>210</line>
            </zone>
            <zone xml:id="eSc_line_1e369b37"
                  points="256,2994 296,2961 344,2965 369,2994 362,3034 263,3038">
               <line>211</line>
            </zone>
            <zone xml:id="eSc_line_bb270d61"
                  points="271,3122 278,3053 304,3038 333,3056 355,3038 351,3166 274,3166">
               <line>212</line>
            </zone>
            <zone xml:id="eSc_line_c9ace1e3"
                  points="271,3272 285,3221 366,3228 373,3280 359,3313 274,3316">
               <line>213</line>
            </zone>
            <zone xml:id="eSc_line_771da7f8"
                  points="256,3389 263,3313 362,3313 355,3426 300,3444 260,3430">
               <line>214</line>
            </zone>
            <zone xml:id="eSc_line_81ea0e35"
                  points="256,3605 260,3569 348,3561 351,3638 300,3638 285,3653 263,3635">
               <line>215</line>
            </zone>
            <zone xml:id="eSc_line_3363f1df"
                  points="260,3942 263,3858 348,3862 351,3982 271,3990">
               <line>216</line>
            </zone>
         </surface>
      </surfaceGrp>
      <surfaceGrp xml:id="eSc_textblock_c6e3bb97" type="structure_{type:col_3;}">
         <surface>
            <graphic url="FRAN_0025_3056_L-0.jpg" width="2894px" height="4393px"/>
            <zone xml:id="eSc_line_c5f75194"
                  points="608,841 611,750 630,743 871,750 897,728 897,867 611,863">
               <line>Procuration</line>
            </zone>
            <zone xml:id="eSc_line_75067e0c"
                  points="626,981 633,937 798,937 827,907 871,944 897,944 908,984 897,1014 831,1025 809,1010 630,1025">
               <line>Autorisation</line>
            </zone>
            <zone xml:id="eSc_line_cbf84538"
                  points="586,2866 589,2829 615,2826 879,2826 886,2873 868,2917 791,2899 758,2917 725,2895 677,2914 630,2895 589,2914">
               <line>Certificat de ppté</line>
            </zone>
            <zone xml:id="eSc_line_982d7d73"
                  points="582,3012 586,2906 655,2968 754,2976 787,2957 813,2976 871,2979 882,3016 871,3042 805,3056 674,3034 619,3034 586,3053">
               <line>Procuration</line>
            </zone>
            <zone xml:id="eSc_line_4b3f6e8d"
                  points="615,3140 619,3056 685,3067 728,3042 758,3064 816,3064 879,3049 882,3173 831,3159 783,3173 761,3151 728,3181 622,3162">
               <line>Mainlevée</line>
            </zone>
            <zone xml:id="eSc_line_79c5def7"
                  points="578,3214 600,3159 725,3181 754,3151 780,3173 864,3170 893,3206 882,3243 780,3236 750,3254 736,3239 707,3269 648,3239 582,3236">
               <line>de signification</line>
            </zone>
         </surface>
      </surfaceGrp>
      <surfaceGrp xml:id="eSc_textblock_9f233600" type="structure_{type:col_5;}">
         <surface>
            <graphic url="FRAN_0025_3056_L-0.jpg" width="2894px" height="4393px"/>
            <zone xml:id="eSc_line_19f939fa"
                  points="1311,684 1315,647 1337,633 1403,636 1421,655 1472,636 1608,633 1630,655 1747,655 1773,640 1813,658 1846,636 1890,651 1912,636 2007,636 2047,658 2143,658 2168,644 2219,658 2227,691 2216,710 2124,710 2110,724 2077,710 1831,724 1315,710">
               <line>An 1914, mois d Fevrier</line>
            </zone>
            <zone xml:id="eSc_line_318bbb8d"
                  points="1274,772 1278,724 1300,706 1439,721 1476,739 1512,710 1589,717 1611,735 1652,735 1663,772 1652,798 1593,805 1381,798 1348,783 1278,809">
               <line>à Paris 34 rueSedaine</line>
            </zone>
            <zone xml:id="eSc_line_6ee9fef9"
                  points="1348,838 1355,790 1388,805 1479,790 1542,790 1560,805 1732,794 1762,809 1849,794 1893,809 1926,794 1948,809 2289,794 2311,809 2432,798 2454,809 2461,849 2436,874 2399,867 2377,882 2278,882 2260,867 2216,882 2168,867 2047,867 2033,882 1842,867 1820,882 1754,867 1736,882 1663,867 1641,882 1593,867 1564,878 1523,863 1351,863">
               <line>Lamour (par Jn Bte) employé à laCaserne de laGde Républicaine</line>
            </zone>
            <zone xml:id="eSc_line_472a1c74"
                  points="1263,915 1271,885 1307,863 1348,889 1410,871 1428,885 1447,867 1498,882 1527,867 1578,889 1644,889 1666,867 1725,882 1849,867 1926,889 2077,889 2113,867 2154,889 2241,878 2267,889 2274,915 2241,940 1267,933">
               <line>à Paris rue St- Etienne du Mont en blanc pour recueillir SSon</line>
            </zone>
            <zone xml:id="eSc_line_642df7c7"
                  points="1340,984 1344,933 1403,944 1479,933 1516,951 1556,933 1597,951 1743,933 1820,933 1857,951 1974,951 1996,933 2022,948 2069,933 2124,948 2143,933 2179,951 2256,933 2311,951 2384,937 2439,951 2450,995 2410,1021 1956,1003 1908,1021 1842,1006 1813,1021 1787,1006 1692,1021 1666,1006 1637,1021 1611,1006 1575,1021 1512,1006 1483,1021 1425,1003 1370,1003 1344,1021">
               <line>Boettcher (par Henry Emile) Ingr Conseil à Paris 39 Bd St. Martin</line>
            </zone>
            <zone xml:id="eSc_line_ba9f34bb"
                  points="1267,1043 1271,1014 1315,981 1348,1014 1472,1006 1553,1028 1578,1006 1633,1021 1681,1010 1710,1032 1784,1006 1849,1010 1875,1036 1941,1003 2003,1021 2139,1010 2157,1028 2296,1014 2318,1050 2304,1087 2267,1072 2208,1083 2186,1068 2124,1098 2088,1079 2014,1090 1967,1072 1813,1072 1787,1098 1740,1076 1600,1083 1534,1065 1479,1083 1450,1065 1271,1079">
               <line>à Léontine Jeanne Blanchot safe dt avec lui pour gérer Comce-</line>
            </zone>
            <zone xml:id="eSc_line_719e2e61"
                  points="1318,1120 1322,1079 1362,1065 1377,1079 1447,1068 1483,1090 1531,1068 1604,1090 1685,1072 1696,1087 1765,1079 1784,1098 1820,1072 1908,1087 1967,1076 2011,1094 2073,1083 2117,1105 2150,1079 2201,1072 2223,1090 2267,1072 2307,1087 2344,1068 2370,1090 2450,1087 2469,1123 2443,1171 2333,1145 2249,1153 2212,1175 2128,1149 1952,1160 1893,1145 1868,1164 1798,1145 1751,1160 1714,1145 1479,1142 1454,1156 1322,1134">
               <line>Boileau-Descombres (parlaSté) à Paris 73 rue Lafayette d'inscn. cf</line>
            </zone>
            <zone xml:id="eSc_line_e3dc68d5"
                  points="1263,1193 1267,1142 1318,1142 1333,1156 1436,1145 1450,1160 1483,1142 1531,1156 1556,1142 1707,1142 1769,1160 1791,1142 1813,1160 1868,1164 1974,1164 1989,1149 2095,1164 2117,1145 2157,1145 2175,1164 2263,1149 2304,1164 2340,1149 2359,1164 2432,1164 2443,1200 2432,1222 2172,1208 2066,1222 1267,1211">
               <line>Sophie Marie Louise Dessoliers épse de Edouard Lavelaine de Maubeuge</line>
            </zone>
            <zone xml:id="eSc_line_59c4da60"
                  points="1311,1266 1315,1208 1403,1222 1432,1208 1545,1222 1586,1208 1633,1222 1663,1208 1696,1233 1747,1211 1791,1230 1871,1208 2003,1233 2088,1233 2113,1208 2172,1208 2208,1233 2285,1233 2318,1211 2366,1233 2439,1219 2450,1266 2403,1292 2175,1292 2161,1277 2058,1292 1868,1277 1853,1292 1795,1292 1718,1273 1648,1292 1556,1273 1476,1292 1454,1277 1370,1288 1315,1273">
               <line>Gront (par Jean Eugène André) Directr d'usine à Bobigny route des</line>
            </zone>
            <zone xml:id="eSc_line_85a19c76"
                  points="1260,1336 1263,1273 1351,1273 1370,1288 1399,1277 1476,1299 1545,1273 1619,1277 1644,1299 1703,1273 1751,1277 1780,1299 1846,1299 1868,1277 1897,1299 1937,1281 2128,1299 2161,1277 2179,1295 2282,1299 2293,1332 2267,1354 1263,1343">
               <line>Petits Ponts à André Valern Fortin indel à Paris 34 rueSedaine</line>
            </zone>
            <zone xml:id="eSc_line_6c60a0e4"
                  points="1329,1387 1344,1343 1403,1343 1454,1365 1501,1347 1523,1369 1571,1350 1604,1369 1703,1354 1773,1369 1802,1347 1820,1365 1886,1347 1945,1361 1963,1350 1981,1372 2066,1372 2084,1354 2128,1372 2263,1372 2285,1350 2355,1350 2370,1365 2432,1350 2461,1372 2469,1405 2458,1431 2154,1431 2062,1416 1974,1431 1842,1413 1479,1427 1436,1409 1333,1424">
               <line>Valter (par Léon) imprimr à Paris rue Grange aux Belles d'ins.</line>
            </zone>
            <zone xml:id="eSc_line_574bf950"
                  points="1267,1460 1274,1369 1355,1435 1443,1416 1468,1435 1560,1427 1578,1446 1600,1431 1633,1446 1663,1416 1681,1431 1718,1420 1762,1435 1846,1420 1875,1435 1912,1420 1959,1449 2073,1420 2128,1431 2161,1464 2190,1453 2201,1471 2190,1497 2154,1471 2080,1500 1985,1508 1952,1486 1732,1493 1703,1508 1652,1486 1556,1504 1348,1478 1293,1519 1271,1497">
               <line>c/ Jean Louis Perréal à Montigny leBretenneux (S. &amp;amp; O.)</line>
            </zone>
            <zone xml:id="eSc_line_46d92c3f"
                  points="1326,1526 1329,1493 1355,1478 1421,1482 1447,1504 1527,1504 1571,1482 1597,1500 1652,1486 1696,1504 1776,1504 1809,1478 1897,1504 1945,1482 2003,1504 2091,1489 2179,1504 2241,1482 2282,1500 2311,1475 2458,1475 2469,1541 2450,1559 1329,1552">
               <line>Billema (par Lucien) négt dt à Paris rue d'Aumale 13bis// d'insc.</line>
            </zone>
            <zone xml:id="eSc_line_26e1eb01"
                  points="1256,1599 1260,1548 1340,1548 1384,1566 1447,1548 1523,1548 1545,1566 1571,1548 1615,1548 1633,1566 1758,1555 1923,1566 1952,1552 1974,1566 2447,1563 2458,1603 2439,1625 2388,1629 1787,1629 1773,1614 1641,1629 1626,1614 1443,1614 1428,1629 1340,1614 1260,1629">
               <line>c/ Edouard Eugène Lebourcq &amp;amp; Eugène Pauline Potel 104 r. St Maur</line>
            </zone>
            <zone xml:id="eSc_line_9a008c58"
                  points="1340,1662 1351,1610 1417,1629 1505,1618 1696,1636 1736,1625 1813,1636 1886,1610 1937,1632 1978,1614 2000,1636 2036,1625 2117,1640 2183,1621 2263,1621 2289,1640 2458,1636 2469,1669 2454,1702 2304,1698 2278,1716 2245,1702 2197,1709 2165,1683 2110,1705 1901,1683 1875,1698 1795,1683 1663,1702 1443,1691 1373,1705 1344,1683">
               <line>Kopenhague (par Andrée Esther Eugénie) à Neuilly s/ S. 14 rue</line>
            </zone>
            <zone xml:id="eSc_line_83f6d960"
                  points="1260,1731 1263,1680 1333,1680 1373,1709 1425,1694 1505,1705 1564,1687 1619,1702 1637,1687 1659,1709 1685,1691 1773,1705 1791,1687 1827,1702 1904,1687 1945,1691 1967,1713 2029,1713 2047,1694 2110,1713 2168,1687 2194,1713 2340,1698 2384,1713 2395,1738 2373,1764 1787,1764 1769,1749 1263,1760">
               <line>St- Pierre à Augustine Marie Bonchot rentière à Paris 41 rue</line>
            </zone>
            <zone xml:id="eSc_line_10cb72e2"
                  points="1263,1804 1267,1757 1282,1753 1300,1771 1322,1757 1362,1771 1388,1753 1487,1753 1512,1771 1600,1771 1630,1753 1688,1771 1725,1757 1769,1771 1824,1753 1959,1753 1996,1768 2117,1753 2135,1771 2296,1771 2340,1753 2359,1771 2450,1771 2461,1819 2443,1841 2165,1841 2135,1823 2080,1841 2044,1823 1948,1834 1886,1819 1820,1837 1798,1819 1692,1819 1564,1819 1483,1841 1461,1819 1267,1819">
               <line>de Maubeuge de 26000 f - remboursable le 9 février 1920. hyp. s/.</line>
            </zone>
            <zone xml:id="eSc_line_4a0b94dc"
                  points="1260,1870 1263,1826 1296,1834 1318,1819 1432,1823 1490,1856 1564,1823 1611,1834 1688,1819 1765,1837 1886,1819 1970,1845 1996,1826 2168,1834 2179,1878 2168,1899 2128,1892 2102,1907 1908,1903 1835,1881 1816,1899 1296,1896 1263,1910">
               <line>partie d'imm. à Paris 38 rue des Blancs Manteaux</line>
            </zone>
            <zone xml:id="eSc_line_2ab47195"
                  points="1285,1936 1293,1899 1329,1888 1516,1903 1857,1892 1875,1907 2011,1892 2121,1907 2139,1892 2168,1910 2186,1896 2219,1910 2256,1896 2344,1910 2469,1896 2476,1951 2465,1976 2392,1962 2168,1973 2132,1958 1981,1958 1956,1973 1813,1973 1795,1958 1681,1969 1666,1954 1604,1969 1289,1958">
               <line>Sageon (d'actes s.s.p. du 7 février 1911 cont vente par Louise) lingère</line>
            </zone>
            <zone xml:id="eSc_line_3be10b04"
                  points="1260,2009 1263,1976 1296,1958 1329,1973 1388,1958 1410,1976 1465,1958 1516,1973 1575,1958 1593,1976 1626,1958 1641,1973 1670,1958 1688,1976 1729,1962 1765,1976 1871,1962 1952,1976 2051,1958 2348,1973 2366,1958 2384,1973 2454,1973 2465,2009 2439,2035 1267,2028">
               <line>à Paris 12 rue Keppler à Joseph Adrien Auguste Ruffin ppr. dt à Courbevoie</line>
            </zone>
            <zone xml:id="eSc_line_eaa997e8"
                  points="1256,2075 1267,2028 1322,2046 1355,2028 1465,2028 1509,2050 1549,2031 1567,2046 1593,2028 1641,2031 1659,2050 1729,2028 1791,2050 1824,2028 1912,2028 1945,2050 2088,2050 2154,2028 2175,2050 2216,2031 2238,2050 2285,2031 2307,2050 2410,2042 2421,2079 2406,2104 2366,2112 2230,2112 2197,2097 2143,2097 2128,2112 2044,2097 1948,2108 1912,2093 1868,2112 1816,2090 1721,2104 1707,2090 1666,2104 1600,2090 1505,2104 1476,2090 1384,2090 1362,2112 1337,2090 1260,2101">
               <line>12 rue Ste Geneviève de 2/5e de nue ppté= dans une ppté= à Boulogne</line>
            </zone>
            <zone xml:id="eSc_line_b1ffc7b6"
                  points="1256,2137 1267,2104 1333,2093 1373,2108 1395,2090 1443,2108 1567,2090 1648,2097 1663,2137 1626,2159 1260,2163">
               <line>rue des Menus 26 &amp;amp; 28</line>
            </zone>
            <zone xml:id="eSc_line_05ab8049"
                  points="1315,2203 1326,2159 1611,2174 1648,2156 1670,2170 1721,2119 1758,2115 1813,2170 1882,2174 1926,2152 1956,2178 2029,2123 2340,2134 2381,2115 2428,2126 2439,2222 2428,2240 2241,2236 2227,2251 2172,2233 2025,2244 2000,2218 1974,2236 1838,2229 1787,2244 1732,2225 1318,2225">
               <line>Omessa (par Charles) sténographe à Paris 21 rue Rochechouart</line>
            </zone>
            <zone xml:id="eSc_line_93331331"
                  points="1260,2273 1263,2236 1285,2222 1472,2225 1505,2247 1575,2244 1593,2225 1641,2244 1655,2229 1688,2240 1754,2225 1838,2247 1956,2247 2007,2225 2069,2247 2091,2233 2146,2247 2168,2225 2190,2247 2304,2247 2318,2233 2362,2247 2392,2229 2410,2247 2443,2247 2454,2280 2443,2302 1531,2302 1333,2288 1263,2299">
               <line>à Lucien Billema  à Paris 13bis= rue d'Aumale de5120f- à prendre dans</line>
            </zone>
            <zone xml:id="eSc_line_77f1ca48"
                  points="1260,2339 1263,2302 1304,2291 1377,2306 1403,2291 1571,2291 1626,2306 1655,2295 1674,2309 1714,2295 2051,2309 2088,2295 2113,2309 2183,2306 2194,2342 2175,2364 2121,2368 1263,2364">
               <line>somme déposée à la Caisse des Depots mt. 5120f. p C</line>
            </zone>
            <zone xml:id="eSc_line_71f26abb"
                  points="1329,2397 1333,2353 1381,2368 1468,2357 1520,2379 1567,2364 1615,2379 1648,2364 1835,2375 1908,2357 1948,2379 1989,2361 2066,2383 2099,2364 2121,2386 2179,2364 2201,2379 2230,2361 2300,2383 2359,2364 2381,2386 2410,2383 2447,2423 2425,2445 2296,2449 2274,2463 2190,2434 2044,2449 1853,2434 1824,2456 1769,2441 1740,2452 1718,2430 1600,2430 1586,2445 1479,2430 1447,2441 1425,2427 1392,2441 1333,2434">
               <line>Martin (par Albert Joseph) md. ambulant &amp;amp; Marie Joséphine</line>
            </zone>
            <zone xml:id="eSc_line_656cd7a1"
                  points="1256,2478 1263,2427 1322,2430 1340,2449 1428,2430 1545,2434 1567,2449 1685,2449 1725,2430 1743,2449 1769,2434 1784,2449 1868,2438 1890,2452 1985,2438 2011,2452 2106,2452 2249,2434 2267,2452 2406,2438 2428,2452 2458,2438 2465,2489 2454,2514 2333,2514 2307,2500 2143,2514 1787,2496 1740,2511 1696,2496 1589,2496 1564,2511 1260,2500">
               <line>Bolon safe dt à Maisons Alfort rue Clos des Noyers de terrain de 497mt</line>
            </zone>
            <zone xml:id="eSc_line_4aa20ece"
                  points="1252,2547 1256,2514 1285,2500 1490,2518 1608,2496 1666,2522 1732,2522 1751,2504 1864,2522 1890,2500 1926,2518 1952,2500 2025,2522 2066,2504 2106,2525 2165,2525 2223,2504 2322,2504 2403,2525 2414,2558 2403,2584 2348,2569 2326,2584 2245,2569 2117,2569 2091,2584 2014,2566 1934,2566 1915,2580 1630,2562 1468,2577 1256,2569">
               <line>au clos desNoyers Cm- de Maison Alfort moyt. 2360f 75 p. C à Michel Paizeau</line>
            </zone>
            <zone xml:id="eSc_line_8bd5df8b"
                  points="1300,2610 1311,2562 1468,2580 1567,2566 1608,2595 1696,2562 1714,2580 1754,2566 1813,2588 1857,2577 1901,2599 1930,2573 1978,2595 2044,2573 2088,2599 2128,2573 2234,2566 2282,2606 2340,2577 2403,2588 2428,2573 2439,2617 2428,2650 2296,2646 2282,2661 2267,2646 2186,2643 2088,2661 2022,2646 1912,2657 1835,2643 1556,2646 1534,2632 1490,2650 1304,2635">
               <line>Marin (de Lucien Porchon caissier à Paris 24 Bd St- Denis</line>
            </zone>
            <zone xml:id="eSc_line_3f05dd7e"
                  points="1252,2683 1260,2635 1392,2635 1428,2650 1663,2639 1732,2650 1740,2683 1714,2705 1260,2705">
               <line>du prix de vente ci-dessus</line>
            </zone>
            <zone xml:id="eSc_line_73523fc1"
                  points="1300,2741 1304,2712 1337,2687 1406,2712 1487,2698 1652,2716 1677,2698 1703,2709 1751,2661 1780,2665 1831,2716 1926,2719 1981,2665 2432,2661 2443,2756 2410,2782 2373,2767 2245,2782 2128,2782 2077,2763 1882,2771 1816,2807 1740,2774 1674,2789 1633,2763 1586,2782 1545,2760 1498,2778 1425,2763 1304,2771">
               <line>Boudier (par Abel Eugène) architecte &amp;amp; Marie Thérèse Louise</line>
            </zone>
            <zone xml:id="eSc_line_d7e2b970"
                  points="1249,2811 1256,2763 1322,2785 1428,2763 1483,2789 1538,2767 1586,2789 1626,2767 1666,2789 1732,2771 1754,2789 1842,2789 1882,2771 1948,2785 1978,2771 2113,2771 2135,2793 2183,2771 2238,2793 2267,2771 2384,2771 2406,2793 2443,2793 2450,2826 2439,2848 2003,2848 1945,2833 1523,2844 1414,2829 1252,2840">
               <line>Jenny Belin safe- à Paris 15 rue Picot à Abel à Paris 24 BdSt Denis</line>
            </zone>
            <zone xml:id="eSc_line_7593a470"
                  points="1326,2888 1333,2837 1362,2829 1381,2848 1490,2844 1538,2862 1718,2833 1747,2851 1824,2844 1857,2866 1945,2840 2003,2855 2088,2840 2117,2859 2428,2851 2450,2895 2439,2917 2377,2935 2337,2921 2271,2935 2252,2917 2208,2917 2161,2954 2117,2925 2080,2939 2051,2914 1329,2914">
               <line>Vicaire (concernant livret de la caisse d'Epargne N° 75 2375166</line>
            </zone>
            <zone xml:id="eSc_line_aee77522"
                  points="1249,2957 1252,2921 1351,2921 1381,2906 1468,2906 1487,2921 1545,2906 1611,2921 1659,2906 1736,2921 1776,2910 1838,2917 1849,2954 1838,2979 1252,2972">
               <line>au nom de Louis Léon) de 1100f - 06</line>
            </zone>
            <zone xml:id="eSc_line_ddfd16ae"
                  points="1329,3020 1333,2968 1421,2968 1443,2987 1523,2972 1549,2990 1582,2972 1600,2987 1619,2968 1659,2987 1699,2968 1787,2990 1919,2990 1963,2968 1985,2990 2044,2968 2106,2987 2143,2976 2157,2990 2190,2972 2238,2990 2267,2972 2304,2990 2421,2990 2432,3023 2421,3045 2377,3056 2304,3056 2285,3042 2208,3056 2183,3038 1897,3056 1842,3034 1776,3056 1718,3034 1633,3034 1582,3056 1534,3034 1512,3056 1483,3056 1457,3034 1333,3038">
               <line>Cailar (par Jules Marie) anc. négt. à Paris 12 cité Bergère</line>
            </zone>
            <zone xml:id="eSc_line_f7d9980b"
                  points="1241,3075 1249,3042 1271,3053 1289,3034 1333,3034 1392,3060 1414,3038 1443,3053 1461,3038 1483,3060 1575,3045 1637,3060 1644,3086 1633,3104 1406,3104 1340,3089 1245,3100">
               <line>en blanc pour vendre</line>
            </zone>
            <zone xml:id="eSc_line_b15addf5"
                  points="1296,3144 1300,3100 1329,3093 1399,3093 1432,3115 1447,3100 1487,3111 1523,3097 1582,3111 1615,3093 1736,3122 1784,3122 1802,3104 1886,3122 1915,3093 1952,3122 2003,3122 2051,3093 2121,3122 2172,3122 2201,3104 2234,3122 2311,3122 2340,3093 2417,3093 2428,3159 2395,3177 1300,3166">
               <line>Billema (par Lucien) rentier à Paris 13bis- rue d'Aumale</line>
            </zone>
            <zone xml:id="eSc_line_2a7a8507"
                  points="1245,3206 1249,3162 1311,3162 1337,3181 1381,3181 1399,3162 1465,3181 1490,3162 1545,3184 1578,3166 1622,3184 1644,3166 1688,3184 1780,3170 1813,3184 1875,3170 1890,3184 1985,3184 2025,3166 2066,3184 2132,3184 2165,3166 2183,3184 2274,3177 2285,3214 2274,3232 2135,3247 1773,3232 1729,3247 1692,3232 1545,3247 1479,3228 1457,3243 1267,3228 1249,3243">
               <line>faite au Sénat c/. Charles Omessa sténographe auSénat</line>
            </zone>
            <zone xml:id="eSc_line_48b77949"
                  points="1300,3272 1326,3225 1425,3250 1520,3239 1545,3254 1652,3232 1666,3247 1699,3236 1740,3250 1758,3236 1875,3236 1948,3269 1989,3247 2154,3258 2172,3239 2230,3250 2304,3195 2355,3247 2370,3236 2410,3250 2417,3291 2403,3320 2040,3309 2000,3327 1758,3313 1729,3298 1403,3313 1351,3309 1304,3280">
               <line>Viterbo (par Catherine Marie Krner épouse de Max Fortuné)</line>
            </zone>
            <zone xml:id="eSc_line_52fa32f6"
                  points="1245,3353 1249,3291 1271,3309 1296,3283 1403,3313 1479,3298 1509,3320 1531,3302 1648,3313 1714,3298 1762,3316 1806,3305 1996,3324 2040,3305 2168,3320 2205,3309 2260,3320 2274,3349 2249,3382 2227,3367 2091,3382 2069,3360 2018,3375 1732,3364 1666,3382 1637,3360 1586,3382 1564,3364 1468,3364 1439,3386 1326,3353 1249,3389">
               <line>publiciste à Paris 39 rue de Londres à son mari pour gérer</line>
            </zone>
            <zone xml:id="eSc_line_21215076"
                  points="1289,3404 1318,3364 1333,3378 1410,3371 1425,3386 1483,3364 1542,3371 1564,3393 1641,3360 1670,3382 1758,3367 1831,3389 1871,3375 2014,3382 2073,3364 2091,3382 2168,3389 2190,3367 2249,3382 2311,3331 2362,3382 2443,3386 2450,3419 2421,3448 2197,3437 2099,3444 2077,3466 2044,3444 1710,3452 1622,3430 1428,3444 1395,3430 1322,3444 1293,3430">
               <line>Legallois (par Abel Pellé à Paris 24 bd- St Denis à Paul Range</line>
            </zone>
            <zone xml:id="eSc_line_af1eccbd"
                  points="1241,3488 1245,3433 1293,3433 1322,3459 1355,3433 1531,3433 1549,3448 1564,3433 1655,3433 1692,3459 1729,3455 1751,3433 1784,3459 1827,3459 1846,3441 1886,3459 2025,3459 2080,3433 2117,3459 2183,3459 2241,3437 2307,3452 2329,3437 2359,3459 2428,3455 2439,3492 2428,3518 2399,3521 1967,3521 1952,3507 1838,3521 1795,3499 1652,3514 1637,3499 1571,3499 1542,3521 1461,3499 1245,3507">
               <line>Verrier à Paris 33 Bd- Voltaire dans pouvoirs conférés par Gabriel Marie</line>
            </zone>
            <zone xml:id="eSc_line_82d81d29"
                  points="1241,3554 1245,3507 1315,3499 1344,3518 1388,3499 1461,3499 1487,3518 1545,3518 1571,3499 1641,3518 1699,3518 1718,3499 1835,3518 1930,3507 1978,3518 1989,3551 1978,3576 1245,3572">
               <line>et Blanche Marie Thin à la Ferté Macé</line>
            </zone>
            <zone xml:id="eSc_line_e42c7c96"
                  points="1289,3616 1293,3576 1311,3569 1403,3591 1436,3591 1457,3569 1531,3572 1556,3594 1674,3572 1806,3572 1842,3594 1897,3580 1923,3594 2047,3594 2073,3572 2146,3572 2172,3594 2216,3576 2249,3594 2304,3594 2373,3572 2428,3594 2439,3627 2428,3649 2128,3649 2088,3635 2051,3649 1556,3649 1527,3631 1472,3631 1457,3646 1293,3631">
               <line>Marcilhacy (par Albert Eugène Casimir) à Paris 108 rue du Bac</line>
            </zone>
            <zone xml:id="eSc_line_dc91d1bc"
                  points="1234,3690 1241,3631 1417,3642 1436,3660 1476,3635 1509,3646 1527,3631 1564,3668 1655,3638 1692,3660 1725,3638 1773,3660 1809,3642 1835,3668 1868,3642 1930,3668 2007,3642 2040,3668 2091,3638 2124,3668 2165,3668 2197,3646 2223,3660 2289,3649 2318,3668 2428,3668 2436,3690 2428,3715 1241,3708">
               <line>Joseph Gaston Poulenc à Paris 3 rue St- Simon et autres à Marie Virginie</line>
            </zone>
            <zone xml:id="eSc_line_d9bfc131"
                  points="1234,3748 1238,3708 1278,3704 1307,3719 1355,3704 1381,3719 1479,3719 1516,3704 1714,3723 1743,3708 1798,3723 1835,3708 1915,3723 2073,3723 2088,3708 2329,3723 2351,3708 2432,3719 2443,3759 2417,3785 1238,3777">
               <line>Pauline Emery à Paris 22 rue de Grenelle Vve de Camille Mathieu Antoine</line>
            </zone>
            <zone xml:id="eSc_line_b135f9c2"
                  points="1238,3825 1241,3777 1403,3777 1421,3796 1454,3796 1472,3777 1545,3796 1604,3777 1765,3777 1787,3796 1846,3796 1868,3774 1934,3792 2018,3792 2036,3777 2058,3792 2077,3774 2139,3792 2190,3774 2260,3792 2370,3785 2432,3792 2443,3825 2432,3851 1241,3843">
               <line>Isidore Marcilhacy de 26500 f- sur celle de 53000 f et par la d. dame Vve-</line>
            </zone>
            <zone xml:id="eSc_line_f40b9311"
                  points="1234,3895 1238,3843 1366,3843 1399,3862 1501,3843 1699,3843 1725,3862 1813,3843 1842,3862 1868,3847 1981,3843 2000,3862 2417,3851 2439,3898 2428,3920 1238,3909">
               <line>Marcilhacy aud. Albert Marcilhacy &amp;amp; Charles Bredin à Paris 37 r. de Lille de 27190.14</line>
            </zone>
            <zone xml:id="eSc_line_4c5ce453"
                  points="1296,3950 1300,3920 1326,3909 1688,3913 1703,3928 1725,3909 1791,3924 1901,3909 1985,3935 2040,3913 2073,3935 2110,3917 2150,3946 2212,3909 2260,3928 2344,3917 2366,3935 2410,3931 2421,3964 2410,3986 2274,3993 1992,3993 1959,3975 1849,3990 1751,3968 1721,3997 1663,3975 1600,3997 1567,3968 1520,3990 1494,3975 1395,3990 1337,3982 1300,3953">
               <line>Jean Meyan (par Paul) publiciste &amp;amp; Clarisse Marie Berdardine</line>
            </zone>
            <zone xml:id="eSc_line_6d1ae33a"
                  points="1230,4030 1238,3979 1377,3979 1403,4001 1443,3979 1586,3979 1604,3997 1659,3979 1688,4001 1740,4001 1765,3979 1963,3979 1996,4001 2102,4001 2121,3986 2154,4001 2230,3986 2333,4001 2384,3986 2421,3990 2428,4030 2421,4059 1238,4048">
               <line>Mitchell safe- à Paris 6 rue Philibert Delorme à Marie Louise Cathes</line>
            </zone>
            <zone xml:id="eSc_line_abee9c33"
                  points="1223,4100 1230,4045 1278,4063 1351,4045 1381,4067 1538,4045 1575,4063 1619,4045 1685,4063 1787,4045 1908,4067 1959,4045 2022,4067 2055,4052 2080,4067 2201,4067 2227,4045 2252,4067 2432,4059 2443,4103 2432,4173 2326,4173 2263,4122 2183,4133 2132,4118 2033,4158 1937,4114 1842,4147 1776,4114 1644,4136 1600,4122 1549,4155 1454,4122 1403,4140 1388,4125 1296,4173 1227,4173">
               <line>Krner épouse de Max Fortuné Viterbo à Paris rue de Londres d'im</line>
            </zone>
         </surface>
      </surfaceGrp>
      <surfaceGrp xml:id="eSc_textblock_9b0fbd03" type="structure_{type:col_7;}">
         <surface>
            <graphic url="FRAN_0025_3056_L-0.jpg" width="2894px" height="4393px"/>
            <zone xml:id="eSc_line_f3152e4c"
                  points="2677,783 2685,754 2736,724 2780,757 2787,787 2776,809 2681,816">
               <line>14.</line>
            </zone>
            <zone xml:id="eSc_line_ee3c9345"
                  points="2699,926 2721,871 2798,878 2795,966 2747,951 2707,966">
               <line>3.75</line>
            </zone>
            <zone xml:id="eSc_line_881f2539"
                  points="2699,1050 2707,1014 2795,1010 2791,1087 2703,1087">
               <line>3.75</line>
            </zone>
            <zone xml:id="eSc_line_fccb39ea"
                  points="2677,1200 2685,1167 2725,1160 2795,1167 2802,1200 2791,1241 2685,1241">
               <line>7.50</line>
            </zone>
            <zone xml:id="eSc_line_0d1bc936"
                  points="2685,1321 2703,1288 2798,1292 2806,1321 2798,1365 2692,1361">
               <line>24.50</line>
            </zone>
            <zone xml:id="eSc_line_18c240a1"
                  points="2674,1471 2681,1446 2725,1427 2798,1427 2795,1533 2677,1508">
               <line>6.65</line>
            </zone>
            <zone xml:id="eSc_line_cce23aca"
                  points="2688,1599 2703,1508 2736,1541 2795,1519 2795,1632 2696,1643">
               <line>3.95</line>
            </zone>
            <zone xml:id="eSc_line_839f71a7"
                  points="2655,1874 2663,1779 2729,1771 2791,1797 2791,1914 2663,1914">
               <line>328.75</line>
            </zone>
            <zone xml:id="eSc_line_55633c5e"
                  points="2692,2141 2696,2068 2784,2075 2787,2178 2699,2178">
               <line>3.75</line>
            </zone>
            <zone xml:id="eSc_line_1bb2f030"
                  points="2663,2350 2685,2299 2776,2324 2787,2346 2780,2372 2670,2368">
               <line>64</line>
            </zone>
            <zone xml:id="eSc_line_2b7c040a"
                  points="2663,2558 2670,2514 2740,2511 2780,2529 2787,2562 2776,2595 2666,2588">
               <line>166.60</line>
            </zone>
            <zone xml:id="eSc_line_daeb2235"
                  points="2685,2687 2688,2646 2758,2613 2787,2621 2791,2738 2692,2709">
               <line>3.75</line>
            </zone>
            <zone xml:id="eSc_line_8f4cffb1"
                  points="2670,2829 2677,2782 2787,2778 2787,2866 2743,2873 2677,2855">
               <line>3.75</line>
            </zone>
            <zone xml:id="eSc_line_f863b83d"
                  points="2611,2961 2619,2925 2721,2910 2751,2928 2758,2965 2615,2994">
               <line>gratis</line>
            </zone>
            <zone xml:id="eSc_line_0c42caf4"
                  points="2699,3078 2718,3042 2776,3045 2787,3082 2776,3133 2703,3122">
               <line>3.75</line>
            </zone>
            <zone xml:id="eSc_line_ae6884ac"
                  points="2688,3217 2696,3181 2765,3177 2787,3188 2795,3225 2773,3254 2692,3243">
               <line>3.75</line>
            </zone>
            <zone xml:id="eSc_line_754f96f9"
                  points="2674,3364 2670,3265 2773,3272 2791,3349 2762,3408 2703,3400 2685,3382">
               <line>3.75</line>
            </zone>
            <zone xml:id="eSc_line_05a31d9a"
                  points="2674,3561 2681,3477 2780,3470 2780,3583 2729,3616 2681,3598">
               <line>3.75</line>
            </zone>
            <zone xml:id="eSc_line_e3bb80fe"
                  points="2641,3898 2648,3796 2718,3796 2776,3821 2776,3928 2707,3957 2648,3935">
               <line>335.63</line>
            </zone>
         </surface>
      </surfaceGrp>
      <surfaceGrp xml:id="eSc_textblock_d5c8f562" type="structure_{type:header;}">
         <surface>
            <graphic url="FRAN_0025_3056_L-0.jpg" width="2894px" height="4393px"/>
            <zone xml:id="eSc_line_f4ffed34"
                  points="304,366 315,325 384,329 391,369 307,391">
               <line>Nos</line>
            </zone>
            <zone xml:id="eSc_line_d2d713c2"
                  points="439,355 446,285 593,289 589,369 443,380">
               <line>DATES</line>
            </zone>
            <zone xml:id="eSc_line_0f325ba7"
                  points="696,351 699,307 725,296 941,311 1098,300 1172,307 1183,358 1161,391 1113,377 1095,391 857,373 791,388 699,380">
               <line>NATURE ET ESPECE</line>
            </zone>
            <zone xml:id="eSc_line_d85b408c"
                  points="2524,344 2534,300 2762,303 2773,344 2765,388 2729,388 2703,362 2633,362 2600,388 2531,384">
               <line>RELATION</line>
            </zone>
            <zone xml:id="eSc_line_e469a9d2"
                  points="1329,369 1337,322 1370,307 1439,322 1527,307 1567,325 1941,325 1974,311 2040,329 2128,329 2154,314 2307,329 2373,314 2410,329 2417,380 2392,399 1333,388">
               <line>NOMS, PRENOMS ET DOMICILES DES PARTIES</line>
            </zone>
            <zone xml:id="eSc_line_068c71e3"
                  points="2626,399 2633,362 2663,373 2670,399 2633,410">
               <line>DE</line>
            </zone>
            <zone xml:id="eSc_line_150edb82"
                  points="816,424 824,391 857,380 1044,391 1051,424 1000,450 985,435 945,450 824,439">
               <line>DES ACTES :</line>
            </zone>
            <zone xml:id="eSc_line_a0866e6d"
                  points="329,446 337,391 369,391 377,446 337,461">
               <line>DU</line>
            </zone>
            <zone xml:id="eSc_line_3bff7a84"
                  points="498,439 505,399 538,395 549,439 505,461">
               <line>DES</line>
            </zone>
            <zone xml:id="eSc_line_7353b4c8"
                  points="2487,442 2494,399 2791,413 2809,457 2762,479 2714,464 2491,468">
               <line>l'Enregistrement.</line>
            </zone>
            <zone xml:id="eSc_line_dae91dcb"
                  points="267,523 274,483 333,483 410,490 421,530 402,556 377,560 271,541">
               <line>REPERTOIRE</line>
            </zone>
            <zone xml:id="eSc_line_c5e53dc5"
                  points="461,523 468,461 542,464 575,450 575,556 468,549">
               <line>ACTES</line>
            </zone>
            <zone xml:id="eSc_line_ed2f647c"
                  points="1472,523 1479,479 1787,490 1813,468 2014,468 2095,486 2128,472 2194,486 2230,475 2256,494 2263,530 2175,563 1879,560 1842,538 1476,538">
               <line>INDICATIONS, SITUATIONS ET PRIX DES BIENS</line>
            </zone>
            <zone xml:id="eSc_line_1e88816e"
                  points="681,541 688,512 860,501 882,545 871,567 685,567">
               <line>EN BREVETS</line>
            </zone>
            <zone xml:id="eSc_line_dcb2bce8"
                  points="992,545 1000,494 1208,490 1205,556 996,560">
               <line>EN MINUTES</line>
            </zone>
            <zone xml:id="eSc_line_2f8944d2"
                  points="2480,556 2491,468 2520,457 2589,475 2582,585 2483,574">
               <line>DATES</line>
            </zone>
            <zone xml:id="eSc_line_6d122554"
                  points="2644,560 2648,530 2743,534 2765,556 2758,582 2652,574">
               <line>DROITS</line>
            </zone>
         </surface>
      </surfaceGrp>
      <surfaceGrp xml:id="eSc_textblock_19204a15" type="structure_{type:col_4;}">
         <surface>
            <graphic url="FRAN_0025_3056_L-0.jpg" width="2894px" height="4393px"/>
            <zone xml:id="eSc_line_324abde1"
                  points="959,1112 967,1065 1098,1065 1208,1068 1216,1120 1205,1142 963,1142">
               <line>Mainlevée</line>
            </zone>
            <zone xml:id="eSc_line_6df57d28"
                  points="948,1255 956,1167 978,1153 1055,1153 1069,1167 1117,1153 1183,1219 1201,1219 1208,1255 1197,1292 956,1281">
               <line>Mainlevée</line>
            </zone>
            <zone xml:id="eSc_line_db8728f0"
                  points="959,1387 970,1281 1044,1281 1084,1303 1142,1303 1168,1284 1223,1299 1216,1416 963,1416">
               <line>Mainlevée</line>
            </zone>
            <zone xml:id="eSc_line_0ff1e5fd"
                  points="930,1526 934,1435 992,1486 1069,1493 1117,1446 1208,1427 1205,1574 1153,1555 934,1566">
               <line>Mainlevée</line>
            </zone>
            <zone xml:id="eSc_line_af6e34aa"
                  points="930,1647 937,1570 956,1555 1022,1570 1044,1559 1069,1577 1095,1563 1153,1625 1212,1625 1219,1658 1208,1694 1095,1698 1055,1731 1007,1691 934,1691">
               <line>Obligation</line>
            </zone>
            <zone xml:id="eSc_line_d6b10533"
                  points="989,1925 992,1837 1029,1819 1084,1819 1109,1837 1212,1826 1216,1965 996,1954">
               <line>Dépot</line>
            </zone>
            <zone xml:id="eSc_line_491eac9e"
                  points="937,2203 952,2090 1022,2093 1040,2115 1077,2101 1146,2123 1230,2115 1227,2233 1091,2233 1055,2218 941,2229">
               <line>Transport</line>
            </zone>
            <zone xml:id="eSc_line_b423d7ad"
                  points="989,2405 996,2299 1157,2306 1157,2430 996,2445">
               <line>Vente</line>
            </zone>
            <zone xml:id="eSc_line_72bfd5ed"
                  points="948,2610 967,2555 1109,2569 1146,2558 1230,2569 1238,2617 1227,2639 952,2635">
               <line>Constitution</line>
            </zone>
            <zone xml:id="eSc_line_8fc2e287"
                  points="948,2676 956,2639 1000,2635 1157,2635 1190,2650 1197,2676 1190,2709 985,2694 956,2712">
               <line>deSequestre</line>
            </zone>
            <zone xml:id="eSc_line_f37813bb"
                  points="981,2749 989,2694 1186,2712 1186,2848 1102,2778 1080,2774 1058,2796 989,2774">
               <line>Décharge</line>
            </zone>
            <zone xml:id="eSc_line_b31b9b4d"
                  points="934,3269 945,3173 981,3184 1000,3166 1018,3181 1131,3181 1183,3236 1223,3247 1230,3280 1219,3320 1186,3305 1120,3305 1106,3320 937,3305">
               <line>Procuration</line>
            </zone>
            <zone xml:id="eSc_line_40940206"
                  points="886,3404 893,3320 1208,3320 1216,3404 1201,3448 890,3437">
               <line>Substitution</line>
            </zone>
            <zone xml:id="eSc_line_523ea5b1"
                  points="945,3613 952,3510 1018,3525 1066,3510 1091,3525 1128,3510 1219,3525 1216,3660 1139,3646 1095,3660 1022,3646 948,3660">
               <line>Quittance</line>
            </zone>
            <zone xml:id="eSc_line_eaa6e6bd"
                  points="985,3942 992,3854 1157,3851 1153,3979 989,3979">
               <line>Vente</line>
            </zone>
         </surface>
      </surfaceGrp>
      <surfaceGrp xml:id="eSc_textblock_17c0e2a5" type="structure_{type:col_6;}">
         <surface>
            <graphic url="FRAN_0025_3056_L-0.jpg" width="2894px" height="4393px"/>
            <zone xml:id="eSc_line_15d75a90"
                  points="2498,776 2513,743 2553,739 2571,776 2564,809 2505,827">
               <line>10</line>
            </zone>
            <zone xml:id="eSc_line_c8d3d933"
                  points="2491,922 2494,896 2560,882 2582,918 2560,955 2498,951">
               <line>10</line>
            </zone>
            <zone xml:id="eSc_line_2bcb7758"
                  points="2491,1050 2494,1021 2509,1032 2524,1017 2582,1043 2575,1083 2498,1087">
               <line>10</line>
            </zone>
            <zone xml:id="eSc_line_9711d904"
                  points="2491,1200 2491,1149 2556,1153 2571,1193 2564,1237 2498,1219">
               <line>10</line>
            </zone>
            <zone xml:id="eSc_line_b09700a3"
                  points="2498,1332 2513,1299 2542,1306 2553,1328 2545,1361 2505,1365">
               <line>10</line>
            </zone>
            <zone xml:id="eSc_line_99e1159e"
                  points="2498,1464 2527,1427 2567,1438 2575,1464 2567,1500 2505,1519">
               <line>10</line>
            </zone>
            <zone xml:id="eSc_line_aa1b96d0"
                  points="2494,1592 2502,1563 2571,1559 2571,1640 2502,1629">
               <line>10</line>
            </zone>
            <zone xml:id="eSc_line_4095f28c"
                  points="2491,1874 2498,1845 2560,1845 2560,1914 2498,1910">
               <line>10</line>
            </zone>
            <zone xml:id="eSc_line_10597ea8"
                  points="2498,2130 2505,2068 2564,2050 2564,2192 2505,2174">
               <line>10</line>
            </zone>
            <zone xml:id="eSc_line_2ce74580"
                  points="2465,2335 2472,2313 2502,2306 2542,2313 2549,2335 2542,2372 2472,2372">
               <line>11</line>
            </zone>
            <zone xml:id="eSc_line_10f1cf4d"
                  points="2469,2551 2472,2525 2509,2518 2531,2522 2542,2547 2534,2580 2476,2573">
               <line>11</line>
            </zone>
            <zone xml:id="eSc_line_baeeef5d"
                  points="2476,2679 2483,2650 2549,2643 2549,2712 2483,2709">
               <line>11</line>
            </zone>
            <zone xml:id="eSc_line_64b4a528"
                  points="2483,2811 2491,2741 2556,2741 2556,2855 2491,2855">
               <line>12</line>
            </zone>
            <zone xml:id="eSc_line_6cfce5e9"
                  points="2487,2961 2491,2917 2542,2910 2545,2990 2494,2976">
               <line>11</line>
            </zone>
            <zone xml:id="eSc_line_a9e18009"
                  points="2476,3086 2483,3009 2531,3009 2531,3130 2483,3122">
               <line>11</line>
            </zone>
            <zone xml:id="eSc_line_e5df5849"
                  points="2465,3221 2469,3192 2520,3181 2524,3258 2472,3258">
               <line>11</line>
            </zone>
            <zone xml:id="eSc_line_1d296e6c"
                  points="2483,3353 2498,3313 2542,3320 2538,3404 2487,3404">
               <line>11</line>
            </zone>
            <zone xml:id="eSc_line_709d61c9"
                  points="2472,3558 2476,3521 2524,3521 2531,3591 2483,3591">
               <line>11</line>
            </zone>
            <zone xml:id="eSc_line_d663491a"
                  points="2476,3891 2491,3858 2527,3873 2534,3895 2524,3920 2480,3924">
               <line>12</line>
            </zone>
         </surface>
      </surfaceGrp>
      <surfaceGrp xml:id="eSc_textblock_8d1cb2dc" type="structure_{type:col_2;}">
         <surface>
            <graphic url="FRAN_0025_3056_L-0.jpg" width="2894px" height="4393px"/>
            <zone xml:id="eSc_line_de341a6c"
                  points="450,845 472,794 545,812 553,845 545,885 457,885">
               <line>9</line>
            </zone>
            <zone xml:id="eSc_line_acf1bd54"
                  points="468,977 498,937 534,940 534,1006 505,1028 476,1017">
               <line>9</line>
            </zone>
            <zone xml:id="eSc_line_2a4d9266"
                  points="465,1127 487,1072 534,1083 531,1167 468,1167">
               <line>9</line>
            </zone>
            <zone xml:id="eSc_line_11a21f62"
                  points="468,1266 468,1219 523,1215 534,1284 494,1314 479,1303">
               <line>9</line>
            </zone>
            <zone xml:id="eSc_line_77ccf31d"
                  points="465,1387 487,1343 523,1350 542,1383 534,1420 472,1435">
               <line>9</line>
            </zone>
            <zone xml:id="eSc_line_e45cbecb"
                  points="465,1530 468,1493 490,1475 523,1493 531,1566 476,1570">
               <line>9</line>
            </zone>
            <zone xml:id="eSc_line_28656f26"
                  points="457,1669 461,1632 483,1610 523,1629 527,1687 498,1709 468,1702">
               <line>9</line>
            </zone>
            <zone xml:id="eSc_line_256e3812"
                  points="468,1925 476,1848 509,1852 527,1834 531,1973 476,1980">
               <line>9</line>
            </zone>
            <zone xml:id="eSc_line_d2a1789f"
                  points="450,2192 461,2115 542,2115 534,2233 450,2255">
               <line>9</line>
            </zone>
            <zone xml:id="eSc_line_04eacd2f"
                  points="443,2390 450,2313 476,2320 505,2302 538,2320 538,2434 450,2452">
               <line>9</line>
            </zone>
            <zone xml:id="eSc_line_22bf8096"
                  points="450,2584 461,2522 498,2504 520,2525 545,2504 534,2632 450,2657">
               <line>9</line>
            </zone>
            <zone xml:id="eSc_line_7a63efe3"
                  points="439,2741 465,2701 490,2701 523,2741 516,2771 446,2793">
               <line>9</line>
            </zone>
            <zone xml:id="eSc_line_0528306f"
                  points="435,2866 472,2833 505,2833 516,2866 509,2906 443,2910">
               <line>10</line>
            </zone>
            <zone xml:id="eSc_line_2845b886"
                  points="450,3001 457,2972 476,2968 527,2972 538,3001 531,3042 476,3056 457,3045">
               <line>10</line>
            </zone>
            <zone xml:id="eSc_line_a496a5bf"
                  points="461,3126 472,3097 516,3100 531,3126 520,3170 468,3173">
               <line>10</line>
            </zone>
            <zone xml:id="eSc_line_b7b70d1b"
                  points="461,3265 483,3225 512,3228 531,3261 505,3320 468,3302">
               <line>10</line>
            </zone>
            <zone xml:id="eSc_line_9a26e76c"
                  points="443,3397 454,3353 487,3353 523,3371 531,3404 520,3433 446,3422">
               <line>10</line>
            </zone>
            <zone xml:id="eSc_line_851b581c"
                  points="439,3605 472,3565 509,3569 531,3605 512,3653 487,3642 446,3657">
               <line>10</line>
            </zone>
            <zone xml:id="eSc_line_37ed9222"
                  points="424,3942 432,3913 505,3898 501,3979 428,3972">
               <line>10</line>
            </zone>
         </surface>
      </surfaceGrp>
   </sourceDoc>
</TEI>
