<?xml version="1.0" encoding="UTF-8"?>
<TEI xmlns="http://www.tei-c.org/ns/1.0">
   <teiHeader>
      <fileDesc>
         <titleStmt>
            <title/>
            <author>escriptorium</author>
         </titleStmt>
         <publicationStmt>
            <p/>
         </publicationStmt>
         <sourceDesc>
            <p/>
         </sourceDesc>
      </fileDesc>
      <revisionDesc>
         <change when="2021-06-18T13:47:23.041691+00:00">Creation</change>
         <change when="2021-06-18T13:47:23.041715+00:00">Last change</change>
      </revisionDesc>
   </teiHeader>
   <sourceDoc>
      <surfaceGrp xml:id="eSc_textblock_2e39cb10" type="structure_{type:header;}">
         <surface>
            <graphic url="FRAN_0025_0227_L-0.jpg" width="2933px" height="4374px"/>
            <zone xml:id="eSc_line_3cb2a2f9"
                  points="2513,287 2520,247 2772,247 2772,335 2703,335 2681,313 2520,324">
               <line>RELATION</line>
            </zone>
            <zone xml:id="eSc_line_619a3a58"
                  points="463,313 470,258 587,266 601,251 598,349 466,349">
               <line>DATES</line>
            </zone>
            <zone xml:id="eSc_line_8abb819f"
                  points="718,309 722,266 933,266 974,280 1152,266 1178,280 1189,317 1178,338 1050,335 1036,349 992,335 722,346">
               <line>NATURE ET ESPECE</line>
            </zone>
            <zone xml:id="eSc_line_107750c9"
                  points="324,331 328,298 379,302 390,328 379,346 331,357">
               <line>Nos</line>
            </zone>
            <zone xml:id="eSc_line_5a956caf"
                  points="1316,328 1320,280 1397,280 1419,262 1440,280 1502,262 1532,280 1601,284 1681,280 1699,266 1736,284 1875,284 1933,266 2349,266 2429,284 2440,328 2407,353 1320,349">
               <line>NOMS, PRENOMS ET DOMICILES DES PARTIES</line>
            </zone>
            <zone xml:id="eSc_line_89232b4b"
                  points="2626,342 2633,317 2673,317 2673,364 2633,357">
               <line>DE</line>
            </zone>
            <zone xml:id="eSc_line_483102f1"
                  points="820,386 828,357 952,346 1036,349 1061,386 1054,411 828,408">
               <line>DES ACTES :</line>
            </zone>
            <zone xml:id="eSc_line_0e7f798a"
                  points="2491,393 2495,338 2670,368 2790,360 2827,390 2801,415 2498,404">
               <line>l'Enregistrement.</line>
            </zone>
            <zone xml:id="eSc_line_a3f986c3"
                  points="331,415 339,371 372,364 372,459 339,462">
               <line>DU</line>
            </zone>
            <zone xml:id="eSc_line_821b617b"
                  points="499,408 507,364 554,353 561,408 507,422">
               <line>DES</line>
            </zone>
            <zone xml:id="eSc_line_cf936080"
                  points="277,492 299,455 408,459 434,466 441,492 404,524 284,513">
               <line>REPERTOIRE</line>
            </zone>
            <zone xml:id="eSc_line_eb726eb6"
                  points="470,488 474,459 558,451 576,455 587,492 576,532 474,524">
               <line>ACTES</line>
            </zone>
            <zone xml:id="eSc_line_aeb4df81"
                  points="1495,481 1502,444 1802,444 1838,419 2119,419 2258,422 2269,481 2261,517 2152,499 2083,517 1882,517 1856,499 1502,499">
               <line>INDICATIONS, SITUATIONS ET PRIX DES BIENS</line>
            </zone>
            <zone xml:id="eSc_line_ffbdbcac"
                  points="689,506 707,477 886,477 893,513 835,532 693,524">
               <line>EN BREVETS</line>
            </zone>
            <zone xml:id="eSc_line_81605339"
                  points="2491,499 2498,470 2549,455 2590,466 2597,499 2582,528 2498,528">
               <line>DATES</line>
            </zone>
            <zone xml:id="eSc_line_bdd1ae13"
                  points="2648,499 2655,466 2670,466 2776,484 2783,506 2754,524 2652,517">
               <line>DROITS</line>
            </zone>
            <zone xml:id="eSc_line_d2ff90d1"
                  points="1006,513 1014,477 1072,484 1087,470 1207,484 1214,513 1207,535 1014,528">
               <line>EN MINUTES</line>
            </zone>
         </surface>
      </surfaceGrp>
      <surfaceGrp xml:id="eSc_textblock_c3d77b3d" type="structure_{type:col_1;}">
         <surface>
            <graphic url="FRAN_0025_0227_L-0.jpg" width="2933px" height="4374px"/>
            <zone xml:id="eSc_line_09fedcb1"
                  points="295,721 299,688 342,685 386,688 397,714 390,743 302,747">
               <line>
      733
     </line>
            </zone>
            <zone xml:id="eSc_line_ad93e94c"
                  points="295,798 291,765 310,754 390,747 401,805 306,812">
               <line>
      734
     </line>
            </zone>
            <zone xml:id="eSc_line_21735096"
                  points="295,849 302,816 401,812 401,871 302,867">
               <line>
      735
     </line>
            </zone>
            <zone xml:id="eSc_line_389127d2"
                  points="302,907 313,863 401,874 404,914 390,925 306,933">
               <line>
      736
     </line>
            </zone>
            <zone xml:id="eSc_line_dd23ea9c"
                  points="295,969 302,936 397,929 397,991 375,1006 361,991 302,1006">
               <line>
      737
     </line>
            </zone>
            <zone xml:id="eSc_line_de5ba353"
                  points="280,1071 302,1042 361,1042 404,1067 397,1119 288,1119">
               <line>
      738
     </line>
            </zone>
            <zone xml:id="eSc_line_6f9800bd"
                  points="310,1206 317,1166 386,1170 386,1253 361,1242 317,1257">
               <line>
      739
     </line>
            </zone>
            <zone xml:id="eSc_line_b084758c"
                  points="295,1315 302,1290 324,1286 397,1286 408,1315 390,1352 302,1348">
               <line>
      740
     </line>
            </zone>
            <zone xml:id="eSc_line_f531f91d"
                  points="310,1385 313,1348 386,1352 390,1414 317,1403">
               <line>
      741
     </line>
            </zone>
            <zone xml:id="eSc_line_db3c0602"
                  points="306,1498 317,1461 383,1468 390,1498 368,1538 313,1538">
               <line>
      742
     </line>
            </zone>
            <zone xml:id="eSc_line_ab57373d"
                  points="310,1618 313,1581 331,1574 386,1581 397,1614 372,1643 317,1647">
               <line>
      743
     </line>
            </zone>
            <zone xml:id="eSc_line_a624aa0d"
                  points="302,1676 306,1643 393,1643 404,1673 375,1698 310,1694">
               <line>
      744
     </line>
            </zone>
            <zone xml:id="eSc_line_1d1fba73"
                  points="306,1731 313,1694 401,1694 397,1753 310,1775">
               <line>
      745
     </line>
            </zone>
            <zone xml:id="eSc_line_8545d198"
                  points="280,1851 288,1815 306,1811 393,1818 404,1844 397,1880 288,1873">
               <line>
      746
     </line>
            </zone>
            <zone xml:id="eSc_line_cdc34808"
                  points="295,1909 302,1884 342,1873 379,1873 401,1909 379,1942 302,1942">
               <line>
      747
     </line>
            </zone>
            <zone xml:id="eSc_line_91aca0e6"
                  points="295,1968 306,1942 342,1935 386,1935 412,1968 404,2001 302,2001">
               <line>
      748
     </line>
            </zone>
            <zone xml:id="eSc_line_d85e044f"
                  points="295,2022 302,1997 346,1993 412,2008 419,2033 408,2063 357,2084 295,2070">
               <line>
      749
     </line>
            </zone>
            <zone xml:id="eSc_line_fae92298"
                  points="295,2143 302,2117 328,2114 397,2114 408,2143 393,2179 302,2179">
               <line>
      750
     </line>
            </zone>
            <zone xml:id="eSc_line_a2c6c8c9"
                  points="280,2194 291,2172 368,2172 393,2183 401,2208 390,2234 339,2234 317,2252 277,2245">
               <line>
      751
     </line>
            </zone>
            <zone xml:id="eSc_line_84797585"
                  points="280,2394 302,2358 383,2365 390,2394 383,2438 364,2427 313,2442 288,2427">
               <line>
      752
     </line>
            </zone>
            <zone xml:id="eSc_line_2963eefb"
                  points="299,2511 302,2471 393,2482 404,2507 375,2533 306,2529">
               <line>
      753
     </line>
            </zone>
            <zone xml:id="eSc_line_08c40ed3"
                  points="295,2562 321,2525 350,2540 397,2529 404,2569 393,2595 299,2598">
               <line>
      754
     </line>
            </zone>
            <zone xml:id="eSc_line_a0139bb8"
                  points="280,2628 288,2602 364,2595 393,2598 404,2628 383,2657 288,2653">
               <line>
      755
     </line>
            </zone>
            <zone xml:id="eSc_line_3a80a610"
                  points="284,2690 291,2664 401,2660 401,2722 291,2715">
               <line>
      756
     </line>
            </zone>
            <zone xml:id="eSc_line_fa7dada2"
                  points="273,2806 277,2784 321,2766 390,2777 401,2799 379,2843 350,2828 321,2846 284,2843">
               <line>
      757
     </line>
            </zone>
            <zone xml:id="eSc_line_94dcf326"
                  points="284,2974 288,2952 342,2945 404,2967 397,3007 291,3021">
               <line>
      758
     </line>
            </zone>
            <zone xml:id="eSc_line_40391277"
                  points="295,3094 310,3061 375,3061 404,3069 415,3101 379,3138 299,3123">
               <line>
      759
     </line>
            </zone>
            <zone xml:id="eSc_line_7ce3c2a4"
                  points="273,3211 277,3193 313,3178 390,3185 404,3211 397,3254 364,3244 280,3262">
               <line>
      760
     </line>
            </zone>
            <zone xml:id="eSc_line_6f143555"
                  points="269,3316 280,3265 390,3273 379,3353 328,3375 273,3342">
               <line>
      761
     </line>
            </zone>
            <zone xml:id="eSc_line_8251bf3e"
                  points="310,3437 317,3415 346,3408 383,3411 390,3444 379,3477 310,3488">
               <line>
      762
     </line>
            </zone>
            <zone xml:id="eSc_line_2d7a098d"
                  points="295,3521 302,3488 379,3477 404,3524 331,3568 299,3568">
               <line>
      763
     </line>
            </zone>
            <zone xml:id="eSc_line_f7c35582"
                  points="295,3634 310,3590 397,3597 408,3630 401,3670 302,3681">
               <line>
      764
     </line>
            </zone>
            <zone xml:id="eSc_line_b78868f6"
                  points="288,3750 295,3717 339,3710 393,3717 404,3757 393,3787 291,3787">
               <line>
      765
     </line>
            </zone>
            <zone xml:id="eSc_line_e9350089"
                  points="280,3860 288,3834 310,3830 386,3834 393,3860 386,3892 288,3892">
               <line>
      766
     </line>
            </zone>
            <zone xml:id="eSc_line_f61d369d"
                  points="280,3914 284,3896 310,3889 379,3889 401,3911 390,3958 284,3954">
               <line>
      767
     </line>
            </zone>
            <zone xml:id="eSc_line_17963a13"
                  points="295,3976 335,3951 372,3954 401,3983 390,4013 299,4020">
               <line>
      768
     </line>
            </zone>
            <zone xml:id="eSc_line_184366da"
                  points="280,4042 313,4016 393,4013 404,4049 393,4093 306,4104 284,4086">
               <line>
      769
     </line>
            </zone>
         </surface>
      </surfaceGrp>
      <surfaceGrp xml:id="eSc_textblock_08a57fef" type="no_value">
         <surface>
            <graphic url="FRAN_0025_0227_L-0.jpg" width="2933px" height="4374px"/>
            <zone xml:id="eSc_line_0c035ce0"
                  points="470,725 474,692 496,685 543,696 554,721 547,754 477,750">
               <line>
      18
     </line>
            </zone>
            <zone xml:id="eSc_line_287edbcf"
                  points="452,776 518,747 536,776 528,809 459,809">
               <line>
      18
     </line>
            </zone>
            <zone xml:id="eSc_line_912bb531"
                  points="470,841 474,816 510,801 543,809 554,834 550,871 481,874">
               <line>
      18
     </line>
            </zone>
            <zone xml:id="eSc_line_d9aa26b7"
                  points="477,903 499,867 543,874 543,933 485,925">
               <line>
      18
     </line>
            </zone>
            <zone xml:id="eSc_line_8aa5383d"
                  points="470,969 481,922 543,944 554,965 547,998 477,1009">
               <line>
      19
     </line>
            </zone>
            <zone xml:id="eSc_line_719612a5"
                  points="456,1071 481,1046 532,1049 539,1071 532,1122 463,1115">
               <line>
      19
     </line>
            </zone>
            <zone xml:id="eSc_line_194829b4"
                  points="470,1199 477,1170 525,1166 521,1239 492,1250 474,1235">
               <line>
      19
     </line>
            </zone>
            <zone xml:id="eSc_line_4dab8d60"
                  points="456,1312 459,1290 492,1286 532,1304 528,1348 466,1348">
               <line>
      19
     </line>
            </zone>
            <zone xml:id="eSc_line_e120303d"
                  points="456,1381 466,1355 528,1359 539,1377 518,1428 459,1406">
               <line>
      19
     </line>
            </zone>
            <zone xml:id="eSc_line_fb19c3e2"
                  points="477,1501 488,1468 536,1465 536,1538 485,1545">
               <line>
      19
     </line>
            </zone>
            <zone xml:id="eSc_line_1dd2bc75"
                  points="477,1614 499,1578 543,1589 543,1647 485,1640">
               <line>
      19
     </line>
            </zone>
            <zone xml:id="eSc_line_0c8e6781"
                  points="459,1665 496,1636 547,1658 550,1676 521,1705 459,1698">
               <line>
      19
     </line>
            </zone>
            <zone xml:id="eSc_line_d3b5a3e9"
                  points="456,1716 470,1698 514,1698 539,1716 532,1775 463,1767">
               <line>
      19
     </line>
            </zone>
            <zone xml:id="eSc_line_117efe15"
                  points="456,1844 485,1811 543,1822 554,1840 543,1877 463,1869">
               <line>
      19
     </line>
            </zone>
            <zone xml:id="eSc_line_ffc09ef9"
                  points="459,1906 474,1877 528,1880 550,1902 543,1935 466,1931">
               <line>
      19
     </line>
            </zone>
            <zone xml:id="eSc_line_cbfc5aa5"
                  points="466,1979 485,1931 536,1935 536,1997 474,2001">
               <line>
      19
     </line>
            </zone>
            <zone xml:id="eSc_line_ae40ee02"
                  points="470,2030 488,1990 550,2004 558,2030 550,2070 477,2063">
               <line>
      19
     </line>
            </zone>
            <zone xml:id="eSc_line_8b7a72b2"
                  points="441,2139 445,2114 514,2110 558,2135 547,2176 485,2168 448,2183">
               <line>
      21
     </line>
            </zone>
            <zone xml:id="eSc_line_ea71ff0a"
                  points="470,2205 492,2176 521,2172 558,2205 550,2238 477,2256">
               <line>
      21
     </line>
            </zone>
            <zone xml:id="eSc_line_8badf17e"
                  points="470,2380 492,2351 539,2365 550,2387 536,2427 470,2442">
               <line>
      21
     </line>
            </zone>
            <zone xml:id="eSc_line_c6b85926"
                  points="456,2493 499,2471 543,2474 558,2493 550,2540 463,2540">
               <line>
      21
     </line>
            </zone>
            <zone xml:id="eSc_line_7cd6d9bf"
                  points="459,2569 463,2544 492,2529 547,2540 558,2562 550,2595 466,2595">
               <line>
      21
     </line>
            </zone>
            <zone xml:id="eSc_line_45fe3979"
                  points="470,2613 477,2595 518,2591 547,2624 532,2657 470,2649">
               <line>
      21
     </line>
            </zone>
            <zone xml:id="eSc_line_1d499339"
                  points="459,2671 466,2653 514,2649 536,2679 503,2726 463,2708">
               <line>
      22
     </line>
            </zone>
            <zone xml:id="eSc_line_c0291371"
                  points="474,2806 477,2770 547,2766 554,2839 518,2832 485,2846">
               <line>
      22
     </line>
            </zone>
            <zone xml:id="eSc_line_1826007f"
                  points="463,2988 466,2956 499,2945 554,2952 565,2981 554,3018 474,3021">
               <line>
      22
     </line>
            </zone>
            <zone xml:id="eSc_line_c9b96324"
                  points="456,3098 463,3032 547,3025 547,3138 463,3131">
               <line>
      22
     </line>
            </zone>
            <zone xml:id="eSc_line_75110481"
                  points="441,3211 448,3193 528,3182 558,3218 547,3247 445,3244">
               <line>
      22
     </line>
            </zone>
            <zone xml:id="eSc_line_8f1919fd"
                  points="463,3316 492,3295 536,3295 543,3309 558,3302 565,3327 554,3357 463,3375">
               <line>
      22
     </line>
            </zone>
            <zone xml:id="eSc_line_72fc0c80"
                  points="470,3444 474,3419 528,3408 565,3437 561,3477 477,3477">
               <line>
      22
     </line>
            </zone>
            <zone xml:id="eSc_line_8fc25d0c"
                  points="470,3513 474,3484 496,3473 543,3477 554,3506 543,3542 477,3535">
               <line>
      22
     </line>
            </zone>
            <zone xml:id="eSc_line_57419fbb"
                  points="470,3615 477,3593 547,3590 536,3677 470,3681">
               <line>
      22
     </line>
            </zone>
            <zone xml:id="eSc_line_0ec359b5"
                  points="470,3757 477,3721 528,3721 528,3787 477,3787">
               <line>
      22
     </line>
            </zone>
            <zone xml:id="eSc_line_d8e7136d"
                  points="441,3856 448,3838 499,3827 547,3838 554,3867 525,3900 445,3874">
               <line>
      22
     </line>
            </zone>
            <zone xml:id="eSc_line_198cebde"
                  points="456,3932 463,3907 514,3892 543,3907 550,3936 539,3958 459,3958">
               <line>
      22
     </line>
            </zone>
            <zone xml:id="eSc_line_990270d2"
                  points="474,3991 481,3958 532,3962 528,4013 477,4020">
               <line>
      22
     </line>
            </zone>
            <zone xml:id="eSc_line_b74b6eb6"
                  points="470,4053 477,4024 543,4013 543,4078 477,4082">
               <line>
      22
     </line>
            </zone>
         </surface>
      </surfaceGrp>
      <surfaceGrp xml:id="eSc_textblock_1845e379" type="no_value">
         <surface>
            <graphic url="FRAN_0025_0227_L-0.jpg" width="2933px" height="4374px"/>
            <zone xml:id="eSc_line_975e0960"
                  points="627,729 634,645 682,659 879,659 901,645 908,729 893,747 634,750">
               <line>
      Manlevèe
     </line>
            </zone>
            <zone xml:id="eSc_line_e88f4d05"
                  points="616,790 620,743 798,754 809,739 897,739 915,747 926,783 915,809 620,812">
               <line>
      (Substt Me Moreau)
     </line>
            </zone>
            <zone xml:id="eSc_line_e0fddc32"
                  points="616,856 627,805 725,827 766,801 798,823 915,809 926,849 915,867 806,867 784,852 766,871 652,856 620,871">
               <line>
      ( -do- )
     </line>
            </zone>
            <zone xml:id="eSc_line_501bcee7"
                  points="616,903 634,856 711,871 926,863 937,903 930,936 802,922 777,936 755,922 682,936 663,918 623,929">
               <line>
      (Substt Me L. Baudrier)
     </line>
            </zone>
            <zone xml:id="eSc_line_a6461db6"
                  points="620,962 631,925 835,925 868,933 875,962 868,995 627,991">
               <line>
      Procuration
     </line>
            </zone>
            <zone xml:id="eSc_line_57d4362e"
                  points="620,1326 623,1242 926,1253 930,1337 831,1355 740,1355 715,1337 700,1352 656,1341 627,1355">
               <line>
      (Substt Me Moreau)
     </line>
            </zone>
            <zone xml:id="eSc_line_9aa87548"
                  points="609,1505 612,1436 627,1421 904,1432 915,1494 904,1527 762,1534 671,1519 612,1534">
               <line>
      Copie collationnèe
     </line>
            </zone>
            <zone xml:id="eSc_line_d172c216"
                  points="612,1622 616,1556 682,1556 704,1578 766,1589 915,1578 937,1618 886,1647 620,1640">
               <line>
      Dècharge de mandat
     </line>
            </zone>
            <zone xml:id="eSc_line_ed000202"
                  points="627,1683 631,1632 868,1647 890,1680 879,1702 631,1702">
               <line>
      Procuration
     </line>
            </zone>
            <zone xml:id="eSc_line_50c93c5d"
                  points="609,1735 623,1687 682,1702 922,1691 933,1738 922,1767 886,1753 820,1767 769,1753 733,1767 612,1760">
               <line>
      (Substt Me L. Boudrier)
     </line>
            </zone>
            <zone xml:id="eSc_line_325213b7"
                  points="609,1855 616,1811 678,1829 766,1811 798,1833 919,1815 933,1862 912,1880 777,1880 758,1866 612,1877">
               <line>
      ( -do- )
     </line>
            </zone>
            <zone xml:id="eSc_line_50161f8b"
                  points="616,1924 623,1869 663,1884 828,1869 853,1888 919,1888 937,1913 930,1953 890,1953 860,1931 828,1953 773,1931 722,1950 667,1935 642,1961 623,1953">
               <line>
      (Substt Me Moreau)
     </line>
            </zone>
            <zone xml:id="eSc_line_59c15c52"
                  points="612,1982 616,1950 663,1971 725,1942 780,1942 809,1968 864,1957 933,1971 817,2004 751,1990 620,2008">
               <line>
      ( -do- )
     </line>
            </zone>
            <zone xml:id="eSc_line_b9a4fd63"
                  points="616,2037 620,2015 718,2022 740,2001 817,2019 926,2001 937,2041 926,2063 620,2063">
               <line>
      ( -do- )
     </line>
            </zone>
            <zone xml:id="eSc_line_0bf4b920"
                  points="612,2154 620,2084 784,2088 828,2125 926,2125 947,2154 930,2176 620,2168">
               <line>
      (Substt Me L. Baudrier)
     </line>
            </zone>
            <zone xml:id="eSc_line_331fbda0"
                  points="605,2205 623,2165 824,2183 908,2172 933,2216 922,2259 824,2238 718,2256 671,2234 609,2252">
               <line>
      Dècharge de mandat
     </line>
            </zone>
            <zone xml:id="eSc_line_53a5cea9"
                  points="609,2402 612,2329 627,2321 682,2332 707,2314 747,2329 780,2310 809,2329 890,2329 926,2310 930,2427 795,2416 689,2431 642,2416 616,2431">
               <line>
      (Substt Me Moreau)
     </line>
            </zone>
            <zone xml:id="eSc_line_2f8b3ea8"
                  points="612,2515 616,2445 671,2445 696,2471 758,2489 813,2471 835,2489 890,2478 901,2511 890,2536 616,2529">
               <line>
      Procuration
     </line>
            </zone>
            <zone xml:id="eSc_line_de1e48b2"
                  points="616,2577 620,2529 663,2540 696,2525 736,2540 871,2533 904,2540 915,2573 904,2613 864,2613 842,2595 678,2613 660,2595 620,2595">
               <line>
      Certificxat devie
     </line>
            </zone>
            <zone xml:id="eSc_line_ad4f881b"
                  points="631,3109 645,3025 882,3032 882,3127 769,3138 744,3123 652,3123 634,3138">
               <line>
      Mainlevèe
     </line>
            </zone>
            <zone xml:id="eSc_line_19bf08c8"
                  points="616,3225 623,3141 791,3149 806,3134 922,3134 922,3262 795,3244 620,3258">
               <line>
      (Substt Me Rafin)
     </line>
            </zone>
            <zone xml:id="eSc_line_202cba05"
                  points="616,3331 631,3262 930,3262 930,3367 860,3353 623,3367">
               <line>
      ( -do- )
     </line>
            </zone>
            <zone xml:id="eSc_line_0bc973d5"
                  points="609,3455 616,3397 663,3397 711,3422 890,3408 926,3422 937,3455 930,3495 875,3473 795,3495 674,3473 652,3495 616,3495">
               <line>
      (Substt Me Tollu)
     </line>
            </zone>
            <zone xml:id="eSc_line_efe795fa"
                  points="612,3524 616,3491 649,3491 667,3473 718,3473 747,3491 758,3477 904,3477 915,3517 908,3550 824,3550 798,3535 620,3550">
               <line>
      Ste 7 Mai 1908
     </line>
            </zone>
            <zone xml:id="eSc_line_9d435c18"
                  points="631,3754 638,3681 711,3681 755,3685 791,3714 915,3714 922,3757 912,3783 864,3787 634,3776">
               <line>
      Procuration
     </line>
            </zone>
            <zone xml:id="eSc_line_96b652c8"
                  points="609,3932 616,3863 725,3863 766,3896 915,3896 922,3932 904,3958 616,3947">
               <line>
      Certificat de vie
     </line>
            </zone>
            <zone xml:id="eSc_line_ac4b8dd5"
                  points="612,3994 616,3951 649,3947 700,3965 787,3965 817,3947 882,3965 933,3947 944,3994 933,4027 915,4013 857,4027 809,4013 777,4027 755,4013 715,4027 616,4016">
               <line>
      (Substt Me Moreau)
     </line>
            </zone>
            <zone xml:id="eSc_line_96fe94e9"
                  points="616,4064 620,4020 671,4049 722,4020 791,4020 817,4045 919,4038 930,4056 912,4104 795,4089 623,4107">
               <line>
      ( -do- )
     </line>
            </zone>
         </surface>
      </surfaceGrp>
      <surfaceGrp xml:id="eSc_textblock_87f6c099" type="structure_{type:col_4;}">
         <surface>
            <graphic url="FRAN_0025_0227_L-0.jpg" width="2933px" height="4374px"/>
            <zone xml:id="eSc_line_95ffffcf"
                  points="944,729 948,667 995,667 1039,688 1233,681 1243,736 1233,750 948,750">
               <line>
      (Substt Me Moreau)
     </line>
            </zone>
            <zone xml:id="eSc_line_cd6517aa"
                  points="944,783 952,754 1021,743 1160,754 1167,783 1160,805 1116,812 952,801">
               <line>
      Quittance
     </line>
            </zone>
            <zone xml:id="eSc_line_75ef5f3d"
                  points="941,841 948,801 1083,816 1149,801 1167,816 1240,816 1247,845 1236,867 1211,871 944,863">
               <line>
      (Dèpôt de dècharge
     </line>
            </zone>
            <zone xml:id="eSc_line_b1fae513"
                  points="941,907 944,860 1233,867 1258,874 1269,903 1262,936 1189,922 1112,936 1068,922 1014,936 948,929">
               <line>
      Dèpôt de testament
     </line>
            </zone>
            <zone xml:id="eSc_line_50751c3f"
                  points="952,1075 959,1016 1050,1016 1079,1042 1174,1038 1192,1067 1181,1100 1152,1111 1119,1100 1043,1122 984,1104 955,1119">
               <line>
      Obligation
     </line>
            </zone>
            <zone xml:id="eSc_line_30683cd3"
                  points="1025,1195 1050,1162 1145,1177 1138,1228 1028,1224">
               <line>
      -do-
     </line>
            </zone>
            <zone xml:id="eSc_line_6a816a17"
                  points="926,1326 933,1261 1021,1246 1247,1261 1265,1323 1236,1352 1090,1334 1032,1352 1010,1334 952,1352 933,1341">
               <line>
      Dècharge de legs
     </line>
            </zone>
            <zone xml:id="eSc_line_d3c6b096"
                  points="952,1381 955,1355 988,1337 1021,1355 1072,1337 1156,1337 1218,1355 1229,1385 1218,1403 1156,1414 955,1414">
               <line>
      Inventaire
     </line>
            </zone>
            <zone xml:id="eSc_line_5d692d97"
                  points="952,1614 955,1538 981,1530 1003,1545 1021,1530 1090,1530 1105,1545 1258,1534 1258,1647 1211,1632 955,1647">
               <line>
      (Substt Me L. Baudrier)
     </line>
            </zone>
            <zone xml:id="eSc_line_4a3e18f1"
                  points="941,1683 944,1654 1043,1665 1065,1643 1101,1643 1127,1665 1192,1665 1229,1643 1262,1651 1273,1680 1243,1698 948,1687">
               <line>
      ( -do- )
     </line>
            </zone>
            <zone xml:id="eSc_line_c11222c1"
                  points="941,1731 944,1691 1039,1702 1050,1687 1119,1702 1203,1687 1254,1698 1265,1724 1236,1764 1101,1767 1050,1745 1006,1771 984,1749 948,1749">
               <line>
      Rècèpissè de compte
     </line>
            </zone>
            <zone xml:id="eSc_line_0b294ed6"
                  points="944,1789 948,1749 1072,1749 1105,1782 1079,1807 952,1811">
               <line>
      de tutelle
     </line>
            </zone>
            <zone xml:id="eSc_line_4354c4d4"
                  points="955,1851 959,1815 1156,1804 1181,1855 1112,1877 959,1869">
               <line>
      Notoriètè
     </line>
            </zone>
            <zone xml:id="eSc_line_c0209b51"
                  points="944,1917 952,1869 1025,1884 1050,1869 1079,1884 1251,1877 1269,1917 1262,1950 1233,1931 1134,1931 1116,1950 952,1935">
               <line>
      Dècharge de mandat
     </line>
            </zone>
            <zone xml:id="eSc_line_fdcccddd"
                  points="970,1971 1010,1935 1039,1957 1076,1957 1174,1931 1236,1953 1247,1975 1200,2012 1123,2008 1079,1982 974,1997">
               <line>
      -do- de legs
     </line>
            </zone>
            <zone xml:id="eSc_line_95331d46"
                  points="1010,2033 1017,1997 1046,1979 1160,2008 1167,2033 1156,2066 1017,2063">
               <line>
      Vente
     </line>
            </zone>
            <zone xml:id="eSc_line_a1ce6dfc"
                  points="937,2154 944,2117 988,2088 1054,2088 1094,2117 1225,2114 1233,2154 1225,2179 1174,2190 1090,2176 1076,2190 1054,2176 944,2187">
               <line>
      Dèpôtde testament
     </line>
            </zone>
            <zone xml:id="eSc_line_50d11db5"
                  points="944,2405 948,2332 1068,2332 1083,2318 1207,2329 1211,2431 952,2420">
               <line>
      Mainlevèe
     </line>
            </zone>
            <zone xml:id="eSc_line_0d7a1fff"
                  points="937,2631 941,2547 1072,2566 1236,2551 1236,2649 941,2649">
               <line>
      Testamentauthentique
     </line>
            </zone>
            <zone xml:id="eSc_line_420eaaf9"
                  points="970,2690 1003,2646 1229,2664 1236,2690 1225,2711 1174,2719 977,2719">
               <line>
      Mainlevée
     </line>
            </zone>
            <zone xml:id="eSc_line_99112028"
                  points="999,2803 1010,2737 1050,2737 1090,2770 1149,2773 1156,2813 1145,2835 1003,2832">
               <line>
      Vente
     </line>
            </zone>
            <zone xml:id="eSc_line_726d3d3d"
                  points="937,2988 952,2919 1028,2908 1050,2926 1090,2926 1112,2905 1254,2934 1265,2981 1258,3014 944,3018">
               <line>
      Rèquison de notification
     </line>
            </zone>
            <zone xml:id="eSc_line_1fe10dc0"
                  points="937,3112 941,3032 1251,3039 1262,3101 1240,3141 1021,3123 944,3145">
               <line>
      (Substt Me Rafin)
     </line>
            </zone>
            <zone xml:id="eSc_line_08f93f73"
                  points="959,3222 966,3149 1101,3152 1130,3182 1222,3182 1229,3222 1207,3254 966,3251">
               <line>
      Mainlevée
     </line>
            </zone>
            <zone xml:id="eSc_line_1a46d3d9"
                  points="937,3327 944,3258 970,3258 1021,3273 1076,3265 1112,3298 1262,3298 1269,3335 1258,3357 1156,3375 1039,3357 941,3364">
               <line>
      Procuration
     </line>
            </zone>
            <zone xml:id="eSc_line_1a4efbe6"
                  points="937,3455 970,3408 1076,3408 1108,3422 1130,3400 1167,3400 1196,3426 1269,3426 1276,3455 1269,3488 1046,3477 944,3491">
               <line>
      Rèquison de notification
     </line>
            </zone>
            <zone xml:id="eSc_line_54ef52be"
                  points="937,3517 941,3491 963,3484 1105,3480 1229,3484 1262,3513 1254,3553 944,3546">
               <line>
      Engagementsolidaire
     </line>
            </zone>
            <zone xml:id="eSc_line_d52be1a2"
                  points="974,3630 981,3572 1057,3572 1087,3601 1211,3601 1218,3630 1196,3674 1174,3659 1149,3674 1119,3659 1101,3677 1061,3677 1043,3659 981,3670">
               <line>
      Obligation
     </line>
            </zone>
            <zone xml:id="eSc_line_999a88cd"
                  points="952,3757 959,3681 1254,3688 1262,3761 1233,3794 1196,3779 955,3794">
               <line>
      (Substt Me Tollu)
     </line>
            </zone>
            <zone xml:id="eSc_line_4285da08"
                  points="937,3856 944,3812 999,3790 1014,3805 1149,3805 1189,3827 1269,3819 1276,3870 1265,3903 941,3889">
               <line>
      Dèpôtd'assemblèe gènèrale
     </line>
            </zone>
            <zone xml:id="eSc_line_cc25d1fa"
                  points="926,3929 930,3911 984,3907 1003,3889 1101,3892 1116,3907 1134,3889 1156,3911 1251,3892 1273,3932 1240,3954 930,3947">
               <line>
      (Substt Me L. Baudrier)
     </line>
            </zone>
            <zone xml:id="eSc_line_3271a752"
                  points="944,3991 948,3947 1112,3962 1262,3951 1273,3998 1203,4020 948,4013">
               <line>
      Dèpôtde procuration
     </line>
            </zone>
            <zone xml:id="eSc_line_c07e4386"
                  points="944,4056 963,4027 1061,4009 1079,4027 1222,4013 1258,4031 1269,4064 1258,4133 1200,4133 1156,4093 1068,4122 1003,4089 948,4089">
               <line>
      Certificat de vie
     </line>
            </zone>
         </surface>
      </surfaceGrp>
      <surfaceGrp xml:id="eSc_textblock_6b8ac22b" type="structure_{type:col_5;}">
         <surface>
            <graphic url="FRAN_0025_0227_L-0.jpg" width="2933px" height="4374px"/>
            <zone xml:id="eSc_line_9eb2e9e6"
                  points="1346,652 1353,608 1378,597 1466,616 1481,601 1586,594 1685,616 1721,594 1758,616 1827,590 1940,590 1991,608 2017,590 2090,590 2115,616 2192,616 2199,652 2192,685 2174,688 1353,685">
               <line>
      An 1911, mois d'Août
     </line>
            </zone>
            <zone xml:id="eSc_line_ad807be5"
                  points="1349,729 1368,677 1455,692 1521,677 1608,696 1630,681 1652,696 2349,681 2382,696 2484,696 2491,729 2484,750 1357,750">
               <line>
      Lebourg (par Maria Pigaudrat Ve d'Amable) d'Asnières, et autres, desaisie-arrêtentreles mains deRousseau
     </line>
            </zone>
            <zone xml:id="eSc_line_efac4e07"
                  points="1346,776 1371,739 1430,754 1820,754 1845,739 1864,754 1911,739 2155,754 2232,739 2276,754 2287,780 2272,805 1349,805">
               <line>
      Lebourg (à la d. dame) parBeunon Segrè, d'Asnières, de 4406+73
     </line>
            </zone>
            <zone xml:id="eSc_line_30b5a080"
                  points="1331,834 1368,798 1448,798 1462,812 1481,798 1561,812 1875,798 1896,816 1933,801 2017,801 2031,816 2137,816 2155,801 2217,816 2316,816 2334,801 2356,816 2371,801 2422,801 2451,816 2458,841 2440,860 2250,867 1484,852 1335,863">
               <line>
      Dubuffet(demandat par Paul Lucien) etsafe dt àBayonne, à M. M. Lefeur et Bachelain
     </line>
            </zone>
            <zone xml:id="eSc_line_dd8a6530"
                  points="1331,893 1335,867 1371,856 1754,856 1805,871 2174,860 2254,867 2272,900 2250,925 2177,929 1856,929 1787,914 1335,925">
               <line>
      Devillers (defèlicie Josèphe) fe divorcèe, rue Viollet le Duc 5
     </line>
            </zone>
            <zone xml:id="eSc_line_5c49bbad"
                  points="1346,965 1349,918 1521,918 1535,933 1579,918 1627,933 1787,918 1864,933 1900,914 1955,929 2024,914 2079,929 2429,918 2458,958 2447,991 1962,976 1948,991 1882,995 1805,980 1787,995 1699,995 1685,980 1597,995 1466,980 1411,995 1397,980 1349,995">
               <line>
      Guignan (par Hermann) et Gabrielle Françoise Pauline, èpx, àParis, Bd
     </line>
            </zone>
            <zone xml:id="eSc_line_1a13840e"
                  points="1280,1024 1291,980 1316,998 1331,984 1346,998 1608,998 1689,980 1707,998 1856,984 1926,998 1966,980 2174,980 2228,998 2250,980 2301,995 2345,980 2363,995 2382,984 2466,998 2473,1020 2458,1042 2425,1049 2352,1049 2334,1035 2287,1049 2269,1035 2214,1049 2031,1035 1481,1049 1393,1035 1284,1049">
               <line>
      Magenta, 148, pr acquèrirparlicitation un immeubleàBordeaux, rueLagrange, 99
     </line>
            </zone>
            <zone xml:id="eSc_line_b9322c3a"
                  points="1346,1075 1371,1035 1433,1049 1696,1038 1842,1049 1904,1035 1918,1049 2031,1038 2108,1053 2177,1038 2192,1053 2239,1038 2352,1053 2385,1038 2451,1053 2462,1082 2422,1108 1349,1104">
               <line>
      Sterckeman(par Jules Charles Bertin Lucien) et Lucie AmèlieLacasble, èpx, à Paris,
     </line>
            </zone>
            <zone xml:id="eSc_line_f8b3d118"
                  points="1276,1144 1280,1093 1338,1093 1360,1115 1696,1097 1743,1111 1802,1097 1820,1115 1882,1097 1918,1115 1962,1115 1988,1097 2119,1115 2163,1104 2192,1115 2203,1140 2192,1162 2079,1166 1280,1166">
               <line>
      Bd Lannes, 31 bis, à Adolphe Weil, rueBeaurepaire27, de 28000+.
     </line>
            </zone>
            <zone xml:id="eSc_line_bb54a0ef"
                  points="1393,1199 1397,1170 1411,1166 1758,1159 1798,1173 1860,1159 1904,1173 2119,1155 2170,1177 2214,1159 2265,1173 2305,1159 2433,1159 2473,1177 2484,1210 2469,1228 2345,1221 2331,1235 2312,1221 2123,1235 1999,1217 1758,1232 1670,1213 1623,1228 1397,1228">
               <line>
      -do- (parles mêmes) àGabrielleZoèFloreHenriette Bunelle, Ve de Lèon
     </line>
            </zone>
            <zone xml:id="eSc_line_a4881f26"
                  points="1273,1268 1276,1221 1324,1235 1357,1221 1546,1221 1568,1239 1645,1217 1725,1235 1882,1235 1969,1217 2010,1232 2265,1224 2290,1228 2301,1257 2232,1286 1944,1275 1926,1290 1896,1275 1875,1290 1689,1279 1667,1290 1616,1275 1597,1290 1433,1279 1276,1293">
               <line>
      Marcellin Albert Petit, à Paris, faubourg St Denis, 210, de 30000+.
     </line>
            </zone>
            <zone xml:id="eSc_line_a3fb8c6f"
                  points="1331,1323 1335,1293 1451,1279 1513,1293 1586,1293 1608,1279 1805,1293 1853,1279 1871,1293 1893,1275 1980,1290 2020,1275 2039,1293 2083,1275 2207,1275 2228,1293 2265,1275 2367,1275 2385,1293 2440,1279 2462,1323 2447,1341 2352,1345 1335,1345">
               <line>
      Vareille(par Marie)fe divorcèe, 33Bd dela Seine, à la SSon Louis Jean Alfred Renaut
     </line>
            </zone>
            <zone xml:id="eSc_line_7a32adad"
                  points="1353,1381 1371,1337 1411,1352 1499,1352 1513,1337 1557,1352 2064,1337 2093,1352 2148,1352 2163,1337 2192,1352 2217,1337 2254,1352 2283,1337 2411,1345 2444,1352 2451,1381 2433,1406 2385,1396 2331,1410 2294,1396 2210,1410 1692,1399 1499,1410 1473,1396 1360,1410">
               <line>
      Garnier (apès dècès deM. l'abbé Henri Joseph Jn Bte) curèdel'Eglise Ste Geneviève
     </line>
            </zone>
            <zone xml:id="eSc_line_5cb7014a"
                  points="1276,1439 1291,1399 1451,1410 1470,1392 1502,1410 1597,1414 1663,1399 1725,1414 1827,1399 1999,1414 2035,1399 2064,1414 2119,1396 2210,1410 2239,1396 2280,1410 2298,1396 2469,1396 2480,1439 2440,1468 2393,1454 2323,1468 2272,1454 2068,1454 2053,1468 1572,1468 1375,1450 1349,1465 1280,1461">
               <line>
      des Grandes Carrières, dt à Paris, rue Championnet 174, dècèdèà l'hopital Bichat le20 Juillet 1911
     </line>
            </zone>
            <zone xml:id="eSc_line_8aad5ec8"
                  points="1346,1498 1360,1458 1426,1472 1488,1458 1524,1472 1616,1458 1663,1472 1678,1458 1780,1472 1798,1458 1860,1472 1940,1458 1977,1472 2196,1458 2250,1472 2272,1454 2287,1468 2411,1458 2440,1494 2429,1523 2367,1512 2250,1530 2046,1530 2020,1516 1969,1530 1896,1516 1798,1530 1772,1516 1692,1516 1630,1516 1612,1530 1554,1516 1495,1530 1459,1516 1397,1530 1349,1516">
               <line>
      Meyer (à la requêtedeVe Louis Ernest) pour servir àladèduction de dettes
     </line>
            </zone>
            <zone xml:id="eSc_line_695b7b17"
                  points="1273,1556 1280,1519 1305,1516 1327,1534 1349,1516 1378,1534 1448,1534 1466,1519 1499,1534 1517,1519 1616,1534 1681,1516 1743,1534 1769,1519 1776,1556 1754,1578 1692,1585 1663,1570 1627,1585 1462,1570 1280,1585">
               <line>
      dèpendant delaSSon dud. M.) s. n.
     </line>
            </zone>
            <zone xml:id="eSc_line_a2ff4fea"
                  points="1331,1611 1338,1578 1364,1567 1506,1581 1794,1567 1813,1585 1860,1570 2031,1570 2057,1585 2130,1570 2163,1589 2374,1574 2444,1589 2451,1622 2404,1643 1335,1632">
               <line>
      Boulanger(par Charles Fèlix) etsafe, ruedel'Entrepôt 10, à ClèmentAlphonse Galopin
     </line>
            </zone>
            <zone xml:id="eSc_line_74f169c6"
                  points="1364,1673 1368,1632 2269,1643 2320,1629 2334,1643 2436,1632 2466,1643 2476,1680 2466,1698 1368,1694">
               <line>
      CieIndelle etImmoblre de Malaga(parla) siège à Bruxelles, rue du Marveau 51, à M. Morin, deMalaga
     </line>
            </zone>
            <zone xml:id="eSc_line_ff48393f"
                  points="1360,1731 1364,1691 1444,1691 1459,1705 1495,1691 1583,1691 1605,1705 1634,1691 1674,1705 1707,1691 1798,1691 1813,1705 2093,1705 2155,1691 2265,1705 2414,1691 2458,1702 2469,1735 2458,1753 1364,1756">
               <line>
      Thibault (prèsentè par Marie Feuillebois, Ve deEmile Prudent Ernest), dt à
     </line>
            </zone>
            <zone xml:id="eSc_line_e3d08b3c"
                  points="1276,1789 1287,1749 1320,1764 1710,1749 1765,1764 1882,1749 1911,1764 1980,1749 2123,1764 2214,1749 2265,1764 2272,1789 2236,1818 2104,1807 2028,1822 2013,1807 1824,1804 1794,1822 1663,1807 1528,1822 1466,1804 1444,1822 1371,1804 1353,1822 1284,1822">
               <line>
      Montreuil, àMarie Victorine Rosalie) et Ernest VictorLouis) au mêmelieu
     </line>
            </zone>
            <zone xml:id="eSc_line_e72e8389"
                  points="1349,1848 1364,1804 1408,1818 1459,1804 1521,1818 1645,1804 1791,1818 1809,1804 2236,1818 2269,1804 2290,1818 2436,1807 2458,1815 2469,1855 2458,1873 2338,1877 1353,1873">
               <line>
      Morel (après dècès de Rose Eugènie Poulet, Ve de Marie Adolphe) rueSt Antoine 111
     </line>
            </zone>
            <zone xml:id="eSc_line_77b6f697"
                  points="1335,1913 1338,1880 1364,1869 2360,1869 2458,1880 2469,1924 2374,1939 2301,1924 2272,1939 2214,1924 2192,1939 2123,1939 2101,1924 2072,1939 2006,1924 1882,1939 1338,1931">
               <line>
      Rondeau (par Amèlie Marie Françoise) 48 rue Brunel, à Bèjot, ag. de change
     </line>
            </zone>
            <zone xml:id="eSc_line_7e02fec1"
                  points="1342,1971 1349,1931 1371,1928 1415,1946 1539,1946 1579,1931 1608,1942 1630,1928 1674,1946 1710,1931 1802,1931 1824,1946 2057,1931 2075,1946 2097,1928 2130,1946 2185,1946 2210,1928 2280,1946 2305,1928 2360,1946 2414,1928 2466,1931 2476,1971 2469,2001 1349,2001">
               <line>
      Renaut (par Marie Vareille, à Nanterre, 33, Bd dela Seine, à la SSon Ls Jean Alfred)
     </line>
            </zone>
            <zone xml:id="eSc_line_9b13deaf"
                  points="1346,2033 1371,1990 1543,2004 1608,1990 1995,2004 2393,1993 2473,2004 2480,2033 2473,2059 2455,2063 1353,2059">
               <line>
      Rebeille(par Fèlix) et Madeleine Weiss, èpx, à Paris, 72 Bd Voltaire, à Gaston
     </line>
            </zone>
            <zone xml:id="eSc_line_ec701e04"
                  points="1269,2099 1273,2048 1360,2063 1408,2052 1433,2070 1473,2052 1517,2070 1637,2055 1670,2070 1699,2052 1732,2070 1754,2052 1783,2063 1977,2048 2072,2066 2130,2048 2163,2066 2422,2066 2433,2092 2422,2117 1849,2106 1834,2121 1561,2121 1528,2106 1506,2121 1477,2106 1368,2106 1273,2121">
               <line>
      Dèsirè Camel et Louise Caroline Guimbal, èpx, de terrain à Champigny-s-Marne
     </line>
            </zone>
            <zone xml:id="eSc_line_1617126d"
                  points="1331,2146 1335,2121 1371,2106 1440,2106 1455,2121 1586,2121 1612,2106 1834,2121 1849,2106 1889,2125 2072,2110 2104,2125 2265,2110 2283,2125 2298,2110 2363,2110 2378,2125 2433,2125 2444,2154 2433,2172 2290,2179 1867,2165 1335,2176">
               <line>
      Roblin (de Gabrielle JeannePauline) fe divorcès, à Paris, rue Berthollet, 4
     </line>
            </zone>
            <zone xml:id="eSc_line_3d798474"
                  points="1331,2205 1335,2176 1364,2168 1867,2165 1922,2179 2444,2176 2466,2212 2455,2234 2250,2227 2232,2241 2152,2241 2126,2227 1966,2241 1802,2223 1751,2238 1335,2238">
               <line>
      Dubois (par Charles Joseph) etHèloise Marguerite Josson, èpx, à Paris, 42, rue de
     </line>
            </zone>
            <zone xml:id="eSc_line_eb2ecba5"
                  points="1265,2278 1276,2227 1335,2241 1408,2241 1422,2227 1481,2227 1495,2241 1740,2241 1761,2227 1824,2241 1907,2227 1969,2241 2020,2227 2064,2241 2141,2227 2170,2241 2185,2227 2236,2241 2250,2227 2272,2241 2338,2227 2385,2241 2404,2227 2469,2227 2480,2274 2429,2296 1269,2289">
               <line>
      Monceau, etpar Jean MarieAlexandre Pettex-Muffast, et MarieHèlène Mougenot, èpx, à Paris
     </line>
            </zone>
            <zone xml:id="eSc_line_67c4e064"
                  points="1269,2343 1276,2299 1404,2303 1419,2289 1499,2303 1681,2289 1747,2289 1761,2303 1882,2303 1896,2289 2349,2303 2469,2289 2480,2340 2444,2365 2228,2365 2188,2351 2155,2365 1273,2354">
               <line>
      24, rue Trèzel, DèsirèLs Auguste) etVirginie Renèe Daniel, èpx, à Louis Guèrèmy, à Ouzouer s/Trèzae
     </line>
            </zone>
            <zone xml:id="eSc_line_902f2850"
                  points="1349,2391 1360,2351 1422,2351 1623,2369 1674,2354 1703,2369 1743,2354 1791,2369 1827,2354 1878,2369 1980,2354 2006,2372 2086,2358 2112,2372 2214,2358 2393,2372 2433,2358 2466,2372 2476,2398 2462,2420 2283,2412 2254,2427 2002,2423 1951,2409 1838,2423 1353,2416">
               <line>
      Lebourg (par Maria Rigaudias Ve Amable) d'Asnières, av. des Marronniers 15,
     </line>
            </zone>
            <zone xml:id="eSc_line_b1d8e7c4"
                  points="1269,2449 1287,2416 1652,2427 1670,2412 1710,2427 1838,2427 1926,2412 2217,2412 2254,2427 2283,2412 2436,2412 2458,2416 2469,2453 2418,2474 1273,2464">
               <line>
      etautres, d'inscon àleur profitc/ Lèon Arthur Aimè Petit et safe, à Paris, 64, av. La MottePiquet
     </line>
            </zone>
            <zone xml:id="eSc_line_50293f49"
                  points="1349,2507 1357,2467 1484,2467 1499,2482 1539,2467 1561,2485 1645,2482 1659,2467 1678,2482 1696,2467 1816,2467 1834,2485 1871,2471 1900,2485 1991,2471 2042,2471 2057,2485 2086,2471 2108,2485 2261,2471 2316,2485 2334,2471 2352,2485 2462,2485 2469,2507 2462,2536 1357,2529">
               <line>
      Dourlent(par Marie Louise) à Paris, 19 rue de Chabrol, prrecirSSon de Maurice) son neveu
     </line>
            </zone>
            <zone xml:id="eSc_line_2dcfbcec"
                  points="1346,2569 1349,2529 1579,2540 1597,2525 1743,2525 1758,2540 1794,2525 1834,2540 1871,2525 1929,2544 2039,2529 2072,2544 2086,2529 2130,2544 2422,2536 2447,2544 2458,2577 2447,2598 2414,2606 2301,2591 1915,2606 1896,2587 1349,2602">
               <line>
      Van den Bergh (de Joseph Henri Alexandre) à Paris, 146, rue Legendre
     </line>
            </zone>
            <zone xml:id="eSc_line_2ec476e7"
                  points="1331,2635 1335,2606 1360,2591 1426,2606 1455,2591 1546,2591 1561,2606 1601,2591 1627,2606 1692,2591 1729,2606 1769,2591 1896,2591 1915,2606 2210,2595 2239,2631 2228,2657 1335,2653">
               <line>
      Nouzillet(de Marie Eugène) à Paris, ruede Rome 78
     </line>
            </zone>
            <zone xml:id="eSc_line_f2663b72"
                  points="1338,2686 1342,2657 1400,2668 1433,2649 1455,2668 1473,2653 1550,2660 1564,2646 1605,2668 1645,2668 1663,2649 1816,2664 1834,2646 2050,2649 2068,2664 2119,2646 2155,2664 2214,2664 2258,2628 2436,2628 2447,2686 2425,2711 1342,2711">
               <line>
      Ehrmann (par Valèrie Lauth, Ve deLouis Daniel Edmond) à Cholet
     </line>
            </zone>
            <zone xml:id="eSc_line_7ffe344e"
                  points="1276,2748 1280,2697 1368,2719 1455,2700 1521,2719 1842,2704 1856,2744 1845,2762 1765,2773 1634,2759 1590,2773 1543,2759 1280,2773">
               <line>
      (Maine &amp;amp; Loire) d'inscon c/ èpx Lachaud
     </line>
            </zone>
            <zone xml:id="eSc_line_fb205003"
                  points="1335,2806 1360,2762 1415,2777 1546,2762 1568,2781 1608,2762 1692,2781 1915,2762 1944,2781 1977,2766 2093,2781 2141,2755 2261,2755 2294,2773 2360,2762 2378,2781 2436,2770 2466,2806 2458,2832 1342,2828">
               <line>
      Martinet(par ThèrèseLucie Hèdin, Ve en 2ec noces de Edmond) dt à St Maur des
     </line>
            </zone>
            <zone xml:id="eSc_line_f2adcbaf"
                  points="1273,2872 1280,2821 1481,2835 1824,2835 1856,2821 1896,2835 1966,2821 1984,2835 2075,2835 2097,2821 2203,2835 2243,2821 2283,2835 2436,2832 2447,2872 2440,2894 2338,2897 2137,2897 2123,2883 2097,2897 2064,2883 1820,2897 1280,2886">
               <line>
      Fossès (Seine) 38 av. dela Rèpublique, à ClaudeBasset etVèroniqueJulienne Marie
     </line>
            </zone>
            <zone xml:id="eSc_line_11754c05"
                  points="1269,2930 1280,2883 1316,2901 1346,2886 1375,2901 1470,2901 1484,2886 1645,2901 1681,2883 1710,2901 1933,2883 1958,2901 1977,2883 2017,2883 2028,2926 2006,2952 1273,2945">
               <line>
      Fiselier, èpx, de propriètè aud. lieu, moyt 6000+.
     </line>
            </zone>
            <zone xml:id="eSc_line_741e7347"
                  points="1316,2977 1320,2952 1400,2952 1415,2937 1437,2952 1645,2941 1678,2956 1907,2956 1958,2941 2002,2956 2046,2934 2068,2956 2170,2959 2232,2926 2451,2926 2462,2999 2451,3014 2152,3007 2126,3021 2061,3003 2039,3018 1995,3003 1969,3018 1911,3018 1896,3003 1696,3018 1641,2999 1561,2999 1546,3014 1502,2999 1466,3014 1320,2999">
               <line>
      de SaintGenois de Grand Breucq (par Henri Arnold) à Paris, Bd des
     </line>
            </zone>
            <zone xml:id="eSc_line_09a74d52"
                  points="1269,3047 1273,2999 1360,2999 1386,3021 1426,3003 1481,3018 1499,2999 1528,3025 1564,2999 1597,3014 1681,3003 1710,3025 1780,3010 1834,3025 1882,3007 1915,3025 1984,3007 2035,3021 2093,2999 2115,3021 2250,3007 2280,3014 2290,3043 2280,3069 1273,3065">
               <line>
      Italiens 9, à Paul Alfred) son père, à Asnières, rue Eugènie 23
     </line>
            </zone>
            <zone xml:id="eSc_line_414ed72a"
                  points="1346,3101 1357,3061 1433,3061 1451,3080 1502,3080 1532,3061 1637,3080 1663,3061 1721,3080 1751,3061 1816,3072 1845,3058 1929,3076 1958,3061 2061,3076 2097,3061 2119,3076 2185,3061 2269,3076 2425,3061 2466,3072 2476,3101 2466,3131 2429,3120 2097,3134 1929,3120 1842,3138 1689,3123 1528,3123 1481,3138 1459,3123 1349,3123">
               <line>
      Stè Française des Nouvelles Galeries Rèunies (parla) à Paris, ruedes Archives
     </line>
            </zone>
            <zone xml:id="eSc_line_960ef360"
                  points="1265,3160 1269,3116 1426,3138 1579,3120 1740,3138 1754,3123 1787,3127 1802,3160 1765,3189 1751,3174 1674,3189 1597,3189 1583,3174 1546,3189 1481,3174 1426,3189 1389,3171 1269,3178">
               <line>
      66, d'inscon c/ Jean Clapeau et safe
     </line>
            </zone>
            <zone xml:id="eSc_line_af41102e"
                  points="1338,3211 1342,3178 1378,3171 1426,3193 1477,3167 1528,3193 1579,3171 1605,3193 1670,3193 1699,3174 1787,3189 1824,3160 1966,3160 1991,3185 2028,3178 2042,3193 2093,3193 2123,3171 2214,3193 2287,3174 2327,3193 2389,3174 2411,3193 2469,3193 2480,3225 2444,3247 2352,3236 2323,3251 2075,3251 2053,3236 2020,3251 1951,3251 1933,3236 1911,3251 1882,3236 1820,3251 1791,3236 1754,3251 1729,3236 1699,3251 1645,3236 1535,3251 1342,3236">
               <line>
      Bernheim frères et fils (parla Stè) àParis, ruedel'Arcade 23, d'inscon
     </line>
            </zone>
            <zone xml:id="eSc_line_b1945d04"
                  points="1273,3280 1276,3233 1342,3233 1364,3251 1426,3240 1448,3254 1484,3240 1506,3258 1524,3244 1550,3262 1692,3258 1714,3236 1754,3254 1791,3240 1816,3258 1886,3236 1904,3273 1853,3298 1630,3302 1575,3287 1280,3306">
               <line>
      c/ Pierre Orset etsa fe, rue d'Astorg, 11
     </line>
            </zone>
            <zone xml:id="eSc_line_806e06e2"
                  points="1364,3327 1386,3284 1408,3298 1426,3284 1459,3298 1886,3298 1918,3273 1980,3262 1995,3276 2028,3262 2188,3276 2210,3262 2411,3262 2466,3265 2476,3335 2466,3371 2404,3353 2342,3371 2247,3371 2228,3353 2196,3371 2086,3371 2013,3353 1995,3371 1962,3371 1918,3349 1893,3367 1871,3353 1794,3367 1718,3349 1408,3349 1368,3364">
               <line>
      L'Union (par) Stè d'assurances surla Vie, place Vendôme 9, à Georges Emile
     </line>
            </zone>
            <zone xml:id="eSc_line_35f3a11d"
                  points="1273,3386 1276,3342 1316,3342 1338,3364 1415,3364 1437,3346 1488,3364 1685,3364 1718,3349 1736,3364 1761,3357 1772,3393 1761,3419 1276,3411">
               <line>
      Caveru, Chaussèe d'Antin 60,
     </line>
            </zone>
            <zone xml:id="eSc_line_d2e26ce2"
                  points="1349,3451 1353,3408 1378,3400 1411,3419 1692,3404 1780,3419 1878,3404 1893,3419 1948,3408 2002,3422 2035,3397 2196,3397 2290,3415 2352,3404 2371,3422 2451,3408 2469,3415 2480,3459 2400,3484 1353,3477">
               <line>
      Hugon(parJean Vor Fèlicien Andrè) à BlancheEugènieHèloïse Badet, Ve) sa mère
     </line>
            </zone>
            <zone xml:id="eSc_line_c78e10a5"
                  points="1335,3517 1346,3473 2422,3477 2462,3484 2473,3517 2462,3553 2422,3539 2382,3553 2272,3553 2258,3539 2148,3553 2130,3535 2083,3553 2006,3535 1926,3550 1875,3532 1718,3535 1703,3550 1681,3532 1637,3532 1616,3553 1532,3532 1455,3553 1411,3532 1338,3532">
               <line>
      Couderc (par Sophie Marie Antoinette Brouzes, èpousedeJean Baptiste) à Paris,
     </line>
            </zone>
            <zone xml:id="eSc_line_e51d638f"
                  points="1269,3572 1273,3524 1346,3524 1364,3542 1411,3535 1437,3553 1510,3553 1532,3535 1554,3550 1583,3539 1656,3553 1681,3535 1699,3553 1765,3553 1867,3528 1926,3546 2006,3532 2079,3553 2134,3532 2152,3575 2126,3597 1273,3597">
               <line>
      Bd de Charonne, 3, dans bail consenti à M.) parVe Regnault
     </line>
            </zone>
            <zone xml:id="eSc_line_e9d0dd27"
                  points="1335,3630 1338,3601 1378,3586 1419,3601 1725,3586 1769,3601 1791,3586 1838,3601 1886,3586 1907,3601 1966,3586 1999,3601 2017,3586 2166,3601 2196,3583 2298,3583 2316,3601 2462,3590 2476,3637 2466,3666 2363,3652 2294,3666 2221,3648 2141,3663 2093,3648 1984,3652 1969,3666 1918,3648 1772,3648 1729,3663 1696,3648 1659,3666 1338,3655">
               <line>
      Renaud (parJoseph Alexis Louis Gaston) à Paris, reudel'Abbaye, 14, à
     </line>
            </zone>
            <zone xml:id="eSc_line_9018a399"
                  points="1273,3696 1276,3645 1342,3645 1397,3670 1455,3652 1506,3652 1528,3670 1656,3670 1696,3648 1743,3670 1772,3648 1918,3648 1940,3670 2006,3652 2050,3670 2083,3648 2112,3655 2123,3699 2093,3717 1973,3721 1276,3721">
               <line>
      Thèodore Dièmer, à Clerval (Doubs), de 6000+.
     </line>
            </zone>
            <zone xml:id="eSc_line_b2f7a976"
                  points="1331,3750 1335,3721 1368,3710 1448,3725 1634,3710 1685,3725 1743,3710 1904,3725 1937,3710 1969,3728 1995,3714 2112,3728 2188,3714 2287,3714 2301,3728 2334,3714 2447,3714 2462,3728 2535,3728 2546,3757 2484,3787 2418,3772 2192,3772 2174,3787 2126,3772 2042,3787 2013,3772 1335,3772">
               <line>
      Disser (par Claire) en religion soeur Marie Dominica, des Religieuses Dominicaines,
     </line>
            </zone>
            <zone xml:id="eSc_line_7eb85ea4"
                  points="1280,3816 1284,3768 1397,3787 1572,3787 1586,3772 1608,3787 1860,3787 1886,3772 1944,3787 1977,3768 2046,3787 2115,3768 2134,3787 2166,3787 2192,3768 2258,3768 2272,3783 2287,3768 2323,3783 2407,3768 2462,3787 2473,3819 2462,3841 2444,3827 2320,3827 2294,3841 2159,3827 2050,3827 2035,3841 1988,3827 1437,3841 1422,3827 1368,3827 1353,3841 1284,3841">
               <line>
      à Billancourt (Seine) ruede Meudon, 64 àMarie Kay, à Wissembourg, pr recir SSon
     </line>
            </zone>
            <zone xml:id="eSc_line_2fb99cad"
                  points="1349,3860 1371,3823 1408,3838 1685,3827 1721,3841 1791,3841 1809,3827 1842,3841 1962,3827 2039,3841 2090,3827 2196,3845 2451,3830 2462,3870 2451,3900 2378,3885 2115,3885 2061,3900 2028,3885 1995,3900 1933,3885 1875,3900 1546,3881 1484,3896 1353,3889">
               <line>
      Stè française d'Exploitation forestière (dela) à Paris, rue Joubert, 35
     </line>
            </zone>
            <zone xml:id="eSc_line_4993ff93"
                  points="1331,3925 1346,3885 1389,3900 1532,3885 1634,3900 1696,3885 1751,3900 1769,3885 1827,3900 1853,3885 1893,3903 1911,3889 1948,3903 2020,3889 2042,3903 2101,3889 2188,3889 2203,3903 2378,3889 2396,3903 2440,3896 2451,3932 2433,3954 2228,3962 2170,3947 1809,3958 1794,3943 1776,3958 1335,3958">
               <line>
      Van de Velde (de Josèphine Marie) rue Cler 30, Ve de Fèlix Louis Devillers
     </line>
            </zone>
            <zone xml:id="eSc_line_dd1cd4fd"
                  points="1324,3983 1353,3947 1408,3962 1466,3947 1532,3962 1572,3947 1608,3962 1707,3962 1725,3947 1761,3962 1787,3947 1845,3962 1933,3947 2013,3962 2035,3947 2170,3947 2207,3962 2462,3947 2480,3998 2469,4020 2334,4020 2320,4005 2177,4020 1958,4005 1699,4020 1597,4020 1579,4005 1492,4020 1440,4005 1419,4020 1368,4005 1327,4020">
               <line>
      Dougé (donnèe parCharles Subran, à Jaemel (Haïti) tuteur de AugustePoux
     </line>
            </zone>
            <zone xml:id="eSc_line_6be9b605"
                  points="1346,4053 1349,4016 1371,4005 1415,4020 1444,4005 1492,4020 1575,4005 1594,4020 1787,4005 1824,4020 1948,4005 1977,4020 2177,4020 2265,4005 2283,4020 2323,4009 2345,4056 2334,4100 2301,4115 2199,4089 1937,4089 1907,4115 1769,4115 1725,4089 1696,4115 1663,4115 1637,4089 1594,4107 1539,4089 1444,4115 1415,4093 1349,4115">
               <line>
      Poullain (de Augustin Georges) à Paris, 44 ruede Turbigo
     </line>
            </zone>
         </surface>
      </surfaceGrp>
      <surfaceGrp xml:id="eSc_textblock_a5c20245" type="structure_{type:col_6;}">
         <surface>
            <graphic url="FRAN_0025_0227_L-0.jpg" width="2933px" height="4374px"/>
            <zone xml:id="eSc_line_802349bc"
                  points="2513,729 2549,699 2568,729 2560,750 2520,765">
               <line>
      "
     </line>
            </zone>
            <zone xml:id="eSc_line_b4058b24"
                  points="2520,790 2528,765 2564,754 2564,823 2528,823">
               <line>
      "
     </line>
            </zone>
            <zone xml:id="eSc_line_694fff5f"
                  points="2524,845 2535,816 2571,841 2564,860 2531,860">
               <line>
      "
     </line>
            </zone>
            <zone xml:id="eSc_line_a58155df"
                  points="2517,914 2520,878 2549,867 2557,944 2524,933">
               <line>
      "
     </line>
            </zone>
            <zone xml:id="eSc_line_e3df1630"
                  points="2502,1020 2517,980 2575,987 2575,1042 2531,1057 2509,1038">
               <line>
      19
     </line>
            </zone>
            <zone xml:id="eSc_line_357fc315"
                  points="2484,1144 2487,1104 2568,1100 2571,1191 2491,1195">
               <line>
      22
     </line>
            </zone>
            <zone xml:id="eSc_line_6a5fd4ef"
                  points="2498,1253 2524,1228 2582,1232 2590,1253 2582,1279 2506,1286">
               <line>
      22
     </line>
            </zone>
            <zone xml:id="eSc_line_e0b77372"
                  points="2520,1326 2528,1308 2568,1304 2568,1341 2528,1345">
               <line>
      "
     </line>
            </zone>
            <zone xml:id="eSc_line_af08060c"
                  points="2502,1439 2509,1406 2575,1399 2575,1472 2509,1465">
               <line>
      21
     </line>
            </zone>
            <zone xml:id="eSc_line_630c30ad"
                  points="2484,1541 2524,1516 2546,1516 2568,1541 2560,1578 2491,1592">
               <line>
      21
     </line>
            </zone>
            <zone xml:id="eSc_line_ffa9c66b"
                  points="2513,1625 2520,1592 2564,1592 2564,1636 2520,1640">
               <line>
      "
     </line>
            </zone>
            <zone xml:id="eSc_line_fb0b085a"
                  points="2513,1680 2546,1651 2564,1683 2517,1698">
               <line>
      "
     </line>
            </zone>
            <zone xml:id="eSc_line_6d3d4e10"
                  points="2513,1793 2517,1767 2557,1760 2560,1826 2520,1807">
               <line>
      "
     </line>
            </zone>
            <zone xml:id="eSc_line_c6e1316a"
                  points="2517,1851 2524,1815 2564,1851 2557,1869 2524,1873">
               <line>
      "
     </line>
            </zone>
            <zone xml:id="eSc_line_8f668265"
                  points="2524,1917 2531,1891 2564,1884 2564,1942 2531,1942">
               <line>
      "
     </line>
            </zone>
            <zone xml:id="eSc_line_74de8ab6"
                  points="2520,1971 2528,1950 2568,1942 2568,2019 2528,2015">
               <line>
      "
     </line>
            </zone>
            <zone xml:id="eSc_line_549fd1e4"
                  points="2509,2095 2524,2066 2575,2081 2586,2099 2513,2121">
               <line>
      "
     </line>
            </zone>
            <zone xml:id="eSc_line_acf69e9f"
                  points="2513,2157 2520,2132 2557,2139 2564,2157 2557,2197 2520,2190">
               <line>
      "
     </line>
            </zone>
            <zone xml:id="eSc_line_7de9ee58"
                  points="2513,2321 2531,2292 2590,2303 2597,2321 2590,2354 2520,2361">
               <line>
      23
     </line>
            </zone>
            <zone xml:id="eSc_line_e0c12777"
                  points="2513,2445 2520,2423 2546,2420 2546,2482 2520,2471">
               <line>
      "
     </line>
            </zone>
            <zone xml:id="eSc_line_a9f1b399"
                  points="2498,2500 2524,2478 2564,2474 2582,2500 2575,2536 2506,2533">
               <line>
      25
     </line>
            </zone>
            <zone xml:id="eSc_line_4aba1164"
                  points="2498,2566 2506,2533 2546,2525 2568,2536 2575,2569 2564,2602 2502,2602">
               <line>
      23
     </line>
            </zone>
            <zone xml:id="eSc_line_a4f629a3"
                  points="2498,2624 2506,2606 2546,2606 2579,2631 2564,2668 2502,2660">
               <line>
      "
     </line>
            </zone>
            <zone xml:id="eSc_line_4441a91c"
                  points="2502,2741 2509,2711 2564,2722 2571,2741 2564,2766 2509,2766">
               <line>
      1
     </line>
            </zone>
            <zone xml:id="eSc_line_2719fd7d"
                  points="2498,2919 2509,2879 2560,2883 2575,2916 2560,2970 2506,2967">
               <line>
      29
     </line>
            </zone>
            <zone xml:id="eSc_line_8e446096"
                  points="2513,3039 2520,2999 2564,3010 2575,3036 2568,3076 2520,3069">
               <line>
      28
     </line>
            </zone>
            <zone xml:id="eSc_line_9c309607"
                  points="2498,3156 2506,3138 2539,3131 2564,3156 2557,3203 2506,3203">
               <line>
      "
     </line>
            </zone>
            <zone xml:id="eSc_line_cff56e75"
                  points="2509,3276 2546,3251 2575,3280 2513,3302">
               <line>
      "
     </line>
            </zone>
            <zone xml:id="eSc_line_a0674bf6"
                  points="2498,3397 2506,3375 2542,3371 2571,3375 2579,3400 2568,3415 2502,3415">
               <line>
      "
     </line>
            </zone>
            <zone xml:id="eSc_line_0db86d09"
                  points="2509,3459 2517,3419 2542,3411 2546,3488 2517,3484">
               <line>
      "
     </line>
            </zone>
            <zone xml:id="eSc_line_a80d8499"
                  points="2502,3564 2517,3484 2590,3488 2582,3619 2506,3612">
               <line>
      25
     </line>
            </zone>
            <zone xml:id="eSc_line_c7c4a604"
                  points="2498,3692 2506,3659 2582,3652 2582,3739 2542,3721 2506,3732">
               <line>
      30
     </line>
            </zone>
            <zone xml:id="eSc_line_846fa6e9"
                  points="2509,3819 2517,3779 2553,3772 2553,3860 2517,3856">
               <line>
      "
     </line>
            </zone>
            <zone xml:id="eSc_line_a52ca5e2"
                  points="2509,3878 2524,3852 2557,3860 2564,3878 2557,3911 2517,3903">
               <line>
      "
     </line>
            </zone>
            <zone xml:id="eSc_line_c6fa5192"
                  points="2509,3943 2517,3903 2546,3907 2546,3969 2517,3965">
               <line>
      "
     </line>
            </zone>
            <zone xml:id="eSc_line_5157b065"
                  points="2509,3998 2517,3965 2549,3962 2557,3998 2517,4031">
               <line>
      "
     </line>
            </zone>
            <zone xml:id="eSc_line_c5e992b9"
                  points="2517,4053 2542,4035 2568,4056 2557,4082 2520,4082">
               <line>
      "
     </line>
            </zone>
         </surface>
      </surfaceGrp>
      <surfaceGrp xml:id="eSc_textblock_e060024a" type="structure_{type:col_7;}">
         <surface>
            <graphic url="FRAN_0025_0227_L-0.jpg" width="2933px" height="4374px"/>
            <zone xml:id="eSc_line_2ef90e27"
                  points="2644,721 2677,699 2787,699 2805,725 2787,750 2648,743">
               <line>
      " "
     </line>
            </zone>
            <zone xml:id="eSc_line_273333cc"
                  points="2659,783 2666,758 2739,747 2790,761 2798,794 2754,812 2663,809">
               <line>
      " "
     </line>
            </zone>
            <zone xml:id="eSc_line_550ddf4e"
                  points="2652,845 2659,809 2710,827 2772,809 2805,841 2798,885 2776,893 2721,893 2706,878 2659,889">
               <line>
      " "
     </line>
            </zone>
            <zone xml:id="eSc_line_3875f920"
                  points="2644,903 2681,885 2787,885 2798,911 2750,944 2648,940">
               <line>
      " "
     </line>
            </zone>
            <zone xml:id="eSc_line_527a2ffc"
                  points="2673,1024 2677,940 2703,940 2750,980 2787,980 2798,1020 2787,1049 2677,1049">
               <line>
      3 75
     </line>
            </zone>
            <zone xml:id="eSc_line_a9237797"
                  points="2641,1133 2648,1104 2768,1100 2779,1140 2761,1177 2644,1166">
               <line>
      350 "
     </line>
            </zone>
            <zone xml:id="eSc_line_9a22f5c1"
                  points="2644,1264 2663,1224 2728,1239 2776,1228 2776,1286 2652,1293">
               <line>
      375 "
     </line>
            </zone>
            <zone xml:id="eSc_line_77ea7297"
                  points="2637,1330 2641,1301 2776,1283 2798,1323 2783,1341 2644,1334">
               <line>
      " "
     </line>
            </zone>
            <zone xml:id="eSc_line_1a8d4a92"
                  points="2666,1439 2673,1399 2801,1403 2801,1461 2768,1476 2736,1461 2714,1476 2673,1468">
               <line>
      7 50
     </line>
            </zone>
            <zone xml:id="eSc_line_70979636"
                  points="2652,1563 2659,1538 2721,1523 2790,1538 2798,1563 2776,1589 2659,1585">
               <line>
      " "
     </line>
            </zone>
            <zone xml:id="eSc_line_815bf469"
                  points="2641,1625 2644,1581 2670,1596 2692,1581 2768,1596 2794,1578 2805,1618 2776,1647 2644,1643">
               <line>
      " "
     </line>
            </zone>
            <zone xml:id="eSc_line_59b36788"
                  points="2644,1676 2663,1658 2779,1647 2801,1680 2790,1745 2648,1756">
               <line>
      " "
     </line>
            </zone>
            <zone xml:id="eSc_line_20b47b4c"
                  points="2644,1796 2648,1760 2772,1753 2776,1818 2652,1811">
               <line>
      " "
     </line>
            </zone>
            <zone xml:id="eSc_line_c67add9d"
                  points="2641,1858 2648,1829 2721,1804 2787,1822 2794,1862 2761,1877 2644,1869">
               <line>
      " "
     </line>
            </zone>
            <zone xml:id="eSc_line_b26e1e68"
                  points="2644,1913 2659,1891 2725,1888 2783,1895 2801,1913 2794,1939 2768,1931 2750,1946 2652,1935">
               <line>
      " "
     </line>
            </zone>
            <zone xml:id="eSc_line_48ecb324"
                  points="2630,1979 2637,1946 2699,1964 2783,1957 2798,1979 2790,2063 2637,2055">
               <line>
      " "
     </line>
            </zone>
            <zone xml:id="eSc_line_f0abae76"
                  points="2648,2095 2666,2055 2790,2063 2790,2110 2655,2110">
               <line>
      " "
     </line>
            </zone>
            <zone xml:id="eSc_line_4e258e25"
                  points="2644,2150 2659,2132 2783,2135 2805,2161 2739,2179 2695,2165 2648,2172">
               <line>
      " "
     </line>
            </zone>
            <zone xml:id="eSc_line_591dc89f"
                  points="2673,2321 2681,2296 2801,2289 2812,2325 2801,2391 2721,2391 2677,2369">
               <line>
      3 75
     </line>
            </zone>
            <zone xml:id="eSc_line_eb42179f"
                  points="2652,2445 2663,2380 2801,2391 2798,2474 2765,2464 2739,2485 2692,2467 2655,2478">
               <line>
      " "
     </line>
            </zone>
            <zone xml:id="eSc_line_d8d34101"
                  points="2688,2507 2695,2467 2717,2485 2750,2485 2768,2467 2798,2474 2805,2507 2783,2540 2695,2529">
               <line>
      3 75
     </line>
            </zone>
            <zone xml:id="eSc_line_c47a5b98"
                  points="2677,2566 2684,2544 2739,2533 2801,2544 2808,2569 2798,2595 2743,2617 2681,2617">
               <line>
      1 88
     </line>
            </zone>
            <zone xml:id="eSc_line_c1f23719"
                  points="2655,2635 2663,2609 2765,2609 2801,2635 2794,2657 2663,2657">
               <line>
      " "
     </line>
            </zone>
            <zone xml:id="eSc_line_bf071357"
                  points="2637,2741 2652,2704 2787,2704 2808,2737 2801,2781 2761,2792 2644,2766">
               <line>
      62 50
     </line>
            </zone>
            <zone xml:id="eSc_line_e334371d"
                  points="2619,2919 2622,2894 2652,2886 2794,2890 2805,2916 2794,2970 2776,2956 2743,2970 2626,2956">
               <line>
      422 80
     </line>
            </zone>
            <zone xml:id="eSc_line_5a4813c5"
                  points="2630,3039 2648,2963 2794,2963 2787,3080 2633,3076">
               <line>
      Gratis
     </line>
            </zone>
            <zone xml:id="eSc_line_5f12092b"
                  points="2644,3160 2659,3138 2692,3131 2805,3156 2790,3185 2761,3193 2721,3178 2652,3193">
               <line>
      " "
     </line>
            </zone>
            <zone xml:id="eSc_line_67b5e813"
                  points="2637,3273 2699,3247 2798,3247 2805,3273 2798,3309 2739,3295 2644,3306">
               <line>
      " "
     </line>
            </zone>
            <zone xml:id="eSc_line_f804ebef"
                  points="2648,3382 2663,3349 2746,3346 2787,3360 2794,3393 2706,3426 2652,3415">
               <line>
      " "
     </line>
            </zone>
            <zone xml:id="eSc_line_5283fc81"
                  points="2637,3466 2644,3422 2670,3437 2728,3422 2798,3433 2805,3466 2787,3484 2728,3473 2644,3488">
               <line>
      " "
     </line>
            </zone>
            <zone xml:id="eSc_line_2bb389ec"
                  points="2670,3568 2703,3535 2783,3539 2812,3568 2805,3608 2768,3593 2677,3608">
               <line>
      3 75
     </line>
            </zone>
            <zone xml:id="eSc_line_dd933c66"
                  points="2659,3699 2673,3655 2739,3648 2801,3663 2798,3725 2666,3736">
               <line>
      75 "
     </line>
            </zone>
            <zone xml:id="eSc_line_75cd003f"
                  points="2641,3819 2644,3794 2684,3794 2743,3747 2776,3747 2772,3852 2728,3852 2710,3834 2644,3841">
               <line>
      " "
     </line>
            </zone>
            <zone xml:id="eSc_line_03844a3f"
                  points="2644,3878 2648,3838 2684,3830 2728,3856 2787,3856 2798,3874 2787,3900 2717,3889 2648,3903">
               <line>
      " "
     </line>
            </zone>
            <zone xml:id="eSc_line_8f3c2730"
                  points="2641,3940 2648,3914 2790,3914 2798,3940 2779,3962 2648,3965">
               <line>
      " "
     </line>
            </zone>
            <zone xml:id="eSc_line_214f35ef"
                  points="2637,3998 2641,3976 2765,3954 2787,3962 2798,3994 2739,4038 2641,4020">
               <line>
      " "
     </line>
            </zone>
            <zone xml:id="eSc_line_7f32fd23"
                  points="2633,4064 2641,4027 2688,4045 2794,4038 2801,4064 2794,4319 2641,4315">
               <line>
      " "
     </line>
            </zone>
         </surface>
      </surfaceGrp>
   </sourceDoc>
</TEI>
